"codmun","municipio","uf","regiao","cod_r_saude","r_saude","cod_macro_r_saude","macro_r_saude"
110001,"Alta Floresta D'Oeste","Rondônia","Norte","11005","Zona Da Mata","11005","MACRORREGIONAL II (CACOAL)"
110037,"Alto Alegre dos Parecis","Rondônia","Norte","11005","Zona Da Mata","11005","MACRORREGIONAL II (CACOAL)"
110040,"Alto Paraíso","Rondônia","Norte","11001","Vale Do Jamari","11001","MACRORREGIAO I - PORTO VELHO"
110034,"Alvorada D'Oeste","Rondônia","Norte","11003","Central","11003","MACRORREGIONAL II (CACOAL)"
110002,"Ariquemes","Rondônia","Norte","11001","Vale Do Jamari","11001","MACRORREGIAO I - PORTO VELHO"
110045,"Buritis","Rondônia","Norte","11001","Vale Do Jamari","11001","MACRORREGIAO I - PORTO VELHO"
110003,"Cabixi","Rondônia","Norte","11006","Cone Sul","11006","MACRORREGIONAL II (CACOAL)"
110060,"Cacaulândia","Rondônia","Norte","11001","Vale Do Jamari","11001","MACRORREGIAO I - PORTO VELHO"
110004,"Cacoal","Rondônia","Norte","11002","Cafe","11002","MACRORREGIONAL II (CACOAL)"
110070,"Campo Novo de Rondônia","Rondônia","Norte","11001","Vale Do Jamari","11001","MACRORREGIAO I - PORTO VELHO"
110080,"Candeias do Jamari","Rondônia","Norte","11004","Madeira-Mamore","11004","MACRORREGIAO I - PORTO VELHO"
110090,"Castanheiras","Rondônia","Norte","11005","Zona Da Mata","11005","MACRORREGIONAL II (CACOAL)"
110005,"Cerejeiras","Rondônia","Norte","11006","Cone Sul","11006","MACRORREGIONAL II (CACOAL)"
110092,"Chupinguaia","Rondônia","Norte","11006","Cone Sul","11006","MACRORREGIONAL II (CACOAL)"
110006,"Colorado do Oeste","Rondônia","Norte","11006","Cone Sul","11006","MACRORREGIONAL II (CACOAL)"
110007,"Corumbiara","Rondônia","Norte","11006","Cone Sul","11006","MACRORREGIONAL II (CACOAL)"
110008,"Costa Marques","Rondônia","Norte","11007","Vale Do Guapore","11007","MACRORREGIONAL II (CACOAL)"
110094,"Cujubim","Rondônia","Norte","11001","Vale Do Jamari","11001","MACRORREGIAO I - PORTO VELHO"
110009,"Espigão D'Oeste","Rondônia","Norte","11002","Cafe","11002","MACRORREGIONAL II (CACOAL)"
110100,"Governador Jorge Teixeira","Rondônia","Norte","11003","Central","11003","MACRORREGIAO I - PORTO VELHO"
110010,"Guajará-Mirim","Rondônia","Norte","11004","Madeira-Mamore","11004","MACRORREGIAO I - PORTO VELHO"
110110,"Itapuã do Oeste","Rondônia","Norte","11004","Madeira-Mamore","11004","MACRORREGIAO I - PORTO VELHO"
110011,"Jaru","Rondônia","Norte","11003","Central","11003","MACRORREGIAO I - PORTO VELHO"
110012,"Ji-Paraná","Rondônia","Norte","11003","Central","11003","MACRORREGIONAL II (CACOAL)"
110013,"Machadinho D'Oeste","Rondônia","Norte","11001","Vale Do Jamari","11001","MACRORREGIAO I - PORTO VELHO"
110120,"Ministro Andreazza","Rondônia","Norte","11002","Cafe","11002","MACRORREGIONAL II (CACOAL)"
110130,"Mirante da Serra","Rondônia","Norte","11003","Central","11003","MACRORREGIONAL II (CACOAL)"
110140,"Monte Negro","Rondônia","Norte","11001","Vale Do Jamari","11001","MACRORREGIAO I - PORTO VELHO"
110014,"Nova Brasilândia D'Oeste","Rondônia","Norte","11005","Zona Da Mata","11005","MACRORREGIONAL II (CACOAL)"
110033,"Nova Mamoré","Rondônia","Norte","11004","Madeira-Mamore","11004","MACRORREGIAO I - PORTO VELHO"
110143,"Nova União","Rondônia","Norte","11003","Central","11003","MACRORREGIONAL II (CACOAL)"
110050,"Novo Horizonte do Oeste","Rondônia","Norte","11005","Zona Da Mata","11005","MACRORREGIONAL II (CACOAL)"
110015,"Ouro Preto do Oeste","Rondônia","Norte","11003","Central","11003","MACRORREGIONAL II (CACOAL)"
110145,"Parecis","Rondônia","Norte","11005","Zona Da Mata","11005","MACRORREGIONAL II (CACOAL)"
110018,"Pimenta Bueno","Rondônia","Norte","11002","Cafe","11002","MACRORREGIONAL II (CACOAL)"
110146,"Pimenteiras do Oeste","Rondônia","Norte","11006","Cone Sul","11006","MACRORREGIONAL II (CACOAL)"
110020,"Porto Velho","Rondônia","Norte","11004","Madeira-Mamore","11004","MACRORREGIAO I - PORTO VELHO"
110025,"Presidente Médici","Rondônia","Norte","11003","Central","11003","MACRORREGIONAL II (CACOAL)"
110147,"Primavera de Rondônia","Rondônia","Norte","11002","Cafe","11002","MACRORREGIONAL II (CACOAL)"
110026,"Rio Crespo","Rondônia","Norte","11001","Vale Do Jamari","11001","MACRORREGIAO I - PORTO VELHO"
110028,"Rolim de Moura","Rondônia","Norte","11005","Zona Da Mata","11005","MACRORREGIONAL II (CACOAL)"
110029,"Santa Luzia D'Oeste","Rondônia","Norte","11005","Zona Da Mata","11005","MACRORREGIONAL II (CACOAL)"
110148,"São Felipe D'Oeste","Rondônia","Norte","11002","Cafe","11002","MACRORREGIONAL II (CACOAL)"
110149,"São Francisco do Guaporé","Rondônia","Norte","11007","Vale Do Guapore","11007","MACRORREGIONAL II (CACOAL)"
110032,"São Miguel do Guaporé","Rondônia","Norte","11003","Central","11003","MACRORREGIONAL II (CACOAL)"
110150,"Seringueiras","Rondônia","Norte","11007","Vale Do Guapore","11007","MACRORREGIONAL II (CACOAL)"
110155,"Teixeirópolis","Rondônia","Norte","11003","Central","11003","MACRORREGIONAL II (CACOAL)"
110160,"Theobroma","Rondônia","Norte","11003","Central","11003","MACRORREGIAO I - PORTO VELHO"
110170,"Urupá","Rondônia","Norte","11003","Central","11003","MACRORREGIONAL II (CACOAL)"
110175,"Vale do Anari","Rondônia","Norte","11003","Central","11003","MACRORREGIAO I - PORTO VELHO"
110180,"Vale do Paraíso","Rondônia","Norte","11003","Central","11003","MACRORREGIONAL II (CACOAL)"
110030,"Vilhena","Rondônia","Norte","11006","Cone Sul","11006","MACRORREGIONAL II (CACOAL)"
120001,"Acrelândia","Acre","Norte","12002","Baixo Acre E Purus","12002","MACRO UNICA - AC"
120005,"Assis Brasil","Acre","Norte","12001","Alto Acre","12001","MACRO UNICA - AC"
120010,"Brasiléia","Acre","Norte","12001","Alto Acre","12001","MACRO UNICA - AC"
120013,"Bujari","Acre","Norte","12002","Baixo Acre E Purus","12002","MACRO UNICA - AC"
120017,"Capixaba","Acre","Norte","12002","Baixo Acre E Purus","12002","MACRO UNICA - AC"
120020,"Cruzeiro do Sul","Acre","Norte","12003","Jurua E Tarauaca Envira","12003","MACRO UNICA - AC"
120025,"Epitaciolândia","Acre","Norte","12001","Alto Acre","12001","MACRO UNICA - AC"
120030,"Feijó","Acre","Norte","12003","Jurua E Tarauaca Envira","12003","MACRO UNICA - AC"
120032,"Jordão","Acre","Norte","12002","Baixo Acre E Purus","12002","MACRO UNICA - AC"
120033,"Mâncio Lima","Acre","Norte","12003","Jurua E Tarauaca Envira","12003","MACRO UNICA - AC"
120034,"Manoel Urbano","Acre","Norte","12002","Baixo Acre E Purus","12002","MACRO UNICA - AC"
120035,"Marechal Thaumaturgo","Acre","Norte","12003","Jurua E Tarauaca Envira","12003","MACRO UNICA - AC"
120038,"Plácido de Castro","Acre","Norte","12002","Baixo Acre E Purus","12002","MACRO UNICA - AC"
120080,"Porto Acre","Acre","Norte","12002","Baixo Acre E Purus","12002","MACRO UNICA - AC"
120039,"Porto Walter","Acre","Norte","12003","Jurua E Tarauaca Envira","12003","MACRO UNICA - AC"
120040,"Rio Branco","Acre","Norte","12002","Baixo Acre E Purus","12002","MACRO UNICA - AC"
120042,"Rodrigues Alves","Acre","Norte","12003","Jurua E Tarauaca Envira","12003","MACRO UNICA - AC"
120043,"Santa Rosa do Purus","Acre","Norte","12002","Baixo Acre E Purus","12002","MACRO UNICA - AC"
120050,"Sena Madureira","Acre","Norte","12002","Baixo Acre E Purus","12002","MACRO UNICA - AC"
120045,"Senador Guiomard","Acre","Norte","12002","Baixo Acre E Purus","12002","MACRO UNICA - AC"
120060,"Tarauacá","Acre","Norte","12003","Jurua E Tarauaca Envira","12003","MACRO UNICA - AC"
120070,"Xapuri","Acre","Norte","12001","Alto Acre","12001","MACRO UNICA - AC"
130002,"Alvarães","Amazonas","Norte","13008","Triangulo","13008","OESTE"
130006,"Amaturá","Amazonas","Norte","13009","Alto Solimoes","13009","OESTE"
130008,"Anamã","Amazonas","Norte","13002","Rio Negro E Solimoes","13002","CENTRAL"
130010,"Anori","Amazonas","Norte","13002","Rio Negro E Solimoes","13002","CENTRAL"
130014,"Apuí","Amazonas","Norte","13003","Rio Madeira","13003","LESTE"
130020,"Atalaia do Norte","Amazonas","Norte","13009","Alto Solimoes","13009","OESTE"
130030,"Autazes","Amazonas","Norte","13001","Manaus, Entorno E Alto Rio Negro","13001","CENTRAL"
130040,"Barcelos","Amazonas","Norte","13001","Manaus, Entorno E Alto Rio Negro","13001","CENTRAL"
130050,"Barreirinha","Amazonas","Norte","13005","Baixo Amazonas","13005","LESTE"
130060,"Benjamin Constant","Amazonas","Norte","13009","Alto Solimoes","13009","OESTE"
130063,"Beruri","Amazonas","Norte","13002","Rio Negro E Solimoes","13002","CENTRAL"
130068,"Boa Vista do Ramos","Amazonas","Norte","13005","Baixo Amazonas","13005","LESTE"
130070,"Boca do Acre","Amazonas","Norte","13006","Regional Purus","13006","CENTRAL"
130080,"Borba","Amazonas","Norte","13003","Rio Madeira","13003","LESTE"
130083,"Caapiranga","Amazonas","Norte","13002","Rio Negro E Solimoes","13002","CENTRAL"
130090,"Canutama","Amazonas","Norte","13006","Regional Purus","13006","CENTRAL"
130100,"Carauari","Amazonas","Norte","13007","Regional Jurua","13007","OESTE"
130110,"Careiro","Amazonas","Norte","13001","Manaus, Entorno E Alto Rio Negro","13001","CENTRAL"
130115,"Careiro da Várzea","Amazonas","Norte","13001","Manaus, Entorno E Alto Rio Negro","13001","CENTRAL"
130120,"Coari","Amazonas","Norte","13002","Rio Negro E Solimoes","13002","CENTRAL"
130130,"Codajás","Amazonas","Norte","13002","Rio Negro E Solimoes","13002","CENTRAL"
130140,"Eirunepé","Amazonas","Norte","13007","Regional Jurua","13007","OESTE"
130150,"Envira","Amazonas","Norte","13007","Regional Jurua","13007","OESTE"
130160,"Fonte Boa","Amazonas","Norte","13009","Alto Solimoes","13009","OESTE"
130165,"Guajará","Amazonas","Norte","13007","Regional Jurua","13007","OESTE"
130170,"Humaitá","Amazonas","Norte","13003","Rio Madeira","13003","LESTE"
130180,"Ipixuna","Amazonas","Norte","13007","Regional Jurua","13007","OESTE"
130185,"Iranduba","Amazonas","Norte","13001","Manaus, Entorno E Alto Rio Negro","13001","CENTRAL"
130190,"Itacoatiara","Amazonas","Norte","13004","Medio Amazonas","13004","LESTE"
130195,"Itamarati","Amazonas","Norte","13007","Regional Jurua","13007","OESTE"
130200,"Itapiranga","Amazonas","Norte","13004","Medio Amazonas","13004","LESTE"
130210,"Japurá","Amazonas","Norte","13008","Triangulo","13008","OESTE"
130220,"Juruá","Amazonas","Norte","13008","Triangulo","13008","OESTE"
130230,"Jutaí","Amazonas","Norte","13009","Alto Solimoes","13009","OESTE"
130240,"Lábrea","Amazonas","Norte","13006","Regional Purus","13006","CENTRAL"
130250,"Manacapuru","Amazonas","Norte","13002","Rio Negro E Solimoes","13002","CENTRAL"
130255,"Manaquiri","Amazonas","Norte","13001","Manaus, Entorno E Alto Rio Negro","13001","CENTRAL"
130260,"Manaus","Amazonas","Norte","13001","Manaus, Entorno E Alto Rio Negro","13001","CENTRAL"
130270,"Manicoré","Amazonas","Norte","13003","Rio Madeira","13003","LESTE"
130280,"Maraã","Amazonas","Norte","13008","Triangulo","13008","OESTE"
130290,"Maués","Amazonas","Norte","13005","Baixo Amazonas","13005","LESTE"
130300,"Nhamundá","Amazonas","Norte","13005","Baixo Amazonas","13005","LESTE"
130310,"Nova Olinda do Norte","Amazonas","Norte","13001","Manaus, Entorno E Alto Rio Negro","13001","CENTRAL"
130320,"Novo Airão","Amazonas","Norte","13002","Rio Negro E Solimoes","13002","CENTRAL"
130330,"Novo Aripuanã","Amazonas","Norte","13003","Rio Madeira","13003","LESTE"
130340,"Parintins","Amazonas","Norte","13005","Baixo Amazonas","13005","LESTE"
130350,"Pauini","Amazonas","Norte","13006","Regional Purus","13006","CENTRAL"
130353,"Presidente Figueiredo","Amazonas","Norte","13001","Manaus, Entorno E Alto Rio Negro","13001","CENTRAL"
130356,"Rio Preto da Eva","Amazonas","Norte","13001","Manaus, Entorno E Alto Rio Negro","13001","CENTRAL"
130360,"Santa Isabel do Rio Negro","Amazonas","Norte","13001","Manaus, Entorno E Alto Rio Negro","13001","CENTRAL"
130370,"Santo Antônio do Içá","Amazonas","Norte","13009","Alto Solimoes","13009","OESTE"
130380,"São Gabriel da Cachoeira","Amazonas","Norte","13001","Manaus, Entorno E Alto Rio Negro","13001","CENTRAL"
130390,"São Paulo de Olivença","Amazonas","Norte","13009","Alto Solimoes","13009","OESTE"
130395,"São Sebastião do Uatumã","Amazonas","Norte","13004","Medio Amazonas","13004","LESTE"
130400,"Silves","Amazonas","Norte","13004","Medio Amazonas","13004","LESTE"
130406,"Tabatinga","Amazonas","Norte","13009","Alto Solimoes","13009","OESTE"
130410,"Tapauá","Amazonas","Norte","13006","Regional Purus","13006","CENTRAL"
130420,"Tefé","Amazonas","Norte","13008","Triangulo","13008","OESTE"
130423,"Tonantins","Amazonas","Norte","13009","Alto Solimoes","13009","OESTE"
130426,"Uarini","Amazonas","Norte","13008","Triangulo","13008","OESTE"
130430,"Urucará","Amazonas","Norte","13004","Medio Amazonas","13004","LESTE"
130440,"Urucurituba","Amazonas","Norte","13004","Medio Amazonas","13004","LESTE"
140005,"Alto Alegre","Roraima","Norte","14001","Centro Norte","14001","MACRO-RORAIMA"
140002,"Amajari","Roraima","Norte","14001","Centro Norte","14001","MACRO-RORAIMA"
140010,"Boa Vista","Roraima","Norte","14001","Centro Norte","14001","MACRO-RORAIMA"
140015,"Bonfim","Roraima","Norte","14001","Centro Norte","14001","MACRO-RORAIMA"
140017,"Cantá","Roraima","Norte","14001","Centro Norte","14001","MACRO-RORAIMA"
140020,"Caracaraí","Roraima","Norte","14002","Sul","14002","MACRO-RORAIMA"
140023,"Caroebe","Roraima","Norte","14002","Sul","14002","MACRO-RORAIMA"
140028,"Iracema","Roraima","Norte","14002","Sul","14002","MACRO-RORAIMA"
140030,"Mucajaí","Roraima","Norte","14001","Centro Norte","14001","MACRO-RORAIMA"
140040,"Normandia","Roraima","Norte","14001","Centro Norte","14001","MACRO-RORAIMA"
140045,"Pacaraima","Roraima","Norte","14001","Centro Norte","14001","MACRO-RORAIMA"
140047,"Rorainópolis","Roraima","Norte","14002","Sul","14002","MACRO-RORAIMA"
140050,"São João da Baliza","Roraima","Norte","14002","Sul","14002","MACRO-RORAIMA"
140060,"São Luiz","Roraima","Norte","14002","Sul","14002","MACRO-RORAIMA"
140070,"Uiramutã","Roraima","Norte","14001","Centro Norte","14001","MACRO-RORAIMA"
150010,"Abaetetuba","Pará","Norte","15011","Tocantins","15011","MACRORREGIONAL I"
150013,"Abel Figueiredo","Pará","Norte","15003","Carajas","15003","MACRORREGIONAL IV"
150020,"Acará","Pará","Norte","15007","Metropolitana II","15007","MACRORREGIONAL II"
150030,"Afuá","Pará","Norte","15013","Marajo I","15013","MACRORREGIONAL I"
150034,"Água Azul do Norte","Pará","Norte","15001","Araguaia","15001","MACRORREGIONAL IV"
150040,"Alenquer","Pará","Norte","15002","Baixo Amazonas","15002","MACRORREGIONAL III"
150050,"Almeirim","Pará","Norte","15002","Baixo Amazonas","15002","MACRORREGIONAL III"
150060,"Altamira","Pará","Norte","15012","Xingu","15012","MACRORREGIONAL III"
150070,"Anajás","Pará","Norte","15014","Marajo II","15014","MACRORREGIONAL I"
150080,"Ananindeua","Pará","Norte","15006","Metropolitana I","15006","MACRORREGIONAL I"
150085,"Anapu","Pará","Norte","15012","Xingu","15012","MACRORREGIONAL III"
150090,"Augusto Corrêa","Pará","Norte","15009","Rio Caetes","15009","MACRORREGIONAL II"
150095,"Aurora do Pará","Pará","Norte","15008","Metropolitana III","15008","MACRORREGIONAL II"
150100,"Aveiro","Pará","Norte","15010","Tapajos","15010","MACRORREGIONAL III"
150110,"Bagre","Pará","Norte","15014","Marajo II","15014","MACRORREGIONAL I"
150120,"Baião","Pará","Norte","15011","Tocantins","15011","MACRORREGIONAL I"
150125,"Bannach","Pará","Norte","15001","Araguaia","15001","MACRORREGIONAL IV"
150130,"Barcarena","Pará","Norte","15011","Tocantins","15011","MACRORREGIONAL I"
150140,"Belém","Pará","Norte","15006","Metropolitana I","15006","MACRORREGIONAL I"
150145,"Belterra","Pará","Norte","15002","Baixo Amazonas","15002","MACRORREGIONAL III"
150150,"Benevides","Pará","Norte","15006","Metropolitana I","15006","MACRORREGIONAL I"
150157,"Bom Jesus do Tocantins","Pará","Norte","15003","Carajas","15003","MACRORREGIONAL IV"
150160,"Bonito","Pará","Norte","15009","Rio Caetes","15009","MACRORREGIONAL II"
150170,"Bragança","Pará","Norte","15009","Rio Caetes","15009","MACRORREGIONAL II"
150172,"Brasil Novo","Pará","Norte","15012","Xingu","15012","MACRORREGIONAL III"
150175,"Brejo Grande do Araguaia","Pará","Norte","15003","Carajas","15003","MACRORREGIONAL IV"
150178,"Breu Branco","Pará","Norte","15004","Lago De Tucurui","15004","MACRORREGIONAL IV"
150180,"Breves","Pará","Norte","15014","Marajo II","15014","MACRORREGIONAL I"
150190,"Bujaru","Pará","Norte","15007","Metropolitana II","15007","MACRORREGIONAL II"
150200,"Cachoeira do Arari","Pará","Norte","15013","Marajo I","15013","MACRORREGIONAL I"
150195,"Cachoeira do Piriá","Pará","Norte","15009","Rio Caetes","15009","MACRORREGIONAL II"
150210,"Cametá","Pará","Norte","15011","Tocantins","15011","MACRORREGIONAL I"
150215,"Canaã dos Carajás","Pará","Norte","15003","Carajas","15003","MACRORREGIONAL IV"
150220,"Capanema","Pará","Norte","15009","Rio Caetes","15009","MACRORREGIONAL II"
150230,"Capitão Poço","Pará","Norte","15008","Metropolitana III","15008","MACRORREGIONAL II"
150240,"Castanhal","Pará","Norte","15008","Metropolitana III","15008","MACRORREGIONAL II"
150250,"Chaves","Pará","Norte","15013","Marajo I","15013","MACRORREGIONAL I"
150260,"Colares","Pará","Norte","15007","Metropolitana II","15007","MACRORREGIONAL II"
150270,"Conceição do Araguaia","Pará","Norte","15001","Araguaia","15001","MACRORREGIONAL IV"
150275,"Concórdia do Pará","Pará","Norte","15007","Metropolitana II","15007","MACRORREGIONAL II"
150276,"Cumaru do Norte","Pará","Norte","15001","Araguaia","15001","MACRORREGIONAL IV"
150277,"Curionópolis","Pará","Norte","15003","Carajas","15003","MACRORREGIONAL IV"
150280,"Curralinho","Pará","Norte","15014","Marajo II","15014","MACRORREGIONAL I"
150285,"Curuá","Pará","Norte","15002","Baixo Amazonas","15002","MACRORREGIONAL III"
150290,"Curuçá","Pará","Norte","15008","Metropolitana III","15008","MACRORREGIONAL II"
150293,"Dom Eliseu","Pará","Norte","15003","Carajas","15003","MACRORREGIONAL IV"
150295,"Eldorado do Carajás","Pará","Norte","15003","Carajas","15003","MACRORREGIONAL IV"
150300,"Faro","Pará","Norte","15002","Baixo Amazonas","15002","MACRORREGIONAL III"
150304,"Floresta do Araguaia","Pará","Norte","15001","Araguaia","15001","MACRORREGIONAL IV"
150307,"Garrafão do Norte","Pará","Norte","15008","Metropolitana III","15008","MACRORREGIONAL II"
150309,"Goianésia do Pará","Pará","Norte","15004","Lago De Tucurui","15004","MACRORREGIONAL IV"
150310,"Gurupá","Pará","Norte","15014","Marajo II","15014","MACRORREGIONAL I"
150320,"Igarapé-Açu","Pará","Norte","15008","Metropolitana III","15008","MACRORREGIONAL II"
150330,"Igarapé-Miri","Pará","Norte","15011","Tocantins","15011","MACRORREGIONAL I"
150340,"Inhangapi","Pará","Norte","15008","Metropolitana III","15008","MACRORREGIONAL II"
150345,"Ipixuna do Pará","Pará","Norte","15008","Metropolitana III","15008","MACRORREGIONAL II"
150350,"Irituia","Pará","Norte","15008","Metropolitana III","15008","MACRORREGIONAL II"
150360,"Itaituba","Pará","Norte","15010","Tapajos","15010","MACRORREGIONAL III"
150370,"Itupiranga","Pará","Norte","15003","Carajas","15003","MACRORREGIONAL IV"
150375,"Jacareacanga","Pará","Norte","15010","Tapajos","15010","MACRORREGIONAL III"
150380,"Jacundá","Pará","Norte","15004","Lago De Tucurui","15004","MACRORREGIONAL IV"
150390,"Juruti","Pará","Norte","15002","Baixo Amazonas","15002","MACRORREGIONAL III"
150400,"Limoeiro do Ajuru","Pará","Norte","15011","Tocantins","15011","MACRORREGIONAL I"
150405,"Mãe do Rio","Pará","Norte","15008","Metropolitana III","15008","MACRORREGIONAL II"
150410,"Magalhães Barata","Pará","Norte","15008","Metropolitana III","15008","MACRORREGIONAL II"
150420,"Marabá","Pará","Norte","15003","Carajas","15003","MACRORREGIONAL IV"
150430,"Maracanã","Pará","Norte","15008","Metropolitana III","15008","MACRORREGIONAL II"
150440,"Marapanim","Pará","Norte","15008","Metropolitana III","15008","MACRORREGIONAL II"
150442,"Marituba","Pará","Norte","15006","Metropolitana I","15006","MACRORREGIONAL I"
150445,"Medicilândia","Pará","Norte","15012","Xingu","15012","MACRORREGIONAL III"
150450,"Melgaço","Pará","Norte","15014","Marajo II","15014","MACRORREGIONAL I"
150460,"Mocajuba","Pará","Norte","15011","Tocantins","15011","MACRORREGIONAL I"
150470,"Moju","Pará","Norte","15011","Tocantins","15011","MACRORREGIONAL I"
150480,"Monte Alegre","Pará","Norte","15002","Baixo Amazonas","15002","MACRORREGIONAL III"
150490,"Muaná","Pará","Norte","15013","Marajo I","15013","MACRORREGIONAL I"
150495,"Nova Esperança do Piriá","Pará","Norte","15008","Metropolitana III","15008","MACRORREGIONAL II"
150497,"Nova Ipixuna","Pará","Norte","15003","Carajas","15003","MACRORREGIONAL IV"
150500,"Nova Timboteua","Pará","Norte","15009","Rio Caetes","15009","MACRORREGIONAL II"
150503,"Novo Progresso","Pará","Norte","15010","Tapajos","15010","MACRORREGIONAL III"
150506,"Novo Repartimento","Pará","Norte","15004","Lago De Tucurui","15004","MACRORREGIONAL IV"
150510,"Óbidos","Pará","Norte","15002","Baixo Amazonas","15002","MACRORREGIONAL III"
150520,"Oeiras do Pará","Pará","Norte","15011","Tocantins","15011","MACRORREGIONAL I"
150530,"Oriximiná","Pará","Norte","15002","Baixo Amazonas","15002","MACRORREGIONAL III"
150540,"Ourém","Pará","Norte","15009","Rio Caetes","15009","MACRORREGIONAL II"
150543,"Ourilândia do Norte","Pará","Norte","15001","Araguaia","15001","MACRORREGIONAL IV"
150548,"Pacajá","Pará","Norte","15012","Xingu","15012","MACRORREGIONAL III"
150549,"Palestina do Pará","Pará","Norte","15003","Carajas","15003","MACRORREGIONAL IV"
150550,"Paragominas","Pará","Norte","15008","Metropolitana III","15008","MACRORREGIONAL II"
150553,"Parauapebas","Pará","Norte","15003","Carajas","15003","MACRORREGIONAL IV"
150555,"Pau D'Arco","Pará","Norte","15001","Araguaia","15001","MACRORREGIONAL IV"
150560,"Peixe-Boi","Pará","Norte","15009","Rio Caetes","15009","MACRORREGIONAL II"
150563,"Piçarra","Pará","Norte","15003","Carajas","15003","MACRORREGIONAL IV"
150565,"Placas","Pará","Norte","15002","Baixo Amazonas","15002","MACRORREGIONAL III"
150570,"Ponta de Pedras","Pará","Norte","15013","Marajo I","15013","MACRORREGIONAL I"
150580,"Portel","Pará","Norte","15014","Marajo II","15014","MACRORREGIONAL I"
150590,"Porto de Moz","Pará","Norte","15012","Xingu","15012","MACRORREGIONAL III"
150600,"Prainha","Pará","Norte","15002","Baixo Amazonas","15002","MACRORREGIONAL III"
150610,"Primavera","Pará","Norte","15009","Rio Caetes","15009","MACRORREGIONAL II"
150611,"Quatipuru","Pará","Norte","15009","Rio Caetes","15009","MACRORREGIONAL II"
150613,"Redenção","Pará","Norte","15001","Araguaia","15001","MACRORREGIONAL IV"
150616,"Rio Maria","Pará","Norte","15001","Araguaia","15001","MACRORREGIONAL IV"
150618,"Rondon do Pará","Pará","Norte","15003","Carajas","15003","MACRORREGIONAL IV"
150619,"Rurópolis","Pará","Norte","15010","Tapajos","15010","MACRORREGIONAL III"
150620,"Salinópolis","Pará","Norte","15009","Rio Caetes","15009","MACRORREGIONAL II"
150630,"Salvaterra","Pará","Norte","15013","Marajo I","15013","MACRORREGIONAL I"
150635,"Santa Bárbara do Pará","Pará","Norte","15006","Metropolitana I","15006","MACRORREGIONAL I"
150640,"Santa Cruz do Arari","Pará","Norte","15013","Marajo I","15013","MACRORREGIONAL I"
150650,"Santa Izabel do Pará","Pará","Norte","15007","Metropolitana II","15007","MACRORREGIONAL II"
150655,"Santa Luzia do Pará","Pará","Norte","15009","Rio Caetes","15009","MACRORREGIONAL II"
150658,"Santa Maria das Barreiras","Pará","Norte","15001","Araguaia","15001","MACRORREGIONAL IV"
150660,"Santa Maria do Pará","Pará","Norte","15008","Metropolitana III","15008","MACRORREGIONAL II"
150670,"Santana do Araguaia","Pará","Norte","15001","Araguaia","15001","MACRORREGIONAL IV"
150680,"Santarém","Pará","Norte","15002","Baixo Amazonas","15002","MACRORREGIONAL III"
150690,"Santarém Novo","Pará","Norte","15009","Rio Caetes","15009","MACRORREGIONAL II"
150700,"Santo Antônio do Tauá","Pará","Norte","15007","Metropolitana II","15007","MACRORREGIONAL II"
150710,"São Caetano de Odivelas","Pará","Norte","15007","Metropolitana II","15007","MACRORREGIONAL II"
150715,"São Domingos do Araguaia","Pará","Norte","15003","Carajas","15003","MACRORREGIONAL IV"
150720,"São Domingos do Capim","Pará","Norte","15008","Metropolitana III","15008","MACRORREGIONAL II"
150730,"São Félix do Xingu","Pará","Norte","15001","Araguaia","15001","MACRORREGIONAL IV"
150740,"São Francisco do Pará","Pará","Norte","15008","Metropolitana III","15008","MACRORREGIONAL II"
150745,"São Geraldo do Araguaia","Pará","Norte","15003","Carajas","15003","MACRORREGIONAL IV"
150746,"São João da Ponta","Pará","Norte","15008","Metropolitana III","15008","MACRORREGIONAL II"
150747,"São João de Pirabas","Pará","Norte","15009","Rio Caetes","15009","MACRORREGIONAL II"
150750,"São João do Araguaia","Pará","Norte","15003","Carajas","15003","MACRORREGIONAL IV"
150760,"São Miguel do Guamá","Pará","Norte","15008","Metropolitana III","15008","MACRORREGIONAL II"
150770,"São Sebastião da Boa Vista","Pará","Norte","15013","Marajo I","15013","MACRORREGIONAL I"
150775,"Sapucaia","Pará","Norte","15001","Araguaia","15001","MACRORREGIONAL IV"
150780,"Senador José Porfírio","Pará","Norte","15012","Xingu","15012","MACRORREGIONAL III"
150790,"Soure","Pará","Norte","15013","Marajo I","15013","MACRORREGIONAL I"
150795,"Tailândia","Pará","Norte","15011","Tocantins","15011","MACRORREGIONAL I"
150796,"Terra Alta","Pará","Norte","15008","Metropolitana III","15008","MACRORREGIONAL II"
150797,"Terra Santa","Pará","Norte","15002","Baixo Amazonas","15002","MACRORREGIONAL III"
150800,"Tomé-Açu","Pará","Norte","15007","Metropolitana II","15007","MACRORREGIONAL II"
150803,"Tracuateua","Pará","Norte","15009","Rio Caetes","15009","MACRORREGIONAL II"
150805,"Trairão","Pará","Norte","15010","Tapajos","15010","MACRORREGIONAL III"
150808,"Tucumã","Pará","Norte","15001","Araguaia","15001","MACRORREGIONAL IV"
150810,"Tucuruí","Pará","Norte","15004","Lago De Tucurui","15004","MACRORREGIONAL IV"
150812,"Ulianópolis","Pará","Norte","15008","Metropolitana III","15008","MACRORREGIONAL II"
150815,"Uruará","Pará","Norte","15012","Xingu","15012","MACRORREGIONAL III"
150820,"Vigia","Pará","Norte","15007","Metropolitana II","15007","MACRORREGIONAL II"
150830,"Viseu","Pará","Norte","15009","Rio Caetes","15009","MACRORREGIONAL II"
150835,"Vitória do Xingu","Pará","Norte","15012","Xingu","15012","MACRORREGIONAL III"
150840,"Xinguara","Pará","Norte","15001","Araguaia","15001","MACRORREGIONAL IV"
160010,"Amapá","Amapá","Norte","16002","Area Norte","16002","MACRO UNICA - AP"
160020,"Calçoene","Amapá","Norte","16002","Area Norte","16002","MACRO UNICA - AP"
160021,"Cutias","Amapá","Norte","16001","Area Central","16001","MACRO UNICA - AP"
160023,"Ferreira Gomes","Amapá","Norte","16001","Area Central","16001","MACRO UNICA - AP"
160025,"Itaubal","Amapá","Norte","16001","Area Central","16001","MACRO UNICA - AP"
160027,"Laranjal do Jari","Amapá","Norte","16003","Area Sudoeste","16003","MACRO UNICA - AP"
160030,"Macapá","Amapá","Norte","16001","Area Central","16001","MACRO UNICA - AP"
160040,"Mazagão","Amapá","Norte","16003","Area Sudoeste","16003","MACRO UNICA - AP"
160050,"Oiapoque","Amapá","Norte","16002","Area Norte","16002","MACRO UNICA - AP"
160015,"Pedra Branca do Amapari","Amapá","Norte","16001","Area Central","16001","MACRO UNICA - AP"
160053,"Porto Grande","Amapá","Norte","16001","Area Central","16001","MACRO UNICA - AP"
160055,"Pracuúba","Amapá","Norte","16002","Area Norte","16002","MACRO UNICA - AP"
160060,"Santana","Amapá","Norte","16003","Area Sudoeste","16003","MACRO UNICA - AP"
160005,"Serra do Navio","Amapá","Norte","16001","Area Central","16001","MACRO UNICA - AP"
160070,"Tartarugalzinho","Amapá","Norte","16002","Area Norte","16002","MACRO UNICA - AP"
160080,"Vitória do Jari","Amapá","Norte","16003","Area Sudoeste","16003","MACRO UNICA - AP"
170025,"Abreulândia","Tocantins","Norte","17007","Cantao","17007","MACRORREGIAO CENTRO-SUL"
170030,"Aguiarnópolis","Tocantins","Norte","17002","Bico Do Papagaio","17002","MACRORREGIAO DE SAUDE NORTE"
170035,"Aliança do Tocantins","Tocantins","Norte","17005","Ilha Do Bananal","17005","MACRORREGIAO CENTRO-SUL"
170040,"Almas","Tocantins","Norte","17003","Sudeste","17003","MACRORREGIAO CENTRO-SUL"
170070,"Alvorada","Tocantins","Norte","17005","Ilha Do Bananal","17005","MACRORREGIAO CENTRO-SUL"
170100,"Ananás","Tocantins","Norte","17002","Bico Do Papagaio","17002","MACRORREGIAO DE SAUDE NORTE"
170105,"Angico","Tocantins","Norte","17002","Bico Do Papagaio","17002","MACRORREGIAO DE SAUDE NORTE"
170110,"Aparecida do Rio Negro","Tocantins","Norte","17006","Capim Dourado","17006","MACRORREGIAO CENTRO-SUL"
170130,"Aragominas","Tocantins","Norte","17001","Medio Norte Araguaia","17001","MACRORREGIAO DE SAUDE NORTE"
170190,"Araguacema","Tocantins","Norte","17007","Cantao","17007","MACRORREGIAO CENTRO-SUL"
170200,"Araguaçu","Tocantins","Norte","17005","Ilha Do Bananal","17005","MACRORREGIAO CENTRO-SUL"
170210,"Araguaína","Tocantins","Norte","17001","Medio Norte Araguaia","17001","MACRORREGIAO DE SAUDE NORTE"
170215,"Araguanã","Tocantins","Norte","17001","Medio Norte Araguaia","17001","MACRORREGIAO DE SAUDE NORTE"
170220,"Araguatins","Tocantins","Norte","17002","Bico Do Papagaio","17002","MACRORREGIAO DE SAUDE NORTE"
170230,"Arapoema","Tocantins","Norte","17004","Cerrado Tocantins Araguaia","17004","MACRORREGIAO DE SAUDE NORTE"
170240,"Arraias","Tocantins","Norte","17003","Sudeste","17003","MACRORREGIAO CENTRO-SUL"
170255,"Augustinópolis","Tocantins","Norte","17002","Bico Do Papagaio","17002","MACRORREGIAO DE SAUDE NORTE"
170270,"Aurora do Tocantins","Tocantins","Norte","17003","Sudeste","17003","MACRORREGIAO CENTRO-SUL"
170290,"Axixá do Tocantins","Tocantins","Norte","17002","Bico Do Papagaio","17002","MACRORREGIAO DE SAUDE NORTE"
170300,"Babaçulândia","Tocantins","Norte","17001","Medio Norte Araguaia","17001","MACRORREGIAO DE SAUDE NORTE"
170305,"Bandeirantes do Tocantins","Tocantins","Norte","17004","Cerrado Tocantins Araguaia","17004","MACRORREGIAO DE SAUDE NORTE"
170307,"Barra do Ouro","Tocantins","Norte","17001","Medio Norte Araguaia","17001","MACRORREGIAO DE SAUDE NORTE"
170310,"Barrolândia","Tocantins","Norte","17007","Cantao","17007","MACRORREGIAO CENTRO-SUL"
170320,"Bernardo Sayão","Tocantins","Norte","17004","Cerrado Tocantins Araguaia","17004","MACRORREGIAO DE SAUDE NORTE"
170330,"Bom Jesus do Tocantins","Tocantins","Norte","17004","Cerrado Tocantins Araguaia","17004","MACRORREGIAO DE SAUDE NORTE"
170360,"Brasilândia do Tocantins","Tocantins","Norte","17004","Cerrado Tocantins Araguaia","17004","MACRORREGIAO DE SAUDE NORTE"
170370,"Brejinho de Nazaré","Tocantins","Norte","17008","Amor Perfeito","17008","MACRORREGIAO CENTRO-SUL"
170380,"Buriti do Tocantins","Tocantins","Norte","17002","Bico Do Papagaio","17002","MACRORREGIAO DE SAUDE NORTE"
170382,"Cachoeirinha","Tocantins","Norte","17002","Bico Do Papagaio","17002","MACRORREGIAO DE SAUDE NORTE"
170384,"Campos Lindos","Tocantins","Norte","17001","Medio Norte Araguaia","17001","MACRORREGIAO DE SAUDE NORTE"
170386,"Cariri do Tocantins","Tocantins","Norte","17005","Ilha Do Bananal","17005","MACRORREGIAO CENTRO-SUL"
170388,"Carmolândia","Tocantins","Norte","17001","Medio Norte Araguaia","17001","MACRORREGIAO DE SAUDE NORTE"
170389,"Carrasco Bonito","Tocantins","Norte","17002","Bico Do Papagaio","17002","MACRORREGIAO DE SAUDE NORTE"
170390,"Caseara","Tocantins","Norte","17007","Cantao","17007","MACRORREGIAO CENTRO-SUL"
170410,"Centenário","Tocantins","Norte","17004","Cerrado Tocantins Araguaia","17004","MACRORREGIAO DE SAUDE NORTE"
170510,"Chapada da Natividade","Tocantins","Norte","17008","Amor Perfeito","17008","MACRORREGIAO CENTRO-SUL"
170460,"Chapada de Areia","Tocantins","Norte","17007","Cantao","17007","MACRORREGIAO CENTRO-SUL"
170550,"Colinas do Tocantins","Tocantins","Norte","17004","Cerrado Tocantins Araguaia","17004","MACRORREGIAO DE SAUDE NORTE"
171670,"Colméia","Tocantins","Norte","17004","Cerrado Tocantins Araguaia","17004","MACRORREGIAO DE SAUDE NORTE"
170555,"Combinado","Tocantins","Norte","17003","Sudeste","17003","MACRORREGIAO CENTRO-SUL"
170560,"Conceição do Tocantins","Tocantins","Norte","17003","Sudeste","17003","MACRORREGIAO CENTRO-SUL"
170600,"Couto Magalhães","Tocantins","Norte","17004","Cerrado Tocantins Araguaia","17004","MACRORREGIAO DE SAUDE NORTE"
170610,"Cristalândia","Tocantins","Norte","17007","Cantao","17007","MACRORREGIAO CENTRO-SUL"
170625,"Crixás do Tocantins","Tocantins","Norte","17005","Ilha Do Bananal","17005","MACRORREGIAO CENTRO-SUL"
170650,"Darcinópolis","Tocantins","Norte","17001","Medio Norte Araguaia","17001","MACRORREGIAO DE SAUDE NORTE"
170700,"Dianópolis","Tocantins","Norte","17003","Sudeste","17003","MACRORREGIAO CENTRO-SUL"
170710,"Divinópolis do Tocantins","Tocantins","Norte","17007","Cantao","17007","MACRORREGIAO CENTRO-SUL"
170720,"Dois Irmãos do Tocantins","Tocantins","Norte","17007","Cantao","17007","MACRORREGIAO CENTRO-SUL"
170730,"Dueré","Tocantins","Norte","17005","Ilha Do Bananal","17005","MACRORREGIAO CENTRO-SUL"
170740,"Esperantina","Tocantins","Norte","17002","Bico Do Papagaio","17002","MACRORREGIAO DE SAUDE NORTE"
170755,"Fátima","Tocantins","Norte","17008","Amor Perfeito","17008","MACRORREGIAO CENTRO-SUL"
170765,"Figueirópolis","Tocantins","Norte","17005","Ilha Do Bananal","17005","MACRORREGIAO CENTRO-SUL"
170770,"Filadélfia","Tocantins","Norte","17001","Medio Norte Araguaia","17001","MACRORREGIAO DE SAUDE NORTE"
170820,"Formoso do Araguaia","Tocantins","Norte","17005","Ilha Do Bananal","17005","MACRORREGIAO CENTRO-SUL"
170830,"Goianorte","Tocantins","Norte","17004","Cerrado Tocantins Araguaia","17004","MACRORREGIAO DE SAUDE NORTE"
170900,"Goiatins","Tocantins","Norte","17001","Medio Norte Araguaia","17001","MACRORREGIAO DE SAUDE NORTE"
170930,"Guaraí","Tocantins","Norte","17004","Cerrado Tocantins Araguaia","17004","MACRORREGIAO DE SAUDE NORTE"
170950,"Gurupi","Tocantins","Norte","17005","Ilha Do Bananal","17005","MACRORREGIAO CENTRO-SUL"
170980,"Ipueiras","Tocantins","Norte","17008","Amor Perfeito","17008","MACRORREGIAO CENTRO-SUL"
171050,"Itacajá","Tocantins","Norte","17004","Cerrado Tocantins Araguaia","17004","MACRORREGIAO DE SAUDE NORTE"
171070,"Itaguatins","Tocantins","Norte","17002","Bico Do Papagaio","17002","MACRORREGIAO DE SAUDE NORTE"
171090,"Itapiratins","Tocantins","Norte","17004","Cerrado Tocantins Araguaia","17004","MACRORREGIAO DE SAUDE NORTE"
171110,"Itaporã do Tocantins","Tocantins","Norte","17004","Cerrado Tocantins Araguaia","17004","MACRORREGIAO DE SAUDE NORTE"
171150,"Jaú do Tocantins","Tocantins","Norte","17005","Ilha Do Bananal","17005","MACRORREGIAO CENTRO-SUL"
171180,"Juarina","Tocantins","Norte","17004","Cerrado Tocantins Araguaia","17004","MACRORREGIAO DE SAUDE NORTE"
171190,"Lagoa da Confusão","Tocantins","Norte","17007","Cantao","17007","MACRORREGIAO CENTRO-SUL"
171195,"Lagoa do Tocantins","Tocantins","Norte","17006","Capim Dourado","17006","MACRORREGIAO CENTRO-SUL"
171200,"Lajeado","Tocantins","Norte","17006","Capim Dourado","17006","MACRORREGIAO CENTRO-SUL"
171215,"Lavandeira","Tocantins","Norte","17003","Sudeste","17003","MACRORREGIAO CENTRO-SUL"
171240,"Lizarda","Tocantins","Norte","17006","Capim Dourado","17006","MACRORREGIAO CENTRO-SUL"
171245,"Luzinópolis","Tocantins","Norte","17002","Bico Do Papagaio","17002","MACRORREGIAO DE SAUDE NORTE"
171250,"Marianópolis do Tocantins","Tocantins","Norte","17007","Cantao","17007","MACRORREGIAO CENTRO-SUL"
171270,"Mateiros","Tocantins","Norte","17008","Amor Perfeito","17008","MACRORREGIAO CENTRO-SUL"
171280,"Maurilândia do Tocantins","Tocantins","Norte","17002","Bico Do Papagaio","17002","MACRORREGIAO DE SAUDE NORTE"
171320,"Miracema do Tocantins","Tocantins","Norte","17006","Capim Dourado","17006","MACRORREGIAO CENTRO-SUL"
171330,"Miranorte","Tocantins","Norte","17006","Capim Dourado","17006","MACRORREGIAO CENTRO-SUL"
171360,"Monte do Carmo","Tocantins","Norte","17008","Amor Perfeito","17008","MACRORREGIAO CENTRO-SUL"
171370,"Monte Santo do Tocantins","Tocantins","Norte","17007","Cantao","17007","MACRORREGIAO CENTRO-SUL"
171395,"Muricilândia","Tocantins","Norte","17001","Medio Norte Araguaia","17001","MACRORREGIAO DE SAUDE NORTE"
171420,"Natividade","Tocantins","Norte","17008","Amor Perfeito","17008","MACRORREGIAO CENTRO-SUL"
171430,"Nazaré","Tocantins","Norte","17002","Bico Do Papagaio","17002","MACRORREGIAO DE SAUDE NORTE"
171488,"Nova Olinda","Tocantins","Norte","17001","Medio Norte Araguaia","17001","MACRORREGIAO DE SAUDE NORTE"
171500,"Nova Rosalândia","Tocantins","Norte","17007","Cantao","17007","MACRORREGIAO CENTRO-SUL"
171510,"Novo Acordo","Tocantins","Norte","17006","Capim Dourado","17006","MACRORREGIAO CENTRO-SUL"
171515,"Novo Alegre","Tocantins","Norte","17003","Sudeste","17003","MACRORREGIAO CENTRO-SUL"
171525,"Novo Jardim","Tocantins","Norte","17003","Sudeste","17003","MACRORREGIAO CENTRO-SUL"
171550,"Oliveira de Fátima","Tocantins","Norte","17008","Amor Perfeito","17008","MACRORREGIAO CENTRO-SUL"
172100,"Palmas","Tocantins","Norte","17006","Capim Dourado","17006","MACRORREGIAO CENTRO-SUL"
171570,"Palmeirante","Tocantins","Norte","17004","Cerrado Tocantins Araguaia","17004","MACRORREGIAO DE SAUDE NORTE"
171380,"Palmeiras do Tocantins","Tocantins","Norte","17002","Bico Do Papagaio","17002","MACRORREGIAO DE SAUDE NORTE"
171575,"Palmeirópolis","Tocantins","Norte","17005","Ilha Do Bananal","17005","MACRORREGIAO CENTRO-SUL"
171610,"Paraíso do Tocantins","Tocantins","Norte","17007","Cantao","17007","MACRORREGIAO CENTRO-SUL"
171620,"Paranã","Tocantins","Norte","17003","Sudeste","17003","MACRORREGIAO CENTRO-SUL"
171630,"Pau D'Arco","Tocantins","Norte","17001","Medio Norte Araguaia","17001","MACRORREGIAO DE SAUDE NORTE"
171650,"Pedro Afonso","Tocantins","Norte","17004","Cerrado Tocantins Araguaia","17004","MACRORREGIAO DE SAUDE NORTE"
171660,"Peixe","Tocantins","Norte","17005","Ilha Do Bananal","17005","MACRORREGIAO CENTRO-SUL"
171665,"Pequizeiro","Tocantins","Norte","17004","Cerrado Tocantins Araguaia","17004","MACRORREGIAO DE SAUDE NORTE"
171700,"Pindorama do Tocantins","Tocantins","Norte","17008","Amor Perfeito","17008","MACRORREGIAO CENTRO-SUL"
171720,"Piraquê","Tocantins","Norte","17001","Medio Norte Araguaia","17001","MACRORREGIAO DE SAUDE NORTE"
171750,"Pium","Tocantins","Norte","17007","Cantao","17007","MACRORREGIAO CENTRO-SUL"
171780,"Ponte Alta do Bom Jesus","Tocantins","Norte","17003","Sudeste","17003","MACRORREGIAO CENTRO-SUL"
171790,"Ponte Alta do Tocantins","Tocantins","Norte","17008","Amor Perfeito","17008","MACRORREGIAO CENTRO-SUL"
171800,"Porto Alegre do Tocantins","Tocantins","Norte","17003","Sudeste","17003","MACRORREGIAO CENTRO-SUL"
171820,"Porto Nacional","Tocantins","Norte","17008","Amor Perfeito","17008","MACRORREGIAO CENTRO-SUL"
171830,"Praia Norte","Tocantins","Norte","17002","Bico Do Papagaio","17002","MACRORREGIAO DE SAUDE NORTE"
171840,"Presidente Kennedy","Tocantins","Norte","17004","Cerrado Tocantins Araguaia","17004","MACRORREGIAO DE SAUDE NORTE"
171845,"Pugmil","Tocantins","Norte","17007","Cantao","17007","MACRORREGIAO CENTRO-SUL"
171850,"Recursolândia","Tocantins","Norte","17004","Cerrado Tocantins Araguaia","17004","MACRORREGIAO DE SAUDE NORTE"
171855,"Riachinho","Tocantins","Norte","17002","Bico Do Papagaio","17002","MACRORREGIAO DE SAUDE NORTE"
171865,"Rio da Conceição","Tocantins","Norte","17003","Sudeste","17003","MACRORREGIAO CENTRO-SUL"
171870,"Rio dos Bois","Tocantins","Norte","17006","Capim Dourado","17006","MACRORREGIAO CENTRO-SUL"
171875,"Rio Sono","Tocantins","Norte","17006","Capim Dourado","17006","MACRORREGIAO CENTRO-SUL"
171880,"Sampaio","Tocantins","Norte","17002","Bico Do Papagaio","17002","MACRORREGIAO DE SAUDE NORTE"
171884,"Sandolândia","Tocantins","Norte","17005","Ilha Do Bananal","17005","MACRORREGIAO CENTRO-SUL"
171886,"Santa Fé do Araguaia","Tocantins","Norte","17001","Medio Norte Araguaia","17001","MACRORREGIAO DE SAUDE NORTE"
171888,"Santa Maria do Tocantins","Tocantins","Norte","17004","Cerrado Tocantins Araguaia","17004","MACRORREGIAO DE SAUDE NORTE"
171889,"Santa Rita do Tocantins","Tocantins","Norte","17005","Ilha Do Bananal","17005","MACRORREGIAO CENTRO-SUL"
171890,"Santa Rosa do Tocantins","Tocantins","Norte","17008","Amor Perfeito","17008","MACRORREGIAO CENTRO-SUL"
171900,"Santa Tereza do Tocantins","Tocantins","Norte","17006","Capim Dourado","17006","MACRORREGIAO CENTRO-SUL"
172000,"Santa Terezinha do Tocantins","Tocantins","Norte","17002","Bico Do Papagaio","17002","MACRORREGIAO DE SAUDE NORTE"
172010,"São Bento do Tocantins","Tocantins","Norte","17002","Bico Do Papagaio","17002","MACRORREGIAO DE SAUDE NORTE"
172015,"São Félix do Tocantins","Tocantins","Norte","17006","Capim Dourado","17006","MACRORREGIAO CENTRO-SUL"
172020,"São Miguel do Tocantins","Tocantins","Norte","17002","Bico Do Papagaio","17002","MACRORREGIAO DE SAUDE NORTE"
172025,"São Salvador do Tocantins","Tocantins","Norte","17005","Ilha Do Bananal","17005","MACRORREGIAO CENTRO-SUL"
172030,"São Sebastião do Tocantins","Tocantins","Norte","17002","Bico Do Papagaio","17002","MACRORREGIAO DE SAUDE NORTE"
172049,"São Valério","Tocantins","Norte","17005","Ilha Do Bananal","17005","MACRORREGIAO CENTRO-SUL"
172065,"Silvanópolis","Tocantins","Norte","17008","Amor Perfeito","17008","MACRORREGIAO CENTRO-SUL"
172080,"Sítio Novo do Tocantins","Tocantins","Norte","17002","Bico Do Papagaio","17002","MACRORREGIAO DE SAUDE NORTE"
172085,"Sucupira","Tocantins","Norte","17005","Ilha Do Bananal","17005","MACRORREGIAO CENTRO-SUL"
170825,"Fortaleza do Tabocão","Tocantins","Norte","17006","Capim Dourado","17006","MACRORREGIAO CENTRO-SUL"
172090,"Taguatinga","Tocantins","Norte","17003","Sudeste","17003","MACRORREGIAO CENTRO-SUL"
172093,"Taipas do Tocantins","Tocantins","Norte","17003","Sudeste","17003","MACRORREGIAO CENTRO-SUL"
172097,"Talismã","Tocantins","Norte","17005","Ilha Do Bananal","17005","MACRORREGIAO CENTRO-SUL"
172110,"Tocantínia","Tocantins","Norte","17006","Capim Dourado","17006","MACRORREGIAO CENTRO-SUL"
172120,"Tocantinópolis","Tocantins","Norte","17002","Bico Do Papagaio","17002","MACRORREGIAO DE SAUDE NORTE"
172125,"Tupirama","Tocantins","Norte","17004","Cerrado Tocantins Araguaia","17004","MACRORREGIAO DE SAUDE NORTE"
172130,"Tupiratins","Tocantins","Norte","17004","Cerrado Tocantins Araguaia","17004","MACRORREGIAO DE SAUDE NORTE"
172208,"Wanderlândia","Tocantins","Norte","17001","Medio Norte Araguaia","17001","MACRORREGIAO DE SAUDE NORTE"
172210,"Xambioá","Tocantins","Norte","17001","Medio Norte Araguaia","17001","MACRORREGIAO DE SAUDE NORTE"
210005,"Açailândia","Maranhão","Nordeste","21001","Acailandia","21001","MACRORREGIAO SUL"
210010,"Afonso Cunha","Maranhão","Nordeste","21005","Caxias","21005","MACRORREGIAO LESTE"
210015,"Água Doce do Maranhão","Maranhão","Nordeste","21006","Chapadinha","21006","MACRORREGIAO NORTE"
210020,"Alcântara","Maranhão","Nordeste","21016","Sao Luis","21016","MACRORREGIAO NORTE"
210030,"Aldeias Altas","Maranhão","Nordeste","21005","Caxias","21005","MACRORREGIAO LESTE"
210040,"Altamira do Maranhão","Maranhão","Nordeste","21002","Bacabal","21002","MACRORREGIAO NORTE"
210043,"Alto Alegre do Maranhão","Maranhão","Nordeste","21007","Codo","21007","MACRORREGIAO LESTE"
210047,"Alto Alegre do Pindaré","Maranhão","Nordeste","21014","Santa Ines","21014","MACRORREGIAO NORTE"
210050,"Alto Parnaíba","Maranhão","Nordeste","21003","Balsas","21003","MACRORREGIAO SUL"
210055,"Amapá do Maranhão","Maranhão","Nordeste","21019","Ze Doca","21019","MACRORREGIAO NORTE"
210060,"Amarante do Maranhão","Maranhão","Nordeste","21008","Imperatriz","21008","MACRORREGIAO SUL"
210070,"Anajatuba","Maranhão","Nordeste","21009","Itapecuru Mirim","21009","MACRORREGIAO NORTE"
210080,"Anapurus","Maranhão","Nordeste","21006","Chapadinha","21006","MACRORREGIAO NORTE"
210083,"Apicum-Açu","Maranhão","Nordeste","21011","Pinheiro","21011","MACRORREGIAO NORTE"
210087,"Araguanã","Maranhão","Nordeste","21019","Ze Doca","21019","MACRORREGIAO NORTE"
210090,"Araioses","Maranhão","Nordeste","21006","Chapadinha","21006","MACRORREGIAO NORTE"
210095,"Arame","Maranhão","Nordeste","21004","Barra Do Corda","21004","MACRORREGIAO SUL"
210100,"Arari","Maranhão","Nordeste","21009","Itapecuru Mirim","21009","MACRORREGIAO NORTE"
210110,"Axixá","Maranhão","Nordeste","21013","Rosario","21013","MACRORREGIAO NORTE"
210120,"Bacabal","Maranhão","Nordeste","21002","Bacabal","21002","MACRORREGIAO NORTE"
210125,"Bacabeira","Maranhão","Nordeste","21013","Rosario","21013","MACRORREGIAO NORTE"
210130,"Bacuri","Maranhão","Nordeste","21011","Pinheiro","21011","MACRORREGIAO NORTE"
210135,"Bacurituba","Maranhão","Nordeste","21018","Viana","21018","MACRORREGIAO NORTE"
210140,"Balsas","Maranhão","Nordeste","21003","Balsas","21003","MACRORREGIAO SUL"
210150,"Barão de Grajaú","Maranhão","Nordeste","21015","Sao Joao Dos Patos","21015","MACRORREGIAO LESTE"
210160,"Barra do Corda","Maranhão","Nordeste","21004","Barra Do Corda","21004","MACRORREGIAO SUL"
210170,"Barreirinhas","Maranhão","Nordeste","21013","Rosario","21013","MACRORREGIAO NORTE"
210177,"Bela Vista do Maranhão","Maranhão","Nordeste","21014","Santa Ines","21014","MACRORREGIAO NORTE"
210173,"Belágua","Maranhão","Nordeste","21009","Itapecuru Mirim","21009","MACRORREGIAO NORTE"
210180,"Benedito Leite","Maranhão","Nordeste","21015","Sao Joao Dos Patos","21015","MACRORREGIAO LESTE"
210190,"Bequimão","Maranhão","Nordeste","21011","Pinheiro","21011","MACRORREGIAO NORTE"
210193,"Bernardo do Mearim","Maranhão","Nordeste","21010","Pedreiras","21010","MACRORREGIAO LESTE"
210197,"Boa Vista do Gurupi","Maranhão","Nordeste","21019","Ze Doca","21019","MACRORREGIAO NORTE"
210200,"Bom Jardim","Maranhão","Nordeste","21014","Santa Ines","21014","MACRORREGIAO NORTE"
210203,"Bom Jesus das Selvas","Maranhão","Nordeste","21001","Acailandia","21001","MACRORREGIAO SUL"
210207,"Bom Lugar","Maranhão","Nordeste","21002","Bacabal","21002","MACRORREGIAO NORTE"
210210,"Brejo","Maranhão","Nordeste","21006","Chapadinha","21006","MACRORREGIAO NORTE"
210215,"Brejo de Areia","Maranhão","Nordeste","21002","Bacabal","21002","MACRORREGIAO NORTE"
210220,"Buriti","Maranhão","Nordeste","21005","Caxias","21005","MACRORREGIAO LESTE"
210230,"Buriti Bravo","Maranhão","Nordeste","21015","Sao Joao Dos Patos","21015","MACRORREGIAO LESTE"
210232,"Buriticupu","Maranhão","Nordeste","21001","Acailandia","21001","MACRORREGIAO SUL"
210235,"Buritirana","Maranhão","Nordeste","21008","Imperatriz","21008","MACRORREGIAO SUL"
210237,"Cachoeira Grande","Maranhão","Nordeste","21013","Rosario","21013","MACRORREGIAO NORTE"
210240,"Cajapió","Maranhão","Nordeste","21018","Viana","21018","MACRORREGIAO NORTE"
210250,"Cajari","Maranhão","Nordeste","21018","Viana","21018","MACRORREGIAO NORTE"
210255,"Campestre do Maranhão","Maranhão","Nordeste","21008","Imperatriz","21008","MACRORREGIAO SUL"
210260,"Cândido Mendes","Maranhão","Nordeste","21019","Ze Doca","21019","MACRORREGIAO NORTE"
210270,"Cantanhede","Maranhão","Nordeste","21009","Itapecuru Mirim","21009","MACRORREGIAO NORTE"
210275,"Capinzal do Norte","Maranhão","Nordeste","21012","Presidente Dutra","21012","MACRORREGIAO LESTE"
210280,"Carolina","Maranhão","Nordeste","21008","Imperatriz","21008","MACRORREGIAO SUL"
210290,"Carutapera","Maranhão","Nordeste","21019","Ze Doca","21019","MACRORREGIAO NORTE"
210300,"Caxias","Maranhão","Nordeste","21005","Caxias","21005","MACRORREGIAO LESTE"
210310,"Cedral","Maranhão","Nordeste","21011","Pinheiro","21011","MACRORREGIAO NORTE"
210312,"Central do Maranhão","Maranhão","Nordeste","21011","Pinheiro","21011","MACRORREGIAO NORTE"
210315,"Centro do Guilherme","Maranhão","Nordeste","21019","Ze Doca","21019","MACRORREGIAO NORTE"
210317,"Centro Novo do Maranhão","Maranhão","Nordeste","21019","Ze Doca","21019","MACRORREGIAO NORTE"
210320,"Chapadinha","Maranhão","Nordeste","21006","Chapadinha","21006","MACRORREGIAO NORTE"
210325,"Cidelândia","Maranhão","Nordeste","21001","Acailandia","21001","MACRORREGIAO SUL"
210330,"Codó","Maranhão","Nordeste","21007","Codo","21007","MACRORREGIAO LESTE"
210340,"Coelho Neto","Maranhão","Nordeste","21005","Caxias","21005","MACRORREGIAO LESTE"
210350,"Colinas","Maranhão","Nordeste","21015","Sao Joao Dos Patos","21015","MACRORREGIAO LESTE"
210355,"Conceição do Lago-Açu","Maranhão","Nordeste","21002","Bacabal","21002","MACRORREGIAO NORTE"
210360,"Coroatá","Maranhão","Nordeste","21007","Codo","21007","MACRORREGIAO LESTE"
210370,"Cururupu","Maranhão","Nordeste","21011","Pinheiro","21011","MACRORREGIAO NORTE"
210375,"Davinópolis","Maranhão","Nordeste","21008","Imperatriz","21008","MACRORREGIAO SUL"
210380,"Dom Pedro","Maranhão","Nordeste","21012","Presidente Dutra","21012","MACRORREGIAO LESTE"
210390,"Duque Bacelar","Maranhão","Nordeste","21005","Caxias","21005","MACRORREGIAO LESTE"
210400,"Esperantinópolis","Maranhão","Nordeste","21010","Pedreiras","21010","MACRORREGIAO LESTE"
210405,"Estreito","Maranhão","Nordeste","21008","Imperatriz","21008","MACRORREGIAO SUL"
210407,"Feira Nova do Maranhão","Maranhão","Nordeste","21003","Balsas","21003","MACRORREGIAO SUL"
210408,"Fernando Falcão","Maranhão","Nordeste","21004","Barra Do Corda","21004","MACRORREGIAO SUL"
210409,"Formosa da Serra Negra","Maranhão","Nordeste","21003","Balsas","21003","MACRORREGIAO SUL"
210410,"Fortaleza dos Nogueiras","Maranhão","Nordeste","21003","Balsas","21003","MACRORREGIAO SUL"
210420,"Fortuna","Maranhão","Nordeste","21012","Presidente Dutra","21012","MACRORREGIAO LESTE"
210430,"Godofredo Viana","Maranhão","Nordeste","21019","Ze Doca","21019","MACRORREGIAO NORTE"
210440,"Gonçalves Dias","Maranhão","Nordeste","21012","Presidente Dutra","21012","MACRORREGIAO LESTE"
210450,"Governador Archer","Maranhão","Nordeste","21012","Presidente Dutra","21012","MACRORREGIAO LESTE"
210455,"Governador Edison Lobão","Maranhão","Nordeste","21008","Imperatriz","21008","MACRORREGIAO SUL"
210460,"Governador Eugênio Barros","Maranhão","Nordeste","21012","Presidente Dutra","21012","MACRORREGIAO LESTE"
210462,"Governador Luiz Rocha","Maranhão","Nordeste","21012","Presidente Dutra","21012","MACRORREGIAO LESTE"
210465,"Governador Newton Bello","Maranhão","Nordeste","21014","Santa Ines","21014","MACRORREGIAO NORTE"
210467,"Governador Nunes Freire","Maranhão","Nordeste","21019","Ze Doca","21019","MACRORREGIAO NORTE"
210470,"Graça Aranha","Maranhão","Nordeste","21012","Presidente Dutra","21012","MACRORREGIAO LESTE"
210480,"Grajaú","Maranhão","Nordeste","21004","Barra Do Corda","21004","MACRORREGIAO SUL"
210490,"Guimarães","Maranhão","Nordeste","21011","Pinheiro","21011","MACRORREGIAO NORTE"
210500,"Humberto de Campos","Maranhão","Nordeste","21013","Rosario","21013","MACRORREGIAO NORTE"
210510,"Icatu","Maranhão","Nordeste","21013","Rosario","21013","MACRORREGIAO NORTE"
210515,"Igarapé do Meio","Maranhão","Nordeste","21014","Santa Ines","21014","MACRORREGIAO NORTE"
210520,"Igarapé Grande","Maranhão","Nordeste","21010","Pedreiras","21010","MACRORREGIAO LESTE"
210530,"Imperatriz","Maranhão","Nordeste","21008","Imperatriz","21008","MACRORREGIAO SUL"
210535,"Itaipava do Grajaú","Maranhão","Nordeste","21004","Barra Do Corda","21004","MACRORREGIAO SUL"
210540,"Itapecuru Mirim","Maranhão","Nordeste","21009","Itapecuru Mirim","21009","MACRORREGIAO NORTE"
210542,"Itinga do Maranhão","Maranhão","Nordeste","21001","Acailandia","21001","MACRORREGIAO SUL"
210545,"Jatobá","Maranhão","Nordeste","21015","Sao Joao Dos Patos","21015","MACRORREGIAO LESTE"
210547,"Jenipapo dos Vieiras","Maranhão","Nordeste","21004","Barra Do Corda","21004","MACRORREGIAO SUL"
210550,"João Lisboa","Maranhão","Nordeste","21008","Imperatriz","21008","MACRORREGIAO SUL"
210560,"Joselândia","Maranhão","Nordeste","21012","Presidente Dutra","21012","MACRORREGIAO LESTE"
210565,"Junco do Maranhão","Maranhão","Nordeste","21019","Ze Doca","21019","MACRORREGIAO NORTE"
210570,"Lago da Pedra","Maranhão","Nordeste","21010","Pedreiras","21010","MACRORREGIAO LESTE"
210580,"Lago do Junco","Maranhão","Nordeste","21010","Pedreiras","21010","MACRORREGIAO LESTE"
210594,"Lago dos Rodrigues","Maranhão","Nordeste","21010","Pedreiras","21010","MACRORREGIAO LESTE"
210590,"Lago Verde","Maranhão","Nordeste","21002","Bacabal","21002","MACRORREGIAO NORTE"
210592,"Lagoa do Mato","Maranhão","Nordeste","21015","Sao Joao Dos Patos","21015","MACRORREGIAO LESTE"
210596,"Lagoa Grande do Maranhão","Maranhão","Nordeste","21010","Pedreiras","21010","MACRORREGIAO LESTE"
210598,"Lajeado Novo","Maranhão","Nordeste","21008","Imperatriz","21008","MACRORREGIAO SUL"
210600,"Lima Campos","Maranhão","Nordeste","21010","Pedreiras","21010","MACRORREGIAO LESTE"
210610,"Loreto","Maranhão","Nordeste","21003","Balsas","21003","MACRORREGIAO SUL"
210620,"Luís Domingues","Maranhão","Nordeste","21019","Ze Doca","21019","MACRORREGIAO NORTE"
210630,"Magalhães de Almeida","Maranhão","Nordeste","21006","Chapadinha","21006","MACRORREGIAO NORTE"
210632,"Maracaçumé","Maranhão","Nordeste","21019","Ze Doca","21019","MACRORREGIAO NORTE"
210635,"Marajá do Sena","Maranhão","Nordeste","21002","Bacabal","21002","MACRORREGIAO NORTE"
210637,"Maranhãozinho","Maranhão","Nordeste","21019","Ze Doca","21019","MACRORREGIAO NORTE"
210640,"Mata Roma","Maranhão","Nordeste","21006","Chapadinha","21006","MACRORREGIAO NORTE"
210650,"Matinha","Maranhão","Nordeste","21018","Viana","21018","MACRORREGIAO NORTE"
210660,"Matões","Maranhão","Nordeste","21017","Timon","21017","MACRORREGIAO LESTE"
210663,"Matões do Norte","Maranhão","Nordeste","21009","Itapecuru Mirim","21009","MACRORREGIAO NORTE"
210667,"Milagres do Maranhão","Maranhão","Nordeste","21006","Chapadinha","21006","MACRORREGIAO NORTE"
210670,"Mirador","Maranhão","Nordeste","21015","Sao Joao Dos Patos","21015","MACRORREGIAO LESTE"
210675,"Miranda do Norte","Maranhão","Nordeste","21009","Itapecuru Mirim","21009","MACRORREGIAO NORTE"
210680,"Mirinzal","Maranhão","Nordeste","21011","Pinheiro","21011","MACRORREGIAO NORTE"
210690,"Monção","Maranhão","Nordeste","21014","Santa Ines","21014","MACRORREGIAO NORTE"
210700,"Montes Altos","Maranhão","Nordeste","21008","Imperatriz","21008","MACRORREGIAO SUL"
210710,"Morros","Maranhão","Nordeste","21013","Rosario","21013","MACRORREGIAO NORTE"
210720,"Nina Rodrigues","Maranhão","Nordeste","21009","Itapecuru Mirim","21009","MACRORREGIAO NORTE"
210725,"Nova Colinas","Maranhão","Nordeste","21003","Balsas","21003","MACRORREGIAO SUL"
210730,"Nova Iorque","Maranhão","Nordeste","21015","Sao Joao Dos Patos","21015","MACRORREGIAO LESTE"
210735,"Nova Olinda do Maranhão","Maranhão","Nordeste","21019","Ze Doca","21019","MACRORREGIAO NORTE"
210740,"Olho d'Água das Cunhãs","Maranhão","Nordeste","21002","Bacabal","21002","MACRORREGIAO NORTE"
210745,"Olinda Nova do Maranhão","Maranhão","Nordeste","21018","Viana","21018","MACRORREGIAO NORTE"
210750,"Paço do Lumiar","Maranhão","Nordeste","21016","Sao Luis","21016","MACRORREGIAO NORTE"
210760,"Palmeirândia","Maranhão","Nordeste","21018","Viana","21018","MACRORREGIAO NORTE"
210770,"Paraibano","Maranhão","Nordeste","21015","Sao Joao Dos Patos","21015","MACRORREGIAO LESTE"
210780,"Parnarama","Maranhão","Nordeste","21017","Timon","21017","MACRORREGIAO LESTE"
210790,"Passagem Franca","Maranhão","Nordeste","21015","Sao Joao Dos Patos","21015","MACRORREGIAO LESTE"
210800,"Pastos Bons","Maranhão","Nordeste","21015","Sao Joao Dos Patos","21015","MACRORREGIAO LESTE"
210805,"Paulino Neves","Maranhão","Nordeste","21006","Chapadinha","21006","MACRORREGIAO NORTE"
210810,"Paulo Ramos","Maranhão","Nordeste","21002","Bacabal","21002","MACRORREGIAO NORTE"
210820,"Pedreiras","Maranhão","Nordeste","21010","Pedreiras","21010","MACRORREGIAO LESTE"
210825,"Pedro do Rosário","Maranhão","Nordeste","21011","Pinheiro","21011","MACRORREGIAO NORTE"
210830,"Penalva","Maranhão","Nordeste","21018","Viana","21018","MACRORREGIAO NORTE"
210840,"Peri Mirim","Maranhão","Nordeste","21011","Pinheiro","21011","MACRORREGIAO NORTE"
210845,"Peritoró","Maranhão","Nordeste","21007","Codo","21007","MACRORREGIAO LESTE"
210850,"Pindaré-Mirim","Maranhão","Nordeste","21014","Santa Ines","21014","MACRORREGIAO NORTE"
210860,"Pinheiro","Maranhão","Nordeste","21011","Pinheiro","21011","MACRORREGIAO NORTE"
210870,"Pio XII","Maranhão","Nordeste","21014","Santa Ines","21014","MACRORREGIAO NORTE"
210880,"Pirapemas","Maranhão","Nordeste","21009","Itapecuru Mirim","21009","MACRORREGIAO NORTE"
210890,"Poção de Pedras","Maranhão","Nordeste","21010","Pedreiras","21010","MACRORREGIAO LESTE"
210900,"Porto Franco","Maranhão","Nordeste","21008","Imperatriz","21008","MACRORREGIAO SUL"
210905,"Porto Rico do Maranhão","Maranhão","Nordeste","21011","Pinheiro","21011","MACRORREGIAO NORTE"
210910,"Presidente Dutra","Maranhão","Nordeste","21012","Presidente Dutra","21012","MACRORREGIAO LESTE"
210920,"Presidente Juscelino","Maranhão","Nordeste","21013","Rosario","21013","MACRORREGIAO NORTE"
210923,"Presidente Médici","Maranhão","Nordeste","21019","Ze Doca","21019","MACRORREGIAO NORTE"
210927,"Presidente Sarney","Maranhão","Nordeste","21011","Pinheiro","21011","MACRORREGIAO NORTE"
210930,"Presidente Vargas","Maranhão","Nordeste","21009","Itapecuru Mirim","21009","MACRORREGIAO NORTE"
210940,"Primeira Cruz","Maranhão","Nordeste","21013","Rosario","21013","MACRORREGIAO NORTE"
210945,"Raposa","Maranhão","Nordeste","21016","Sao Luis","21016","MACRORREGIAO NORTE"
210950,"Riachão","Maranhão","Nordeste","21003","Balsas","21003","MACRORREGIAO SUL"
210955,"Ribamar Fiquene","Maranhão","Nordeste","21008","Imperatriz","21008","MACRORREGIAO SUL"
210960,"Rosário","Maranhão","Nordeste","21013","Rosario","21013","MACRORREGIAO NORTE"
210970,"Sambaíba","Maranhão","Nordeste","21003","Balsas","21003","MACRORREGIAO SUL"
210975,"Santa Filomena do Maranhão","Maranhão","Nordeste","21012","Presidente Dutra","21012","MACRORREGIAO LESTE"
210980,"Santa Helena","Maranhão","Nordeste","21011","Pinheiro","21011","MACRORREGIAO NORTE"
210990,"Santa Inês","Maranhão","Nordeste","21014","Santa Ines","21014","MACRORREGIAO NORTE"
211000,"Santa Luzia","Maranhão","Nordeste","21014","Santa Ines","21014","MACRORREGIAO NORTE"
211003,"Santa Luzia do Paruá","Maranhão","Nordeste","21019","Ze Doca","21019","MACRORREGIAO NORTE"
211010,"Santa Quitéria do Maranhão","Maranhão","Nordeste","21006","Chapadinha","21006","MACRORREGIAO NORTE"
211020,"Santa Rita","Maranhão","Nordeste","21013","Rosario","21013","MACRORREGIAO NORTE"
211023,"Santana do Maranhão","Maranhão","Nordeste","21006","Chapadinha","21006","MACRORREGIAO NORTE"
211027,"Santo Amaro do Maranhão","Maranhão","Nordeste","21013","Rosario","21013","MACRORREGIAO NORTE"
211030,"Santo Antônio dos Lopes","Maranhão","Nordeste","21012","Presidente Dutra","21012","MACRORREGIAO LESTE"
211040,"São Benedito do Rio Preto","Maranhão","Nordeste","21009","Itapecuru Mirim","21009","MACRORREGIAO NORTE"
211050,"São Bento","Maranhão","Nordeste","21018","Viana","21018","MACRORREGIAO NORTE"
211060,"São Bernardo","Maranhão","Nordeste","21006","Chapadinha","21006","MACRORREGIAO NORTE"
211065,"São Domingos do Azeitão","Maranhão","Nordeste","21015","Sao Joao Dos Patos","21015","MACRORREGIAO LESTE"
211070,"São Domingos do Maranhão","Maranhão","Nordeste","21012","Presidente Dutra","21012","MACRORREGIAO LESTE"
211080,"São Félix de Balsas","Maranhão","Nordeste","21003","Balsas","21003","MACRORREGIAO SUL"
211085,"São Francisco do Brejão","Maranhão","Nordeste","21001","Acailandia","21001","MACRORREGIAO SUL"
211090,"São Francisco do Maranhão","Maranhão","Nordeste","21017","Timon","21017","MACRORREGIAO LESTE"
211100,"São João Batista","Maranhão","Nordeste","21018","Viana","21018","MACRORREGIAO NORTE"
211102,"São João do Carú","Maranhão","Nordeste","21014","Santa Ines","21014","MACRORREGIAO NORTE"
211105,"São João do Paraíso","Maranhão","Nordeste","21008","Imperatriz","21008","MACRORREGIAO SUL"
211107,"São João do Soter","Maranhão","Nordeste","21005","Caxias","21005","MACRORREGIAO LESTE"
211110,"São João dos Patos","Maranhão","Nordeste","21015","Sao Joao Dos Patos","21015","MACRORREGIAO LESTE"
211120,"São José de Ribamar","Maranhão","Nordeste","21016","Sao Luis","21016","MACRORREGIAO NORTE"
211125,"São José dos Basílios","Maranhão","Nordeste","21012","Presidente Dutra","21012","MACRORREGIAO LESTE"
211130,"São Luís","Maranhão","Nordeste","21016","Sao Luis","21016","MACRORREGIAO NORTE"
211140,"São Luís Gonzaga do Maranhão","Maranhão","Nordeste","21002","Bacabal","21002","MACRORREGIAO NORTE"
211150,"São Mateus do Maranhão","Maranhão","Nordeste","21007","Codo","21007","MACRORREGIAO LESTE"
211153,"São Pedro da Água Branca","Maranhão","Nordeste","21001","Acailandia","21001","MACRORREGIAO SUL"
211157,"São Pedro dos Crentes","Maranhão","Nordeste","21003","Balsas","21003","MACRORREGIAO SUL"
211160,"São Raimundo das Mangabeiras","Maranhão","Nordeste","21003","Balsas","21003","MACRORREGIAO SUL"
211163,"São Raimundo do Doca Bezerra","Maranhão","Nordeste","21010","Pedreiras","21010","MACRORREGIAO LESTE"
211167,"São Roberto","Maranhão","Nordeste","21010","Pedreiras","21010","MACRORREGIAO LESTE"
211170,"São Vicente Ferrer","Maranhão","Nordeste","21018","Viana","21018","MACRORREGIAO NORTE"
211172,"Satubinha","Maranhão","Nordeste","21014","Santa Ines","21014","MACRORREGIAO NORTE"
211174,"Senador Alexandre Costa","Maranhão","Nordeste","21012","Presidente Dutra","21012","MACRORREGIAO LESTE"
211176,"Senador La Rocque","Maranhão","Nordeste","21008","Imperatriz","21008","MACRORREGIAO SUL"
211178,"Serrano do Maranhão","Maranhão","Nordeste","21011","Pinheiro","21011","MACRORREGIAO NORTE"
211180,"Sítio Novo","Maranhão","Nordeste","21008","Imperatriz","21008","MACRORREGIAO SUL"
211190,"Sucupira do Norte","Maranhão","Nordeste","21015","Sao Joao Dos Patos","21015","MACRORREGIAO LESTE"
211195,"Sucupira do Riachão","Maranhão","Nordeste","21015","Sao Joao Dos Patos","21015","MACRORREGIAO LESTE"
211200,"Tasso Fragoso","Maranhão","Nordeste","21003","Balsas","21003","MACRORREGIAO SUL"
211210,"Timbiras","Maranhão","Nordeste","21007","Codo","21007","MACRORREGIAO LESTE"
211220,"Timon","Maranhão","Nordeste","21017","Timon","21017","MACRORREGIAO LESTE"
211223,"Trizidela do Vale","Maranhão","Nordeste","21010","Pedreiras","21010","MACRORREGIAO LESTE"
211227,"Tufilândia","Maranhão","Nordeste","21014","Santa Ines","21014","MACRORREGIAO NORTE"
211230,"Tuntum","Maranhão","Nordeste","21012","Presidente Dutra","21012","MACRORREGIAO LESTE"
211240,"Turiaçu","Maranhão","Nordeste","21011","Pinheiro","21011","MACRORREGIAO NORTE"
211245,"Turilândia","Maranhão","Nordeste","21011","Pinheiro","21011","MACRORREGIAO NORTE"
211250,"Tutóia","Maranhão","Nordeste","21006","Chapadinha","21006","MACRORREGIAO NORTE"
211260,"Urbano Santos","Maranhão","Nordeste","21009","Itapecuru Mirim","21009","MACRORREGIAO NORTE"
211270,"Vargem Grande","Maranhão","Nordeste","21009","Itapecuru Mirim","21009","MACRORREGIAO NORTE"
211280,"Viana","Maranhão","Nordeste","21018","Viana","21018","MACRORREGIAO NORTE"
211285,"Vila Nova dos Martírios","Maranhão","Nordeste","21001","Acailandia","21001","MACRORREGIAO SUL"
211290,"Vitória do Mearim","Maranhão","Nordeste","21009","Itapecuru Mirim","21009","MACRORREGIAO NORTE"
211300,"Vitorino Freire","Maranhão","Nordeste","21002","Bacabal","21002","MACRORREGIAO NORTE"
211400,"Zé Doca","Maranhão","Nordeste","21019","Ze Doca","21019","MACRORREGIAO NORTE"
220005,"Acauã","Piauí","Nordeste","22012","Chapada Vale Do Rio Itaim","22012","SEMI-ARIDO"
220010,"Agricolândia","Piauí","Nordeste","22004","Entre Rios","22004","MEIO NORTE"
220020,"Água Branca","Piauí","Nordeste","22004","Entre Rios","22004","MEIO NORTE"
220025,"Alagoinha do Piauí","Piauí","Nordeste","22009","Vale Do Rio Guaribas","22009","SEMI-ARIDO"
220027,"Alegrete do Piauí","Piauí","Nordeste","22009","Vale Do Rio Guaribas","22009","SEMI-ARIDO"
220030,"Alto Longá","Piauí","Nordeste","22004","Entre Rios","22004","MEIO NORTE"
220040,"Altos","Piauí","Nordeste","22004","Entre Rios","22004","MEIO NORTE"
220045,"Alvorada do Gurguéia","Piauí","Nordeste","22002","Chapada Das Mangabeiras","22002","CERRADOS"
220050,"Amarante","Piauí","Nordeste","22004","Entre Rios","22004","MEIO NORTE"
220060,"Angical do Piauí","Piauí","Nordeste","22004","Entre Rios","22004","MEIO NORTE"
220070,"Anísio de Abreu","Piauí","Nordeste","22006","Serra Da Capivara","22006","CERRADOS"
220080,"Antônio Almeida","Piauí","Nordeste","22007","Tabuleiros Do Alto Parnaiba","22007","CERRADOS"
220090,"Aroazes","Piauí","Nordeste","22010","Vale Do Sambito","22010","SEMI-ARIDO"
220095,"Aroeiras do Itaim","Piauí","Nordeste","22009","Vale Do Rio Guaribas","22009","SEMI-ARIDO"
220100,"Arraial","Piauí","Nordeste","22011","Vale Dos Rios Piaui E Itaueiras","22011","CERRADOS"
220105,"Assunção do Piauí","Piauí","Nordeste","22001","Carnaubais","22001","MEIO NORTE"
220110,"Avelino Lopes","Piauí","Nordeste","22002","Chapada Das Mangabeiras","22002","CERRADOS"
220115,"Baixa Grande do Ribeiro","Piauí","Nordeste","22007","Tabuleiros Do Alto Parnaiba","22007","CERRADOS"
220117,"Barra D'Alcântara","Piauí","Nordeste","22010","Vale Do Sambito","22010","SEMI-ARIDO"
220120,"Barras","Piauí","Nordeste","22003","Cocais","22003","LITORAL"
220130,"Barreiras do Piauí","Piauí","Nordeste","22002","Chapada Das Mangabeiras","22002","CERRADOS"
220140,"Barro Duro","Piauí","Nordeste","22004","Entre Rios","22004","MEIO NORTE"
220150,"Batalha","Piauí","Nordeste","22003","Cocais","22003","LITORAL"
220155,"Bela Vista do Piauí","Piauí","Nordeste","22008","Vale Do Caninde","22008","SEMI-ARIDO"
220157,"Belém do Piauí","Piauí","Nordeste","22012","Chapada Vale Do Rio Itaim","22012","SEMI-ARIDO"
220160,"Beneditinos","Piauí","Nordeste","22004","Entre Rios","22004","MEIO NORTE"
220170,"Bertolínia","Piauí","Nordeste","22011","Vale Dos Rios Piaui E Itaueiras","22011","CERRADOS"
220173,"Betânia do Piauí","Piauí","Nordeste","22012","Chapada Vale Do Rio Itaim","22012","SEMI-ARIDO"
220177,"Boa Hora","Piauí","Nordeste","22001","Carnaubais","22001","MEIO NORTE"
220180,"Bocaina","Piauí","Nordeste","22009","Vale Do Rio Guaribas","22009","SEMI-ARIDO"
220190,"Bom Jesus","Piauí","Nordeste","22002","Chapada Das Mangabeiras","22002","CERRADOS"
220191,"Bom Princípio do Piauí","Piauí","Nordeste","22005","Planicie Litoranea","22005","LITORAL"
220192,"Bonfim do Piauí","Piauí","Nordeste","22006","Serra Da Capivara","22006","CERRADOS"
220194,"Boqueirão do Piauí","Piauí","Nordeste","22001","Carnaubais","22001","MEIO NORTE"
220196,"Brasileira","Piauí","Nordeste","22003","Cocais","22003","LITORAL"
220198,"Brejo do Piauí","Piauí","Nordeste","22011","Vale Dos Rios Piaui E Itaueiras","22011","CERRADOS"
220200,"Buriti dos Lopes","Piauí","Nordeste","22005","Planicie Litoranea","22005","LITORAL"
220202,"Buriti dos Montes","Piauí","Nordeste","22001","Carnaubais","22001","MEIO NORTE"
220205,"Cabeceiras do Piauí","Piauí","Nordeste","22001","Carnaubais","22001","MEIO NORTE"
220207,"Cajazeiras do Piauí","Piauí","Nordeste","22008","Vale Do Caninde","22008","SEMI-ARIDO"
220208,"Cajueiro da Praia","Piauí","Nordeste","22005","Planicie Litoranea","22005","LITORAL"
220209,"Caldeirão Grande do Piauí","Piauí","Nordeste","22012","Chapada Vale Do Rio Itaim","22012","SEMI-ARIDO"
220210,"Campinas do Piauí","Piauí","Nordeste","22008","Vale Do Caninde","22008","SEMI-ARIDO"
220211,"Campo Alegre do Fidalgo","Piauí","Nordeste","22006","Serra Da Capivara","22006","CERRADOS"
220213,"Campo Grande do Piauí","Piauí","Nordeste","22009","Vale Do Rio Guaribas","22009","SEMI-ARIDO"
220217,"Campo Largo do Piauí","Piauí","Nordeste","22003","Cocais","22003","LITORAL"
220220,"Campo Maior","Piauí","Nordeste","22001","Carnaubais","22001","MEIO NORTE"
220225,"Canavieira","Piauí","Nordeste","22011","Vale Dos Rios Piaui E Itaueiras","22011","CERRADOS"
220230,"Canto do Buriti","Piauí","Nordeste","22011","Vale Dos Rios Piaui E Itaueiras","22011","CERRADOS"
220240,"Capitão de Campos","Piauí","Nordeste","22003","Cocais","22003","LITORAL"
220245,"Capitão Gervásio Oliveira","Piauí","Nordeste","22006","Serra Da Capivara","22006","CERRADOS"
220250,"Caracol","Piauí","Nordeste","22006","Serra Da Capivara","22006","CERRADOS"
220253,"Caraúbas do Piauí","Piauí","Nordeste","22005","Planicie Litoranea","22005","LITORAL"
220255,"Caridade do Piauí","Piauí","Nordeste","22012","Chapada Vale Do Rio Itaim","22012","SEMI-ARIDO"
220260,"Castelo do Piauí","Piauí","Nordeste","22001","Carnaubais","22001","MEIO NORTE"
220265,"Caxingó","Piauí","Nordeste","22005","Planicie Litoranea","22005","LITORAL"
220270,"Cocal","Piauí","Nordeste","22005","Planicie Litoranea","22005","LITORAL"
220271,"Cocal de Telha","Piauí","Nordeste","22001","Carnaubais","22001","MEIO NORTE"
220272,"Cocal dos Alves","Piauí","Nordeste","22005","Planicie Litoranea","22005","LITORAL"
220273,"Coivaras","Piauí","Nordeste","22004","Entre Rios","22004","MEIO NORTE"
220275,"Colônia do Gurguéia","Piauí","Nordeste","22011","Vale Dos Rios Piaui E Itaueiras","22011","CERRADOS"
220277,"Colônia do Piauí","Piauí","Nordeste","22008","Vale Do Caninde","22008","SEMI-ARIDO"
220280,"Conceição do Canindé","Piauí","Nordeste","22008","Vale Do Caninde","22008","SEMI-ARIDO"
220285,"Coronel José Dias","Piauí","Nordeste","22006","Serra Da Capivara","22006","CERRADOS"
220290,"Corrente","Piauí","Nordeste","22002","Chapada Das Mangabeiras","22002","CERRADOS"
220300,"Cristalândia do Piauí","Piauí","Nordeste","22002","Chapada Das Mangabeiras","22002","CERRADOS"
220310,"Cristino Castro","Piauí","Nordeste","22002","Chapada Das Mangabeiras","22002","CERRADOS"
220320,"Curimatá","Piauí","Nordeste","22002","Chapada Das Mangabeiras","22002","CERRADOS"
220323,"Currais","Piauí","Nordeste","22002","Chapada Das Mangabeiras","22002","CERRADOS"
220327,"Curral Novo do Piauí","Piauí","Nordeste","22012","Chapada Vale Do Rio Itaim","22012","SEMI-ARIDO"
220325,"Curralinhos","Piauí","Nordeste","22004","Entre Rios","22004","MEIO NORTE"
220330,"Demerval Lobão","Piauí","Nordeste","22004","Entre Rios","22004","MEIO NORTE"
220335,"Dirceu Arcoverde","Piauí","Nordeste","22006","Serra Da Capivara","22006","CERRADOS"
220340,"Dom Expedito Lopes","Piauí","Nordeste","22009","Vale Do Rio Guaribas","22009","SEMI-ARIDO"
220345,"Dom Inocêncio","Piauí","Nordeste","22006","Serra Da Capivara","22006","CERRADOS"
220342,"Domingos Mourão","Piauí","Nordeste","22003","Cocais","22003","LITORAL"
220350,"Elesbão Veloso","Piauí","Nordeste","22010","Vale Do Sambito","22010","SEMI-ARIDO"
220360,"Eliseu Martins","Piauí","Nordeste","22011","Vale Dos Rios Piaui E Itaueiras","22011","CERRADOS"
220370,"Esperantina","Piauí","Nordeste","22003","Cocais","22003","LITORAL"
220375,"Fartura do Piauí","Piauí","Nordeste","22006","Serra Da Capivara","22006","CERRADOS"
220380,"Flores do Piauí","Piauí","Nordeste","22011","Vale Dos Rios Piaui E Itaueiras","22011","CERRADOS"
220385,"Floresta do Piauí","Piauí","Nordeste","22008","Vale Do Caninde","22008","SEMI-ARIDO"
220390,"Floriano","Piauí","Nordeste","22011","Vale Dos Rios Piaui E Itaueiras","22011","CERRADOS"
220400,"Francinópolis","Piauí","Nordeste","22010","Vale Do Sambito","22010","SEMI-ARIDO"
220410,"Francisco Ayres","Piauí","Nordeste","22011","Vale Dos Rios Piaui E Itaueiras","22011","CERRADOS"
220415,"Francisco Macedo","Piauí","Nordeste","22012","Chapada Vale Do Rio Itaim","22012","SEMI-ARIDO"
220420,"Francisco Santos","Piauí","Nordeste","22009","Vale Do Rio Guaribas","22009","SEMI-ARIDO"
220430,"Fronteiras","Piauí","Nordeste","22009","Vale Do Rio Guaribas","22009","SEMI-ARIDO"
220435,"Geminiano","Piauí","Nordeste","22009","Vale Do Rio Guaribas","22009","SEMI-ARIDO"
220440,"Gilbués","Piauí","Nordeste","22002","Chapada Das Mangabeiras","22002","CERRADOS"
220450,"Guadalupe","Piauí","Nordeste","22011","Vale Dos Rios Piaui E Itaueiras","22011","CERRADOS"
220455,"Guaribas","Piauí","Nordeste","22006","Serra Da Capivara","22006","CERRADOS"
220460,"Hugo Napoleão","Piauí","Nordeste","22004","Entre Rios","22004","MEIO NORTE"
220465,"Ilha Grande","Piauí","Nordeste","22005","Planicie Litoranea","22005","LITORAL"
220470,"Inhuma","Piauí","Nordeste","22010","Vale Do Sambito","22010","SEMI-ARIDO"
220480,"Ipiranga do Piauí","Piauí","Nordeste","22009","Vale Do Rio Guaribas","22009","SEMI-ARIDO"
220490,"Isaías Coelho","Piauí","Nordeste","22008","Vale Do Caninde","22008","SEMI-ARIDO"
220500,"Itainópolis","Piauí","Nordeste","22009","Vale Do Rio Guaribas","22009","SEMI-ARIDO"
220510,"Itaueira","Piauí","Nordeste","22011","Vale Dos Rios Piaui E Itaueiras","22011","CERRADOS"
220515,"Jacobina do Piauí","Piauí","Nordeste","22012","Chapada Vale Do Rio Itaim","22012","SEMI-ARIDO"
220520,"Jaicós","Piauí","Nordeste","22012","Chapada Vale Do Rio Itaim","22012","SEMI-ARIDO"
220525,"Jardim do Mulato","Piauí","Nordeste","22004","Entre Rios","22004","MEIO NORTE"
220527,"Jatobá do Piauí","Piauí","Nordeste","22001","Carnaubais","22001","MEIO NORTE"
220530,"Jerumenha","Piauí","Nordeste","22011","Vale Dos Rios Piaui E Itaueiras","22011","CERRADOS"
220535,"João Costa","Piauí","Nordeste","22006","Serra Da Capivara","22006","CERRADOS"
220540,"Joaquim Pires","Piauí","Nordeste","22003","Cocais","22003","LITORAL"
220545,"Joca Marques","Piauí","Nordeste","22003","Cocais","22003","LITORAL"
220550,"José de Freitas","Piauí","Nordeste","22004","Entre Rios","22004","MEIO NORTE"
220551,"Juazeiro do Piauí","Piauí","Nordeste","22001","Carnaubais","22001","MEIO NORTE"
220552,"Júlio Borges","Piauí","Nordeste","22002","Chapada Das Mangabeiras","22002","CERRADOS"
220553,"Jurema","Piauí","Nordeste","22006","Serra Da Capivara","22006","CERRADOS"
220555,"Lagoa Alegre","Piauí","Nordeste","22004","Entre Rios","22004","MEIO NORTE"
220557,"Lagoa de São Francisco","Piauí","Nordeste","22003","Cocais","22003","LITORAL"
220556,"Lagoa do Barro do Piauí","Piauí","Nordeste","22006","Serra Da Capivara","22006","CERRADOS"
220558,"Lagoa do Piauí","Piauí","Nordeste","22004","Entre Rios","22004","MEIO NORTE"
220559,"Lagoa do Sítio","Piauí","Nordeste","22010","Vale Do Sambito","22010","SEMI-ARIDO"
220554,"Lagoinha do Piauí","Piauí","Nordeste","22004","Entre Rios","22004","MEIO NORTE"
220560,"Landri Sales","Piauí","Nordeste","22011","Vale Dos Rios Piaui E Itaueiras","22011","CERRADOS"
220570,"Luís Correia","Piauí","Nordeste","22005","Planicie Litoranea","22005","LITORAL"
220580,"Luzilândia","Piauí","Nordeste","22003","Cocais","22003","LITORAL"
220585,"Madeiro","Piauí","Nordeste","22003","Cocais","22003","LITORAL"
220590,"Manoel Emídio","Piauí","Nordeste","22011","Vale Dos Rios Piaui E Itaueiras","22011","CERRADOS"
220595,"Marcolândia","Piauí","Nordeste","22012","Chapada Vale Do Rio Itaim","22012","SEMI-ARIDO"
220600,"Marcos Parente","Piauí","Nordeste","22011","Vale Dos Rios Piaui E Itaueiras","22011","CERRADOS"
220605,"Massapê do Piauí","Piauí","Nordeste","22012","Chapada Vale Do Rio Itaim","22012","SEMI-ARIDO"
220610,"Matias Olímpio","Piauí","Nordeste","22003","Cocais","22003","LITORAL"
220620,"Miguel Alves","Piauí","Nordeste","22004","Entre Rios","22004","MEIO NORTE"
220630,"Miguel Leão","Piauí","Nordeste","22004","Entre Rios","22004","MEIO NORTE"
220635,"Milton Brandão","Piauí","Nordeste","22003","Cocais","22003","LITORAL"
220640,"Monsenhor Gil","Piauí","Nordeste","22004","Entre Rios","22004","MEIO NORTE"
220650,"Monsenhor Hipólito","Piauí","Nordeste","22009","Vale Do Rio Guaribas","22009","SEMI-ARIDO"
220660,"Monte Alegre do Piauí","Piauí","Nordeste","22002","Chapada Das Mangabeiras","22002","CERRADOS"
220665,"Morro Cabeça no Tempo","Piauí","Nordeste","22002","Chapada Das Mangabeiras","22002","CERRADOS"
220667,"Morro do Chapéu do Piauí","Piauí","Nordeste","22003","Cocais","22003","LITORAL"
220669,"Murici dos Portelas","Piauí","Nordeste","22005","Planicie Litoranea","22005","LITORAL"
220670,"Nazaré do Piauí","Piauí","Nordeste","22011","Vale Dos Rios Piaui E Itaueiras","22011","CERRADOS"
220672,"Nazária","Piauí","Nordeste","22004","Entre Rios","22004","MEIO NORTE"
220675,"Nossa Senhora de Nazaré","Piauí","Nordeste","22001","Carnaubais","22001","MEIO NORTE"
220680,"Nossa Senhora dos Remédios","Piauí","Nordeste","22003","Cocais","22003","LITORAL"
220795,"Nova Santa Rita","Piauí","Nordeste","22006","Serra Da Capivara","22006","CERRADOS"
220690,"Novo Oriente do Piauí","Piauí","Nordeste","22010","Vale Do Sambito","22010","SEMI-ARIDO"
220695,"Novo Santo Antônio","Piauí","Nordeste","22001","Carnaubais","22001","MEIO NORTE"
220700,"Oeiras","Piauí","Nordeste","22008","Vale Do Caninde","22008","SEMI-ARIDO"
220710,"Olho D'Água do Piauí","Piauí","Nordeste","22004","Entre Rios","22004","MEIO NORTE"
220720,"Padre Marcos","Piauí","Nordeste","22012","Chapada Vale Do Rio Itaim","22012","SEMI-ARIDO"
220730,"Paes Landim","Piauí","Nordeste","22011","Vale Dos Rios Piaui E Itaueiras","22011","CERRADOS"
220735,"Pajeú do Piauí","Piauí","Nordeste","22011","Vale Dos Rios Piaui E Itaueiras","22011","CERRADOS"
220740,"Palmeira do Piauí","Piauí","Nordeste","22002","Chapada Das Mangabeiras","22002","CERRADOS"
220750,"Palmeirais","Piauí","Nordeste","22004","Entre Rios","22004","MEIO NORTE"
220755,"Paquetá","Piauí","Nordeste","22009","Vale Do Rio Guaribas","22009","SEMI-ARIDO"
220760,"Parnaguá","Piauí","Nordeste","22002","Chapada Das Mangabeiras","22002","CERRADOS"
220770,"Parnaíba","Piauí","Nordeste","22005","Planicie Litoranea","22005","LITORAL"
220775,"Passagem Franca do Piauí","Piauí","Nordeste","22004","Entre Rios","22004","MEIO NORTE"
220777,"Patos do Piauí","Piauí","Nordeste","22012","Chapada Vale Do Rio Itaim","22012","SEMI-ARIDO"
220779,"Pau D'Arco do Piauí","Piauí","Nordeste","22004","Entre Rios","22004","MEIO NORTE"
220780,"Paulistana","Piauí","Nordeste","22012","Chapada Vale Do Rio Itaim","22012","SEMI-ARIDO"
220785,"Pavussu","Piauí","Nordeste","22011","Vale Dos Rios Piaui E Itaueiras","22011","CERRADOS"
220790,"Pedro II","Piauí","Nordeste","22003","Cocais","22003","LITORAL"
220793,"Pedro Laurentino","Piauí","Nordeste","22006","Serra Da Capivara","22006","CERRADOS"
220800,"Picos","Piauí","Nordeste","22009","Vale Do Rio Guaribas","22009","SEMI-ARIDO"
220810,"Pimenteiras","Piauí","Nordeste","22010","Vale Do Sambito","22010","SEMI-ARIDO"
220820,"Pio IX","Piauí","Nordeste","22009","Vale Do Rio Guaribas","22009","SEMI-ARIDO"
220830,"Piracuruca","Piauí","Nordeste","22003","Cocais","22003","LITORAL"
220840,"Piripiri","Piauí","Nordeste","22003","Cocais","22003","LITORAL"
220850,"Porto","Piauí","Nordeste","22003","Cocais","22003","LITORAL"
220855,"Porto Alegre do Piauí","Piauí","Nordeste","22011","Vale Dos Rios Piaui E Itaueiras","22011","CERRADOS"
220860,"Prata do Piauí","Piauí","Nordeste","22010","Vale Do Sambito","22010","SEMI-ARIDO"
220865,"Queimada Nova","Piauí","Nordeste","22012","Chapada Vale Do Rio Itaim","22012","SEMI-ARIDO"
220870,"Redenção do Gurguéia","Piauí","Nordeste","22002","Chapada Das Mangabeiras","22002","CERRADOS"
220880,"Regeneração","Piauí","Nordeste","22004","Entre Rios","22004","MEIO NORTE"
220885,"Riacho Frio","Piauí","Nordeste","22002","Chapada Das Mangabeiras","22002","CERRADOS"
220887,"Ribeira do Piauí","Piauí","Nordeste","22011","Vale Dos Rios Piaui E Itaueiras","22011","CERRADOS"
220890,"Ribeiro Gonçalves","Piauí","Nordeste","22007","Tabuleiros Do Alto Parnaiba","22007","CERRADOS"
220900,"Rio Grande do Piauí","Piauí","Nordeste","22011","Vale Dos Rios Piaui E Itaueiras","22011","CERRADOS"
220910,"Santa Cruz do Piauí","Piauí","Nordeste","22009","Vale Do Rio Guaribas","22009","SEMI-ARIDO"
220915,"Santa Cruz dos Milagres","Piauí","Nordeste","22010","Vale Do Sambito","22010","SEMI-ARIDO"
220920,"Santa Filomena","Piauí","Nordeste","22002","Chapada Das Mangabeiras","22002","CERRADOS"
220930,"Santa Luz","Piauí","Nordeste","22002","Chapada Das Mangabeiras","22002","CERRADOS"
220937,"Santa Rosa do Piauí","Piauí","Nordeste","22008","Vale Do Caninde","22008","SEMI-ARIDO"
220935,"Santana do Piauí","Piauí","Nordeste","22009","Vale Do Rio Guaribas","22009","SEMI-ARIDO"
220940,"Santo Antônio de Lisboa","Piauí","Nordeste","22009","Vale Do Rio Guaribas","22009","SEMI-ARIDO"
220945,"Santo Antônio dos Milagres","Piauí","Nordeste","22004","Entre Rios","22004","MEIO NORTE"
220950,"Santo Inácio do Piauí","Piauí","Nordeste","22008","Vale Do Caninde","22008","SEMI-ARIDO"
220955,"São Braz do Piauí","Piauí","Nordeste","22006","Serra Da Capivara","22006","CERRADOS"
220960,"São Félix do Piauí","Piauí","Nordeste","22010","Vale Do Sambito","22010","SEMI-ARIDO"
220965,"São Francisco de Assis do Piauí","Piauí","Nordeste","22008","Vale Do Caninde","22008","SEMI-ARIDO"
220970,"São Francisco do Piauí","Piauí","Nordeste","22011","Vale Dos Rios Piaui E Itaueiras","22011","CERRADOS"
220975,"São Gonçalo do Gurguéia","Piauí","Nordeste","22002","Chapada Das Mangabeiras","22002","CERRADOS"
220980,"São Gonçalo do Piauí","Piauí","Nordeste","22004","Entre Rios","22004","MEIO NORTE"
220985,"São João da Canabrava","Piauí","Nordeste","22009","Vale Do Rio Guaribas","22009","SEMI-ARIDO"
220987,"São João da Fronteira","Piauí","Nordeste","22003","Cocais","22003","LITORAL"
220990,"São João da Serra","Piauí","Nordeste","22001","Carnaubais","22001","MEIO NORTE"
220995,"São João da Varjota","Piauí","Nordeste","22008","Vale Do Caninde","22008","SEMI-ARIDO"
220997,"São João do Arraial","Piauí","Nordeste","22003","Cocais","22003","LITORAL"
221000,"São João do Piauí","Piauí","Nordeste","22006","Serra Da Capivara","22006","CERRADOS"
221005,"São José do Divino","Piauí","Nordeste","22003","Cocais","22003","LITORAL"
221010,"São José do Peixe","Piauí","Nordeste","22011","Vale Dos Rios Piaui E Itaueiras","22011","CERRADOS"
221020,"São José do Piauí","Piauí","Nordeste","22009","Vale Do Rio Guaribas","22009","SEMI-ARIDO"
221030,"São Julião","Piauí","Nordeste","22009","Vale Do Rio Guaribas","22009","SEMI-ARIDO"
221035,"São Lourenço do Piauí","Piauí","Nordeste","22006","Serra Da Capivara","22006","CERRADOS"
221037,"São Luis do Piauí","Piauí","Nordeste","22009","Vale Do Rio Guaribas","22009","SEMI-ARIDO"
221038,"São Miguel da Baixa Grande","Piauí","Nordeste","22010","Vale Do Sambito","22010","SEMI-ARIDO"
221039,"São Miguel do Fidalgo","Piauí","Nordeste","22011","Vale Dos Rios Piaui E Itaueiras","22011","CERRADOS"
221040,"São Miguel do Tapuio","Piauí","Nordeste","22001","Carnaubais","22001","MEIO NORTE"
221050,"São Pedro do Piauí","Piauí","Nordeste","22004","Entre Rios","22004","MEIO NORTE"
221060,"São Raimundo Nonato","Piauí","Nordeste","22006","Serra Da Capivara","22006","CERRADOS"
221062,"Sebastião Barros","Piauí","Nordeste","22002","Chapada Das Mangabeiras","22002","CERRADOS"
221063,"Sebastião Leal","Piauí","Nordeste","22007","Tabuleiros Do Alto Parnaiba","22007","CERRADOS"
221065,"Sigefredo Pacheco","Piauí","Nordeste","22001","Carnaubais","22001","MEIO NORTE"
221070,"Simões","Piauí","Nordeste","22012","Chapada Vale Do Rio Itaim","22012","SEMI-ARIDO"
221080,"Simplício Mendes","Piauí","Nordeste","22008","Vale Do Caninde","22008","SEMI-ARIDO"
221090,"Socorro do Piauí","Piauí","Nordeste","22011","Vale Dos Rios Piaui E Itaueiras","22011","CERRADOS"
221093,"Sussuapara","Piauí","Nordeste","22009","Vale Do Rio Guaribas","22009","SEMI-ARIDO"
221095,"Tamboril do Piauí","Piauí","Nordeste","22011","Vale Dos Rios Piaui E Itaueiras","22011","CERRADOS"
221097,"Tanque do Piauí","Piauí","Nordeste","22008","Vale Do Caninde","22008","SEMI-ARIDO"
221100,"Teresina","Piauí","Nordeste","22004","Entre Rios","22004","MEIO NORTE"
221110,"União","Piauí","Nordeste","22004","Entre Rios","22004","MEIO NORTE"
221120,"Uruçuí","Piauí","Nordeste","22007","Tabuleiros Do Alto Parnaiba","22007","CERRADOS"
221130,"Valença do Piauí","Piauí","Nordeste","22010","Vale Do Sambito","22010","SEMI-ARIDO"
221135,"Várzea Branca","Piauí","Nordeste","22006","Serra Da Capivara","22006","CERRADOS"
221140,"Várzea Grande","Piauí","Nordeste","22010","Vale Do Sambito","22010","SEMI-ARIDO"
221150,"Vera Mendes","Piauí","Nordeste","22009","Vale Do Rio Guaribas","22009","SEMI-ARIDO"
221160,"Vila Nova do Piauí","Piauí","Nordeste","22009","Vale Do Rio Guaribas","22009","SEMI-ARIDO"
221170,"Wall Ferraz","Piauí","Nordeste","22009","Vale Do Rio Guaribas","22009","SEMI-ARIDO"
230010,"Abaiara","Ceará","Nordeste","23023","2ª Rs Cariri","23023","CARIRI"
230015,"Acarape","Ceará","Nordeste","23001","1ª Rs Fortaleza","23001","FORTALEZA"
230020,"Acaraú","Ceará","Nordeste","23011","5ª Rs Sobral","23011","SOBRAL"
230030,"Acopiara","Ceará","Nordeste","23023","2ª Rs Cariri","23023","CARIRI"
230040,"Aiuaba","Ceará","Nordeste","23024","3ª Rs Sertao Central","23024","SERTAO CENTRAL"
230050,"Alcântaras","Ceará","Nordeste","23011","5ª Rs Sobral","23011","SOBRAL"
230060,"Altaneira","Ceará","Nordeste","23023","2ª Rs Cariri","23023","CARIRI"
230070,"Alto Santo","Ceará","Nordeste","23025","4ª Rs Litoral Leste Jaguaribe","23025","LITORAL LESTE JAGUARIBE"
230075,"Amontada","Ceará","Nordeste","23001","1ª Rs Fortaleza","23001","FORTALEZA"
230080,"Antonina do Norte","Ceará","Nordeste","23023","2ª Rs Cariri","23023","CARIRI"
230090,"Apuiarés","Ceará","Nordeste","23001","1ª Rs Fortaleza","23001","FORTALEZA"
230100,"Aquiraz","Ceará","Nordeste","23001","1ª Rs Fortaleza","23001","FORTALEZA"
230110,"Aracati","Ceará","Nordeste","23025","4ª Rs Litoral Leste Jaguaribe","23025","LITORAL LESTE JAGUARIBE"
230120,"Aracoiaba","Ceará","Nordeste","23001","1ª Rs Fortaleza","23001","FORTALEZA"
230125,"Ararendá","Ceará","Nordeste","23011","5ª Rs Sobral","23011","SOBRAL"
230130,"Araripe","Ceará","Nordeste","23023","2ª Rs Cariri","23023","CARIRI"
230140,"Aratuba","Ceará","Nordeste","23001","1ª Rs Fortaleza","23001","FORTALEZA"
230150,"Arneiroz","Ceará","Nordeste","23024","3ª Rs Sertao Central","23024","SERTAO CENTRAL"
230160,"Assaré","Ceará","Nordeste","23023","2ª Rs Cariri","23023","CARIRI"
230170,"Aurora","Ceará","Nordeste","23023","2ª Rs Cariri","23023","CARIRI"
230180,"Baixio","Ceará","Nordeste","23023","2ª Rs Cariri","23023","CARIRI"
230185,"Banabuiú","Ceará","Nordeste","23024","3ª Rs Sertao Central","23024","SERTAO CENTRAL"
230190,"Barbalha","Ceará","Nordeste","23023","2ª Rs Cariri","23023","CARIRI"
230195,"Barreira","Ceará","Nordeste","23001","1ª Rs Fortaleza","23001","FORTALEZA"
230200,"Barro","Ceará","Nordeste","23023","2ª Rs Cariri","23023","CARIRI"
230205,"Barroquinha","Ceará","Nordeste","23011","5ª Rs Sobral","23011","SOBRAL"
230210,"Baturité","Ceará","Nordeste","23001","1ª Rs Fortaleza","23001","FORTALEZA"
230220,"Beberibe","Ceará","Nordeste","23001","1ª Rs Fortaleza","23001","FORTALEZA"
230230,"Bela Cruz","Ceará","Nordeste","23011","5ª Rs Sobral","23011","SOBRAL"
230240,"Boa Viagem","Ceará","Nordeste","23024","3ª Rs Sertao Central","23024","SERTAO CENTRAL"
230250,"Brejo Santo","Ceará","Nordeste","23023","2ª Rs Cariri","23023","CARIRI"
230260,"Camocim","Ceará","Nordeste","23011","5ª Rs Sobral","23011","SOBRAL"
230270,"Campos Sales","Ceará","Nordeste","23023","2ª Rs Cariri","23023","CARIRI"
230280,"Canindé","Ceará","Nordeste","23024","3ª Rs Sertao Central","23024","SERTAO CENTRAL"
230290,"Capistrano","Ceará","Nordeste","23001","1ª Rs Fortaleza","23001","FORTALEZA"
230300,"Caridade","Ceará","Nordeste","23024","3ª Rs Sertao Central","23024","SERTAO CENTRAL"
230310,"Cariré","Ceará","Nordeste","23011","5ª Rs Sobral","23011","SOBRAL"
230320,"Caririaçu","Ceará","Nordeste","23023","2ª Rs Cariri","23023","CARIRI"
230330,"Cariús","Ceará","Nordeste","23023","2ª Rs Cariri","23023","CARIRI"
230340,"Carnaubal","Ceará","Nordeste","23011","5ª Rs Sobral","23011","SOBRAL"
230350,"Cascavel","Ceará","Nordeste","23001","1ª Rs Fortaleza","23001","FORTALEZA"
230360,"Catarina","Ceará","Nordeste","23023","2ª Rs Cariri","23023","CARIRI"
230365,"Catunda","Ceará","Nordeste","23011","5ª Rs Sobral","23011","SOBRAL"
230370,"Caucaia","Ceará","Nordeste","23001","1ª Rs Fortaleza","23001","FORTALEZA"
230380,"Cedro","Ceará","Nordeste","23023","2ª Rs Cariri","23023","CARIRI"
230390,"Chaval","Ceará","Nordeste","23011","5ª Rs Sobral","23011","SOBRAL"
230393,"Choró","Ceará","Nordeste","23024","3ª Rs Sertao Central","23024","SERTAO CENTRAL"
230395,"Chorozinho","Ceará","Nordeste","23001","1ª Rs Fortaleza","23001","FORTALEZA"
230400,"Coreaú","Ceará","Nordeste","23011","5ª Rs Sobral","23011","SOBRAL"
230410,"Crateús","Ceará","Nordeste","23011","5ª Rs Sobral","23011","SOBRAL"
230420,"Crato","Ceará","Nordeste","23023","2ª Rs Cariri","23023","CARIRI"
230423,"Croatá","Ceará","Nordeste","23011","5ª Rs Sobral","23011","SOBRAL"
230425,"Cruz","Ceará","Nordeste","23011","5ª Rs Sobral","23011","SOBRAL"
230426,"Deputado Irapuan Pinheiro","Ceará","Nordeste","23023","2ª Rs Cariri","23023","CARIRI"
230427,"Ererê","Ceará","Nordeste","23025","4ª Rs Litoral Leste Jaguaribe","23025","LITORAL LESTE JAGUARIBE"
230428,"Eusébio","Ceará","Nordeste","23001","1ª Rs Fortaleza","23001","FORTALEZA"
230430,"Farias Brito","Ceará","Nordeste","23023","2ª Rs Cariri","23023","CARIRI"
230435,"Forquilha","Ceará","Nordeste","23011","5ª Rs Sobral","23011","SOBRAL"
230440,"Fortaleza","Ceará","Nordeste","23001","1ª Rs Fortaleza","23001","FORTALEZA"
230445,"Fortim","Ceará","Nordeste","23025","4ª Rs Litoral Leste Jaguaribe","23025","LITORAL LESTE JAGUARIBE"
230450,"Frecheirinha","Ceará","Nordeste","23011","5ª Rs Sobral","23011","SOBRAL"
230460,"General Sampaio","Ceará","Nordeste","23001","1ª Rs Fortaleza","23001","FORTALEZA"
230465,"Graça","Ceará","Nordeste","23011","5ª Rs Sobral","23011","SOBRAL"
230470,"Granja","Ceará","Nordeste","23011","5ª Rs Sobral","23011","SOBRAL"
230480,"Granjeiro","Ceará","Nordeste","23023","2ª Rs Cariri","23023","CARIRI"
230490,"Groaíras","Ceará","Nordeste","23011","5ª Rs Sobral","23011","SOBRAL"
230495,"Guaiúba","Ceará","Nordeste","23001","1ª Rs Fortaleza","23001","FORTALEZA"
230500,"Guaraciaba do Norte","Ceará","Nordeste","23011","5ª Rs Sobral","23011","SOBRAL"
230510,"Guaramiranga","Ceará","Nordeste","23001","1ª Rs Fortaleza","23001","FORTALEZA"
230520,"Hidrolândia","Ceará","Nordeste","23011","5ª Rs Sobral","23011","SOBRAL"
230523,"Horizonte","Ceará","Nordeste","23001","1ª Rs Fortaleza","23001","FORTALEZA"
230526,"Ibaretama","Ceará","Nordeste","23024","3ª Rs Sertao Central","23024","SERTAO CENTRAL"
230530,"Ibiapina","Ceará","Nordeste","23011","5ª Rs Sobral","23011","SOBRAL"
230533,"Ibicuitinga","Ceará","Nordeste","23024","3ª Rs Sertao Central","23024","SERTAO CENTRAL"
230535,"Icapuí","Ceará","Nordeste","23025","4ª Rs Litoral Leste Jaguaribe","23025","LITORAL LESTE JAGUARIBE"
230540,"Icó","Ceará","Nordeste","23023","2ª Rs Cariri","23023","CARIRI"
230550,"Iguatu","Ceará","Nordeste","23023","2ª Rs Cariri","23023","CARIRI"
230560,"Independência","Ceará","Nordeste","23011","5ª Rs Sobral","23011","SOBRAL"
230565,"Ipaporanga","Ceará","Nordeste","23011","5ª Rs Sobral","23011","SOBRAL"
230570,"Ipaumirim","Ceará","Nordeste","23023","2ª Rs Cariri","23023","CARIRI"
230580,"Ipu","Ceará","Nordeste","23011","5ª Rs Sobral","23011","SOBRAL"
230590,"Ipueiras","Ceará","Nordeste","23011","5ª Rs Sobral","23011","SOBRAL"
230600,"Iracema","Ceará","Nordeste","23025","4ª Rs Litoral Leste Jaguaribe","23025","LITORAL LESTE JAGUARIBE"
230610,"Irauçuba","Ceará","Nordeste","23011","5ª Rs Sobral","23011","SOBRAL"
230620,"Itaiçaba","Ceará","Nordeste","23025","4ª Rs Litoral Leste Jaguaribe","23025","LITORAL LESTE JAGUARIBE"
230625,"Itaitinga","Ceará","Nordeste","23001","1ª Rs Fortaleza","23001","FORTALEZA"
230630,"Itapajé","Ceará","Nordeste","23001","1ª Rs Fortaleza","23001","FORTALEZA"
230640,"Itapipoca","Ceará","Nordeste","23001","1ª Rs Fortaleza","23001","FORTALEZA"
230650,"Itapiúna","Ceará","Nordeste","23001","1ª Rs Fortaleza","23001","FORTALEZA"
230655,"Itarema","Ceará","Nordeste","23011","5ª Rs Sobral","23011","SOBRAL"
230660,"Itatira","Ceará","Nordeste","23024","3ª Rs Sertao Central","23024","SERTAO CENTRAL"
230670,"Jaguaretama","Ceará","Nordeste","23025","4ª Rs Litoral Leste Jaguaribe","23025","LITORAL LESTE JAGUARIBE"
230680,"Jaguaribara","Ceará","Nordeste","23025","4ª Rs Litoral Leste Jaguaribe","23025","LITORAL LESTE JAGUARIBE"
230690,"Jaguaribe","Ceará","Nordeste","23025","4ª Rs Litoral Leste Jaguaribe","23025","LITORAL LESTE JAGUARIBE"
230700,"Jaguaruana","Ceará","Nordeste","23025","4ª Rs Litoral Leste Jaguaribe","23025","LITORAL LESTE JAGUARIBE"
230710,"Jardim","Ceará","Nordeste","23023","2ª Rs Cariri","23023","CARIRI"
230720,"Jati","Ceará","Nordeste","23023","2ª Rs Cariri","23023","CARIRI"
230725,"Jijoca de Jericoacoara","Ceará","Nordeste","23011","5ª Rs Sobral","23011","SOBRAL"
230730,"Juazeiro do Norte","Ceará","Nordeste","23023","2ª Rs Cariri","23023","CARIRI"
230740,"Jucás","Ceará","Nordeste","23023","2ª Rs Cariri","23023","CARIRI"
230750,"Lavras da Mangabeira","Ceará","Nordeste","23023","2ª Rs Cariri","23023","CARIRI"
230760,"Limoeiro do Norte","Ceará","Nordeste","23025","4ª Rs Litoral Leste Jaguaribe","23025","LITORAL LESTE JAGUARIBE"
230763,"Madalena","Ceará","Nordeste","23024","3ª Rs Sertao Central","23024","SERTAO CENTRAL"
230765,"Maracanaú","Ceará","Nordeste","23001","1ª Rs Fortaleza","23001","FORTALEZA"
230770,"Maranguape","Ceará","Nordeste","23001","1ª Rs Fortaleza","23001","FORTALEZA"
230780,"Marco","Ceará","Nordeste","23011","5ª Rs Sobral","23011","SOBRAL"
230790,"Martinópole","Ceará","Nordeste","23011","5ª Rs Sobral","23011","SOBRAL"
230800,"Massapê","Ceará","Nordeste","23011","5ª Rs Sobral","23011","SOBRAL"
230810,"Mauriti","Ceará","Nordeste","23023","2ª Rs Cariri","23023","CARIRI"
230820,"Meruoca","Ceará","Nordeste","23011","5ª Rs Sobral","23011","SOBRAL"
230830,"Milagres","Ceará","Nordeste","23023","2ª Rs Cariri","23023","CARIRI"
230835,"Milhã","Ceará","Nordeste","23024","3ª Rs Sertao Central","23024","SERTAO CENTRAL"
230837,"Miraíma","Ceará","Nordeste","23001","1ª Rs Fortaleza","23001","FORTALEZA"
230840,"Missão Velha","Ceará","Nordeste","23023","2ª Rs Cariri","23023","CARIRI"
230850,"Mombaça","Ceará","Nordeste","23023","2ª Rs Cariri","23023","CARIRI"
230860,"Monsenhor Tabosa","Ceará","Nordeste","23011","5ª Rs Sobral","23011","SOBRAL"
230870,"Morada Nova","Ceará","Nordeste","23025","4ª Rs Litoral Leste Jaguaribe","23025","LITORAL LESTE JAGUARIBE"
230880,"Moraújo","Ceará","Nordeste","23011","5ª Rs Sobral","23011","SOBRAL"
230890,"Morrinhos","Ceará","Nordeste","23011","5ª Rs Sobral","23011","SOBRAL"
230900,"Mucambo","Ceará","Nordeste","23011","5ª Rs Sobral","23011","SOBRAL"
230910,"Mulungu","Ceará","Nordeste","23001","1ª Rs Fortaleza","23001","FORTALEZA"
230920,"Nova Olinda","Ceará","Nordeste","23023","2ª Rs Cariri","23023","CARIRI"
230930,"Nova Russas","Ceará","Nordeste","23011","5ª Rs Sobral","23011","SOBRAL"
230940,"Novo Oriente","Ceará","Nordeste","23011","5ª Rs Sobral","23011","SOBRAL"
230945,"Ocara","Ceará","Nordeste","23001","1ª Rs Fortaleza","23001","FORTALEZA"
230950,"Orós","Ceará","Nordeste","23023","2ª Rs Cariri","23023","CARIRI"
230960,"Pacajus","Ceará","Nordeste","23001","1ª Rs Fortaleza","23001","FORTALEZA"
230970,"Pacatuba","Ceará","Nordeste","23001","1ª Rs Fortaleza","23001","FORTALEZA"
230980,"Pacoti","Ceará","Nordeste","23001","1ª Rs Fortaleza","23001","FORTALEZA"
230990,"Pacujá","Ceará","Nordeste","23011","5ª Rs Sobral","23011","SOBRAL"
231000,"Palhano","Ceará","Nordeste","23025","4ª Rs Litoral Leste Jaguaribe","23025","LITORAL LESTE JAGUARIBE"
231010,"Palmácia","Ceará","Nordeste","23001","1ª Rs Fortaleza","23001","FORTALEZA"
231020,"Paracuru","Ceará","Nordeste","23001","1ª Rs Fortaleza","23001","FORTALEZA"
231025,"Paraipaba","Ceará","Nordeste","23001","1ª Rs Fortaleza","23001","FORTALEZA"
231030,"Parambu","Ceará","Nordeste","23024","3ª Rs Sertao Central","23024","SERTAO CENTRAL"
231040,"Paramoti","Ceará","Nordeste","23024","3ª Rs Sertao Central","23024","SERTAO CENTRAL"
231050,"Pedra Branca","Ceará","Nordeste","23024","3ª Rs Sertao Central","23024","SERTAO CENTRAL"
231060,"Penaforte","Ceará","Nordeste","23023","2ª Rs Cariri","23023","CARIRI"
231070,"Pentecoste","Ceará","Nordeste","23001","1ª Rs Fortaleza","23001","FORTALEZA"
231080,"Pereiro","Ceará","Nordeste","23025","4ª Rs Litoral Leste Jaguaribe","23025","LITORAL LESTE JAGUARIBE"
231085,"Pindoretama","Ceará","Nordeste","23001","1ª Rs Fortaleza","23001","FORTALEZA"
231090,"Piquet Carneiro","Ceará","Nordeste","23023","2ª Rs Cariri","23023","CARIRI"
231095,"Pires Ferreira","Ceará","Nordeste","23011","5ª Rs Sobral","23011","SOBRAL"
231100,"Poranga","Ceará","Nordeste","23011","5ª Rs Sobral","23011","SOBRAL"
231110,"Porteiras","Ceará","Nordeste","23023","2ª Rs Cariri","23023","CARIRI"
231120,"Potengi","Ceará","Nordeste","23023","2ª Rs Cariri","23023","CARIRI"
231123,"Potiretama","Ceará","Nordeste","23025","4ª Rs Litoral Leste Jaguaribe","23025","LITORAL LESTE JAGUARIBE"
231126,"Quiterianópolis","Ceará","Nordeste","23011","5ª Rs Sobral","23011","SOBRAL"
231130,"Quixadá","Ceará","Nordeste","23024","3ª Rs Sertao Central","23024","SERTAO CENTRAL"
231135,"Quixelô","Ceará","Nordeste","23023","2ª Rs Cariri","23023","CARIRI"
231140,"Quixeramobim","Ceará","Nordeste","23024","3ª Rs Sertao Central","23024","SERTAO CENTRAL"
231150,"Quixeré","Ceará","Nordeste","23025","4ª Rs Litoral Leste Jaguaribe","23025","LITORAL LESTE JAGUARIBE"
231160,"Redenção","Ceará","Nordeste","23001","1ª Rs Fortaleza","23001","FORTALEZA"
231170,"Reriutaba","Ceará","Nordeste","23011","5ª Rs Sobral","23011","SOBRAL"
231180,"Russas","Ceará","Nordeste","23025","4ª Rs Litoral Leste Jaguaribe","23025","LITORAL LESTE JAGUARIBE"
231190,"Saboeiro","Ceará","Nordeste","23023","2ª Rs Cariri","23023","CARIRI"
231195,"Salitre","Ceará","Nordeste","23023","2ª Rs Cariri","23023","CARIRI"
231220,"Santa Quitéria","Ceará","Nordeste","23011","5ª Rs Sobral","23011","SOBRAL"
231200,"Santana do Acaraú","Ceará","Nordeste","23011","5ª Rs Sobral","23011","SOBRAL"
231210,"Santana do Cariri","Ceará","Nordeste","23023","2ª Rs Cariri","23023","CARIRI"
231230,"São Benedito","Ceará","Nordeste","23011","5ª Rs Sobral","23011","SOBRAL"
231240,"São Gonçalo do Amarante","Ceará","Nordeste","23001","1ª Rs Fortaleza","23001","FORTALEZA"
231250,"São João do Jaguaribe","Ceará","Nordeste","23025","4ª Rs Litoral Leste Jaguaribe","23025","LITORAL LESTE JAGUARIBE"
231260,"São Luís do Curu","Ceará","Nordeste","23001","1ª Rs Fortaleza","23001","FORTALEZA"
231270,"Senador Pompeu","Ceará","Nordeste","23024","3ª Rs Sertao Central","23024","SERTAO CENTRAL"
231280,"Senador Sá","Ceará","Nordeste","23011","5ª Rs Sobral","23011","SOBRAL"
231290,"Sobral","Ceará","Nordeste","23011","5ª Rs Sobral","23011","SOBRAL"
231300,"Solonópole","Ceará","Nordeste","23024","3ª Rs Sertao Central","23024","SERTAO CENTRAL"
231310,"Tabuleiro do Norte","Ceará","Nordeste","23025","4ª Rs Litoral Leste Jaguaribe","23025","LITORAL LESTE JAGUARIBE"
231320,"Tamboril","Ceará","Nordeste","23011","5ª Rs Sobral","23011","SOBRAL"
231325,"Tarrafas","Ceará","Nordeste","23023","2ª Rs Cariri","23023","CARIRI"
231330,"Tauá","Ceará","Nordeste","23024","3ª Rs Sertao Central","23024","SERTAO CENTRAL"
231335,"Tejuçuoca","Ceará","Nordeste","23001","1ª Rs Fortaleza","23001","FORTALEZA"
231340,"Tianguá","Ceará","Nordeste","23011","5ª Rs Sobral","23011","SOBRAL"
231350,"Trairi","Ceará","Nordeste","23001","1ª Rs Fortaleza","23001","FORTALEZA"
231355,"Tururu","Ceará","Nordeste","23001","1ª Rs Fortaleza","23001","FORTALEZA"
231360,"Ubajara","Ceará","Nordeste","23011","5ª Rs Sobral","23011","SOBRAL"
231370,"Umari","Ceará","Nordeste","23023","2ª Rs Cariri","23023","CARIRI"
231375,"Umirim","Ceará","Nordeste","23001","1ª Rs Fortaleza","23001","FORTALEZA"
231380,"Uruburetama","Ceará","Nordeste","23001","1ª Rs Fortaleza","23001","FORTALEZA"
231390,"Uruoca","Ceará","Nordeste","23011","5ª Rs Sobral","23011","SOBRAL"
231395,"Varjota","Ceará","Nordeste","23011","5ª Rs Sobral","23011","SOBRAL"
231400,"Várzea Alegre","Ceará","Nordeste","23023","2ª Rs Cariri","23023","CARIRI"
231410,"Viçosa do Ceará","Ceará","Nordeste","23011","5ª Rs Sobral","23011","SOBRAL"
240010,"Acari","Rio Grande do Norte","Nordeste","24004","4ª Regiao De Saude - Caico","24004","MACRORREGIAO I"
240020,"Açu","Rio Grande do Norte","Nordeste","24008","8ª Regiao De Saude - Acu","24008","MACRORREGIAO II"
240030,"Afonso Bezerra","Rio Grande do Norte","Nordeste","24003","3ª Regiao De Saude - Joao Camara","24003","MACRORREGIAO I"
240040,"Água Nova","Rio Grande do Norte","Nordeste","24006","6ª Regiao De Saude - Pau Dos Ferros","24006","MACRORREGIAO II"
240050,"Alexandria","Rio Grande do Norte","Nordeste","24006","6ª Regiao De Saude - Pau Dos Ferros","24006","MACRORREGIAO II"
240060,"Almino Afonso","Rio Grande do Norte","Nordeste","24006","6ª Regiao De Saude - Pau Dos Ferros","24006","MACRORREGIAO II"
240070,"Alto do Rodrigues","Rio Grande do Norte","Nordeste","24008","8ª Regiao De Saude - Acu","24008","MACRORREGIAO II"
240080,"Angicos","Rio Grande do Norte","Nordeste","24008","8ª Regiao De Saude - Acu","24008","MACRORREGIAO II"
240090,"Antônio Martins","Rio Grande do Norte","Nordeste","24006","6ª Regiao De Saude - Pau Dos Ferros","24006","MACRORREGIAO II"
240100,"Apodi","Rio Grande do Norte","Nordeste","24002","2ª Regiao De Saude - Mossoro","24002","MACRORREGIAO II"
240110,"Areia Branca","Rio Grande do Norte","Nordeste","24002","2ª Regiao De Saude - Mossoro","24002","MACRORREGIAO II"
240120,"Arês","Rio Grande do Norte","Nordeste","24001","1ª Regiao De Saude - Sao Jose De Mipibu","24001","MACRORREGIAO I"
240140,"Baía Formosa","Rio Grande do Norte","Nordeste","24001","1ª Regiao De Saude - Sao Jose De Mipibu","24001","MACRORREGIAO I"
240145,"Baraúna","Rio Grande do Norte","Nordeste","24002","2ª Regiao De Saude - Mossoro","24002","MACRORREGIAO II"
240150,"Barcelona","Rio Grande do Norte","Nordeste","24005","5ª Regiao De Saude - Santa Cruz","24005","MACRORREGIAO I"
240160,"Bento Fernandes","Rio Grande do Norte","Nordeste","24003","3ª Regiao De Saude - Joao Camara","24003","MACRORREGIAO I"
240165,"Bodó","Rio Grande do Norte","Nordeste","24004","4ª Regiao De Saude - Caico","24004","MACRORREGIAO I"
240170,"Bom Jesus","Rio Grande do Norte","Nordeste","24005","5ª Regiao De Saude - Santa Cruz","24005","MACRORREGIAO I"
240180,"Brejinho","Rio Grande do Norte","Nordeste","24001","1ª Regiao De Saude - Sao Jose De Mipibu","24001","MACRORREGIAO I"
240185,"Caiçara do Norte","Rio Grande do Norte","Nordeste","24003","3ª Regiao De Saude - Joao Camara","24003","MACRORREGIAO I"
240190,"Caiçara do Rio do Vento","Rio Grande do Norte","Nordeste","24003","3ª Regiao De Saude - Joao Camara","24003","MACRORREGIAO I"
240200,"Caicó","Rio Grande do Norte","Nordeste","24004","4ª Regiao De Saude - Caico","24004","MACRORREGIAO I"
240130,"Campo Grande","Rio Grande do Norte","Nordeste","24002","2ª Regiao De Saude - Mossoro","24002","MACRORREGIAO II"
240210,"Campo Redondo","Rio Grande do Norte","Nordeste","24005","5ª Regiao De Saude - Santa Cruz","24005","MACRORREGIAO I"
240220,"Canguaretama","Rio Grande do Norte","Nordeste","24001","1ª Regiao De Saude - Sao Jose De Mipibu","24001","MACRORREGIAO I"
240230,"Caraúbas","Rio Grande do Norte","Nordeste","24002","2ª Regiao De Saude - Mossoro","24002","MACRORREGIAO II"
240240,"Carnaúba dos Dantas","Rio Grande do Norte","Nordeste","24004","4ª Regiao De Saude - Caico","24004","MACRORREGIAO I"
240250,"Carnaubais","Rio Grande do Norte","Nordeste","24008","8ª Regiao De Saude - Acu","24008","MACRORREGIAO II"
240260,"Ceará-Mirim","Rio Grande do Norte","Nordeste","24003","3ª Regiao De Saude - Joao Camara","24003","MACRORREGIAO I"
240270,"Cerro Corá","Rio Grande do Norte","Nordeste","24004","4ª Regiao De Saude - Caico","24004","MACRORREGIAO I"
240280,"Coronel Ezequiel","Rio Grande do Norte","Nordeste","24005","5ª Regiao De Saude - Santa Cruz","24005","MACRORREGIAO I"
240290,"Coronel João Pessoa","Rio Grande do Norte","Nordeste","24006","6ª Regiao De Saude - Pau Dos Ferros","24006","MACRORREGIAO II"
240300,"Cruzeta","Rio Grande do Norte","Nordeste","24004","4ª Regiao De Saude - Caico","24004","MACRORREGIAO I"
240310,"Currais Novos","Rio Grande do Norte","Nordeste","24004","4ª Regiao De Saude - Caico","24004","MACRORREGIAO I"
240320,"Doutor Severiano","Rio Grande do Norte","Nordeste","24006","6ª Regiao De Saude - Pau Dos Ferros","24006","MACRORREGIAO II"
240330,"Encanto","Rio Grande do Norte","Nordeste","24006","6ª Regiao De Saude - Pau Dos Ferros","24006","MACRORREGIAO II"
240340,"Equador","Rio Grande do Norte","Nordeste","24004","4ª Regiao De Saude - Caico","24004","MACRORREGIAO I"
240350,"Espírito Santo","Rio Grande do Norte","Nordeste","24001","1ª Regiao De Saude - Sao Jose De Mipibu","24001","MACRORREGIAO I"
240360,"Extremoz","Rio Grande do Norte","Nordeste","24007","7ª Regiao De Saude - Metropolitana","24007","MACRORREGIAO I"
240370,"Felipe Guerra","Rio Grande do Norte","Nordeste","24002","2ª Regiao De Saude - Mossoro","24002","MACRORREGIAO II"
240375,"Fernando Pedroza","Rio Grande do Norte","Nordeste","24008","8ª Regiao De Saude - Acu","24008","MACRORREGIAO II"
240380,"Florânia","Rio Grande do Norte","Nordeste","24004","4ª Regiao De Saude - Caico","24004","MACRORREGIAO I"
240390,"Francisco Dantas","Rio Grande do Norte","Nordeste","24006","6ª Regiao De Saude - Pau Dos Ferros","24006","MACRORREGIAO II"
240400,"Frutuoso Gomes","Rio Grande do Norte","Nordeste","24006","6ª Regiao De Saude - Pau Dos Ferros","24006","MACRORREGIAO II"
240410,"Galinhos","Rio Grande do Norte","Nordeste","24003","3ª Regiao De Saude - Joao Camara","24003","MACRORREGIAO I"
240420,"Goianinha","Rio Grande do Norte","Nordeste","24001","1ª Regiao De Saude - Sao Jose De Mipibu","24001","MACRORREGIAO I"
240430,"Governador Dix-Sept Rosado","Rio Grande do Norte","Nordeste","24002","2ª Regiao De Saude - Mossoro","24002","MACRORREGIAO II"
240440,"Grossos","Rio Grande do Norte","Nordeste","24002","2ª Regiao De Saude - Mossoro","24002","MACRORREGIAO II"
240450,"Guamaré","Rio Grande do Norte","Nordeste","24003","3ª Regiao De Saude - Joao Camara","24003","MACRORREGIAO I"
240460,"Ielmo Marinho","Rio Grande do Norte","Nordeste","24003","3ª Regiao De Saude - Joao Camara","24003","MACRORREGIAO I"
240470,"Ipanguaçu","Rio Grande do Norte","Nordeste","24008","8ª Regiao De Saude - Acu","24008","MACRORREGIAO II"
240480,"Ipueira","Rio Grande do Norte","Nordeste","24004","4ª Regiao De Saude - Caico","24004","MACRORREGIAO I"
240485,"Itajá","Rio Grande do Norte","Nordeste","24008","8ª Regiao De Saude - Acu","24008","MACRORREGIAO II"
240490,"Itaú","Rio Grande do Norte","Nordeste","24006","6ª Regiao De Saude - Pau Dos Ferros","24006","MACRORREGIAO II"
240500,"Jaçanã","Rio Grande do Norte","Nordeste","24005","5ª Regiao De Saude - Santa Cruz","24005","MACRORREGIAO I"
240510,"Jandaíra","Rio Grande do Norte","Nordeste","24003","3ª Regiao De Saude - Joao Camara","24003","MACRORREGIAO I"
240520,"Janduís","Rio Grande do Norte","Nordeste","24002","2ª Regiao De Saude - Mossoro","24002","MACRORREGIAO II"
240530,"Januário Cicco","Rio Grande do Norte","Nordeste","24005","5ª Regiao De Saude - Santa Cruz","24005","MACRORREGIAO I"
240540,"Japi","Rio Grande do Norte","Nordeste","24005","5ª Regiao De Saude - Santa Cruz","24005","MACRORREGIAO I"
240550,"Jardim de Angicos","Rio Grande do Norte","Nordeste","24003","3ª Regiao De Saude - Joao Camara","24003","MACRORREGIAO I"
240560,"Jardim de Piranhas","Rio Grande do Norte","Nordeste","24004","4ª Regiao De Saude - Caico","24004","MACRORREGIAO I"
240570,"Jardim do Seridó","Rio Grande do Norte","Nordeste","24004","4ª Regiao De Saude - Caico","24004","MACRORREGIAO I"
240580,"João Câmara","Rio Grande do Norte","Nordeste","24003","3ª Regiao De Saude - Joao Camara","24003","MACRORREGIAO I"
240590,"João Dias","Rio Grande do Norte","Nordeste","24006","6ª Regiao De Saude - Pau Dos Ferros","24006","MACRORREGIAO II"
240600,"José da Penha","Rio Grande do Norte","Nordeste","24006","6ª Regiao De Saude - Pau Dos Ferros","24006","MACRORREGIAO II"
240610,"Jucurutu","Rio Grande do Norte","Nordeste","24004","4ª Regiao De Saude - Caico","24004","MACRORREGIAO I"
240615,"Jundiá","Rio Grande do Norte","Nordeste","24001","1ª Regiao De Saude - Sao Jose De Mipibu","24001","MACRORREGIAO I"
240620,"Lagoa d'Anta","Rio Grande do Norte","Nordeste","24001","1ª Regiao De Saude - Sao Jose De Mipibu","24001","MACRORREGIAO I"
240630,"Lagoa de Pedras","Rio Grande do Norte","Nordeste","24001","1ª Regiao De Saude - Sao Jose De Mipibu","24001","MACRORREGIAO I"
240640,"Lagoa de Velhos","Rio Grande do Norte","Nordeste","24005","5ª Regiao De Saude - Santa Cruz","24005","MACRORREGIAO I"
240650,"Lagoa Nova","Rio Grande do Norte","Nordeste","24004","4ª Regiao De Saude - Caico","24004","MACRORREGIAO I"
240660,"Lagoa Salgada","Rio Grande do Norte","Nordeste","24001","1ª Regiao De Saude - Sao Jose De Mipibu","24001","MACRORREGIAO I"
240670,"Lajes","Rio Grande do Norte","Nordeste","24003","3ª Regiao De Saude - Joao Camara","24003","MACRORREGIAO I"
240680,"Lajes Pintadas","Rio Grande do Norte","Nordeste","24005","5ª Regiao De Saude - Santa Cruz","24005","MACRORREGIAO I"
240690,"Lucrécia","Rio Grande do Norte","Nordeste","24006","6ª Regiao De Saude - Pau Dos Ferros","24006","MACRORREGIAO II"
240700,"Luís Gomes","Rio Grande do Norte","Nordeste","24006","6ª Regiao De Saude - Pau Dos Ferros","24006","MACRORREGIAO II"
240710,"Macaíba","Rio Grande do Norte","Nordeste","24007","7ª Regiao De Saude - Metropolitana","24007","MACRORREGIAO I"
240720,"Macau","Rio Grande do Norte","Nordeste","24003","3ª Regiao De Saude - Joao Camara","24003","MACRORREGIAO I"
240725,"Major Sales","Rio Grande do Norte","Nordeste","24006","6ª Regiao De Saude - Pau Dos Ferros","24006","MACRORREGIAO II"
240730,"Marcelino Vieira","Rio Grande do Norte","Nordeste","24006","6ª Regiao De Saude - Pau Dos Ferros","24006","MACRORREGIAO II"
240740,"Martins","Rio Grande do Norte","Nordeste","24006","6ª Regiao De Saude - Pau Dos Ferros","24006","MACRORREGIAO II"
240750,"Maxaranguape","Rio Grande do Norte","Nordeste","24003","3ª Regiao De Saude - Joao Camara","24003","MACRORREGIAO I"
240760,"Messias Targino","Rio Grande do Norte","Nordeste","24002","2ª Regiao De Saude - Mossoro","24002","MACRORREGIAO II"
240770,"Montanhas","Rio Grande do Norte","Nordeste","24001","1ª Regiao De Saude - Sao Jose De Mipibu","24001","MACRORREGIAO I"
240780,"Monte Alegre","Rio Grande do Norte","Nordeste","24001","1ª Regiao De Saude - Sao Jose De Mipibu","24001","MACRORREGIAO I"
240790,"Monte das Gameleiras","Rio Grande do Norte","Nordeste","24001","1ª Regiao De Saude - Sao Jose De Mipibu","24001","MACRORREGIAO I"
240800,"Mossoró","Rio Grande do Norte","Nordeste","24002","2ª Regiao De Saude - Mossoro","24002","MACRORREGIAO II"
240810,"Natal","Rio Grande do Norte","Nordeste","24007","7ª Regiao De Saude - Metropolitana","24007","MACRORREGIAO I"
240820,"Nísia Floresta","Rio Grande do Norte","Nordeste","24001","1ª Regiao De Saude - Sao Jose De Mipibu","24001","MACRORREGIAO I"
240830,"Nova Cruz","Rio Grande do Norte","Nordeste","24001","1ª Regiao De Saude - Sao Jose De Mipibu","24001","MACRORREGIAO I"
240840,"Olho-d'Água do Borges","Rio Grande do Norte","Nordeste","24006","6ª Regiao De Saude - Pau Dos Ferros","24006","MACRORREGIAO II"
240850,"Ouro Branco","Rio Grande do Norte","Nordeste","24004","4ª Regiao De Saude - Caico","24004","MACRORREGIAO I"
240860,"Paraná","Rio Grande do Norte","Nordeste","24006","6ª Regiao De Saude - Pau Dos Ferros","24006","MACRORREGIAO II"
240870,"Paraú","Rio Grande do Norte","Nordeste","24008","8ª Regiao De Saude - Acu","24008","MACRORREGIAO II"
240880,"Parazinho","Rio Grande do Norte","Nordeste","24003","3ª Regiao De Saude - Joao Camara","24003","MACRORREGIAO I"
240890,"Parelhas","Rio Grande do Norte","Nordeste","24004","4ª Regiao De Saude - Caico","24004","MACRORREGIAO I"
240325,"Parnamirim","Rio Grande do Norte","Nordeste","24007","7ª Regiao De Saude - Metropolitana","24007","MACRORREGIAO I"
240910,"Passa e Fica","Rio Grande do Norte","Nordeste","24001","1ª Regiao De Saude - Sao Jose De Mipibu","24001","MACRORREGIAO I"
240920,"Passagem","Rio Grande do Norte","Nordeste","24001","1ª Regiao De Saude - Sao Jose De Mipibu","24001","MACRORREGIAO I"
240930,"Patu","Rio Grande do Norte","Nordeste","24006","6ª Regiao De Saude - Pau Dos Ferros","24006","MACRORREGIAO II"
240940,"Pau dos Ferros","Rio Grande do Norte","Nordeste","24006","6ª Regiao De Saude - Pau Dos Ferros","24006","MACRORREGIAO II"
240950,"Pedra Grande","Rio Grande do Norte","Nordeste","24003","3ª Regiao De Saude - Joao Camara","24003","MACRORREGIAO I"
240960,"Pedra Preta","Rio Grande do Norte","Nordeste","24003","3ª Regiao De Saude - Joao Camara","24003","MACRORREGIAO I"
240970,"Pedro Avelino","Rio Grande do Norte","Nordeste","24003","3ª Regiao De Saude - Joao Camara","24003","MACRORREGIAO I"
240980,"Pedro Velho","Rio Grande do Norte","Nordeste","24001","1ª Regiao De Saude - Sao Jose De Mipibu","24001","MACRORREGIAO I"
240990,"Pendências","Rio Grande do Norte","Nordeste","24008","8ª Regiao De Saude - Acu","24008","MACRORREGIAO II"
241000,"Pilões","Rio Grande do Norte","Nordeste","24006","6ª Regiao De Saude - Pau Dos Ferros","24006","MACRORREGIAO II"
241010,"Poço Branco","Rio Grande do Norte","Nordeste","24003","3ª Regiao De Saude - Joao Camara","24003","MACRORREGIAO I"
241020,"Portalegre","Rio Grande do Norte","Nordeste","24006","6ª Regiao De Saude - Pau Dos Ferros","24006","MACRORREGIAO II"
241025,"Porto do Mangue","Rio Grande do Norte","Nordeste","24008","8ª Regiao De Saude - Acu","24008","MACRORREGIAO II"
241040,"Pureza","Rio Grande do Norte","Nordeste","24003","3ª Regiao De Saude - Joao Camara","24003","MACRORREGIAO I"
241050,"Rafael Fernandes","Rio Grande do Norte","Nordeste","24006","6ª Regiao De Saude - Pau Dos Ferros","24006","MACRORREGIAO II"
241060,"Rafael Godeiro","Rio Grande do Norte","Nordeste","24006","6ª Regiao De Saude - Pau Dos Ferros","24006","MACRORREGIAO II"
241070,"Riacho da Cruz","Rio Grande do Norte","Nordeste","24006","6ª Regiao De Saude - Pau Dos Ferros","24006","MACRORREGIAO II"
241080,"Riacho de Santana","Rio Grande do Norte","Nordeste","24006","6ª Regiao De Saude - Pau Dos Ferros","24006","MACRORREGIAO II"
241090,"Riachuelo","Rio Grande do Norte","Nordeste","24003","3ª Regiao De Saude - Joao Camara","24003","MACRORREGIAO I"
240895,"Rio do Fogo","Rio Grande do Norte","Nordeste","24003","3ª Regiao De Saude - Joao Camara","24003","MACRORREGIAO I"
241100,"Rodolfo Fernandes","Rio Grande do Norte","Nordeste","24006","6ª Regiao De Saude - Pau Dos Ferros","24006","MACRORREGIAO II"
241110,"Ruy Barbosa","Rio Grande do Norte","Nordeste","24005","5ª Regiao De Saude - Santa Cruz","24005","MACRORREGIAO I"
241120,"Santa Cruz","Rio Grande do Norte","Nordeste","24005","5ª Regiao De Saude - Santa Cruz","24005","MACRORREGIAO I"
240933,"Santa Maria","Rio Grande do Norte","Nordeste","24005","5ª Regiao De Saude - Santa Cruz","24005","MACRORREGIAO I"
241140,"Santana do Matos","Rio Grande do Norte","Nordeste","24004","4ª Regiao De Saude - Caico","24004","MACRORREGIAO I"
241142,"Santana do Seridó","Rio Grande do Norte","Nordeste","24004","4ª Regiao De Saude - Caico","24004","MACRORREGIAO I"
241150,"Santo Antônio","Rio Grande do Norte","Nordeste","24001","1ª Regiao De Saude - Sao Jose De Mipibu","24001","MACRORREGIAO I"
241160,"São Bento do Norte","Rio Grande do Norte","Nordeste","24003","3ª Regiao De Saude - Joao Camara","24003","MACRORREGIAO I"
241170,"São Bento do Trairí","Rio Grande do Norte","Nordeste","24005","5ª Regiao De Saude - Santa Cruz","24005","MACRORREGIAO I"
241180,"São Fernando","Rio Grande do Norte","Nordeste","24004","4ª Regiao De Saude - Caico","24004","MACRORREGIAO I"
241190,"São Francisco do Oeste","Rio Grande do Norte","Nordeste","24006","6ª Regiao De Saude - Pau Dos Ferros","24006","MACRORREGIAO II"
241200,"São Gonçalo do Amarante","Rio Grande do Norte","Nordeste","24007","7ª Regiao De Saude - Metropolitana","24007","MACRORREGIAO I"
241210,"São João do Sabugi","Rio Grande do Norte","Nordeste","24004","4ª Regiao De Saude - Caico","24004","MACRORREGIAO I"
241220,"São José de Mipibu","Rio Grande do Norte","Nordeste","24001","1ª Regiao De Saude - Sao Jose De Mipibu","24001","MACRORREGIAO I"
241230,"São José do Campestre","Rio Grande do Norte","Nordeste","24005","5ª Regiao De Saude - Santa Cruz","24005","MACRORREGIAO I"
241240,"São José do Seridó","Rio Grande do Norte","Nordeste","24004","4ª Regiao De Saude - Caico","24004","MACRORREGIAO I"
241250,"São Miguel","Rio Grande do Norte","Nordeste","24006","6ª Regiao De Saude - Pau Dos Ferros","24006","MACRORREGIAO II"
241255,"São Miguel do Gostoso","Rio Grande do Norte","Nordeste","24003","3ª Regiao De Saude - Joao Camara","24003","MACRORREGIAO I"
241260,"São Paulo do Potengi","Rio Grande do Norte","Nordeste","24005","5ª Regiao De Saude - Santa Cruz","24005","MACRORREGIAO I"
241270,"São Pedro","Rio Grande do Norte","Nordeste","24005","5ª Regiao De Saude - Santa Cruz","24005","MACRORREGIAO I"
241280,"São Rafael","Rio Grande do Norte","Nordeste","24008","8ª Regiao De Saude - Acu","24008","MACRORREGIAO II"
241290,"São Tomé","Rio Grande do Norte","Nordeste","24005","5ª Regiao De Saude - Santa Cruz","24005","MACRORREGIAO I"
241300,"São Vicente","Rio Grande do Norte","Nordeste","24004","4ª Regiao De Saude - Caico","24004","MACRORREGIAO I"
241310,"Senador Elói de Souza","Rio Grande do Norte","Nordeste","24005","5ª Regiao De Saude - Santa Cruz","24005","MACRORREGIAO I"
241320,"Senador Georgino Avelino","Rio Grande do Norte","Nordeste","24001","1ª Regiao De Saude - Sao Jose De Mipibu","24001","MACRORREGIAO I"
241030,"Serra Caiada","Rio Grande do Norte","Nordeste","24005","5ª Regiao De Saude - Santa Cruz","24005","MACRORREGIAO I"
241330,"Serra de São Bento","Rio Grande do Norte","Nordeste","24001","1ª Regiao De Saude - Sao Jose De Mipibu","24001","MACRORREGIAO I"
241335,"Serra do Mel","Rio Grande do Norte","Nordeste","24002","2ª Regiao De Saude - Mossoro","24002","MACRORREGIAO II"
241340,"Serra Negra do Norte","Rio Grande do Norte","Nordeste","24004","4ª Regiao De Saude - Caico","24004","MACRORREGIAO I"
241350,"Serrinha","Rio Grande do Norte","Nordeste","24001","1ª Regiao De Saude - Sao Jose De Mipibu","24001","MACRORREGIAO I"
241355,"Serrinha dos Pintos","Rio Grande do Norte","Nordeste","24006","6ª Regiao De Saude - Pau Dos Ferros","24006","MACRORREGIAO II"
241360,"Severiano Melo","Rio Grande do Norte","Nordeste","24006","6ª Regiao De Saude - Pau Dos Ferros","24006","MACRORREGIAO II"
241370,"Sítio Novo","Rio Grande do Norte","Nordeste","24005","5ª Regiao De Saude - Santa Cruz","24005","MACRORREGIAO I"
241380,"Taboleiro Grande","Rio Grande do Norte","Nordeste","24006","6ª Regiao De Saude - Pau Dos Ferros","24006","MACRORREGIAO II"
241390,"Taipu","Rio Grande do Norte","Nordeste","24003","3ª Regiao De Saude - Joao Camara","24003","MACRORREGIAO I"
241400,"Tangará","Rio Grande do Norte","Nordeste","24005","5ª Regiao De Saude - Santa Cruz","24005","MACRORREGIAO I"
241410,"Tenente Ananias","Rio Grande do Norte","Nordeste","24006","6ª Regiao De Saude - Pau Dos Ferros","24006","MACRORREGIAO II"
241415,"Tenente Laurentino Cruz","Rio Grande do Norte","Nordeste","24004","4ª Regiao De Saude - Caico","24004","MACRORREGIAO I"
241105,"Tibau","Rio Grande do Norte","Nordeste","24002","2ª Regiao De Saude - Mossoro","24002","MACRORREGIAO II"
241420,"Tibau do Sul","Rio Grande do Norte","Nordeste","24001","1ª Regiao De Saude - Sao Jose De Mipibu","24001","MACRORREGIAO I"
241430,"Timbaúba dos Batistas","Rio Grande do Norte","Nordeste","24004","4ª Regiao De Saude - Caico","24004","MACRORREGIAO I"
241440,"Touros","Rio Grande do Norte","Nordeste","24003","3ª Regiao De Saude - Joao Camara","24003","MACRORREGIAO I"
241445,"Triunfo Potiguar","Rio Grande do Norte","Nordeste","24008","8ª Regiao De Saude - Acu","24008","MACRORREGIAO II"
241450,"Umarizal","Rio Grande do Norte","Nordeste","24006","6ª Regiao De Saude - Pau Dos Ferros","24006","MACRORREGIAO II"
241460,"Upanema","Rio Grande do Norte","Nordeste","24002","2ª Regiao De Saude - Mossoro","24002","MACRORREGIAO II"
241470,"Várzea","Rio Grande do Norte","Nordeste","24001","1ª Regiao De Saude - Sao Jose De Mipibu","24001","MACRORREGIAO I"
241475,"Venha-Ver","Rio Grande do Norte","Nordeste","24006","6ª Regiao De Saude - Pau Dos Ferros","24006","MACRORREGIAO II"
241480,"Vera Cruz","Rio Grande do Norte","Nordeste","24001","1ª Regiao De Saude - Sao Jose De Mipibu","24001","MACRORREGIAO I"
241490,"Viçosa","Rio Grande do Norte","Nordeste","24006","6ª Regiao De Saude - Pau Dos Ferros","24006","MACRORREGIAO II"
241500,"Vila Flor","Rio Grande do Norte","Nordeste","24001","1ª Regiao De Saude - Sao Jose De Mipibu","24001","MACRORREGIAO I"
250010,"Água Branca","Paraíba","Nordeste","25011","11ª Regiao","25011","MACRORREGIAO III - SERTAO ALTO SERTAO"
250020,"Aguiar","Paraíba","Nordeste","25007","7ª Regiao","25007","MACRORREGIAO III - SERTAO ALTO SERTAO"
250030,"Alagoa Grande","Paraíba","Nordeste","25003","3ª Regiao","25003","MACRORREGIAO II - CAMPINA GRANDE"
250040,"Alagoa Nova","Paraíba","Nordeste","25003","3ª Regiao","25003","MACRORREGIAO II - CAMPINA GRANDE"
250050,"Alagoinha","Paraíba","Nordeste","25002","2ª Regiao","25002","MACRORREGIAO I - JOAO PESSOA"
250053,"Alcantil","Paraíba","Nordeste","25015","15ª Regiao","25015","MACRORREGIAO II - CAMPINA GRANDE"
250057,"Algodão de Jandaíra","Paraíba","Nordeste","25003","3ª Regiao","25003","MACRORREGIAO II - CAMPINA GRANDE"
250060,"Alhandra","Paraíba","Nordeste","25001","1ª Regiao Mata Atlantica","25001","MACRORREGIAO I - JOAO PESSOA"
250073,"Amparo","Paraíba","Nordeste","25005","5ª Regiao","25005","MACRORREGIAO II - CAMPINA GRANDE"
250077,"Aparecida","Paraíba","Nordeste","25010","10ª Regiao","25010","MACRORREGIAO III - SERTAO ALTO SERTAO"
250080,"Araçagi","Paraíba","Nordeste","25002","2ª Regiao","25002","MACRORREGIAO I - JOAO PESSOA"
250090,"Arara","Paraíba","Nordeste","25003","3ª Regiao","25003","MACRORREGIAO II - CAMPINA GRANDE"
250100,"Araruna","Paraíba","Nordeste","25002","2ª Regiao","25002","MACRORREGIAO I - JOAO PESSOA"
250110,"Areia","Paraíba","Nordeste","25003","3ª Regiao","25003","MACRORREGIAO II - CAMPINA GRANDE"
250115,"Areia de Baraúnas","Paraíba","Nordeste","25006","6ª Regiao","25006","MACRORREGIAO III - SERTAO ALTO SERTAO"
250120,"Areial","Paraíba","Nordeste","25003","3ª Regiao","25003","MACRORREGIAO II - CAMPINA GRANDE"
250130,"Aroeiras","Paraíba","Nordeste","25015","15ª Regiao","25015","MACRORREGIAO II - CAMPINA GRANDE"
250135,"Assunção","Paraíba","Nordeste","25016","16ª Regiao","25016","MACRORREGIAO II - CAMPINA GRANDE"
250140,"Baía da Traição","Paraíba","Nordeste","25014","14ª Regiao","25014","MACRORREGIAO I - JOAO PESSOA"
250150,"Bananeiras","Paraíba","Nordeste","25002","2ª Regiao","25002","MACRORREGIAO I - JOAO PESSOA"
250153,"Baraúna","Paraíba","Nordeste","25004","4ª Regiao","25004","MACRORREGIAO II - CAMPINA GRANDE"
250160,"Barra de Santa Rosa","Paraíba","Nordeste","25004","4ª Regiao","25004","MACRORREGIAO II - CAMPINA GRANDE"
250157,"Barra de Santana","Paraíba","Nordeste","25015","15ª Regiao","25015","MACRORREGIAO II - CAMPINA GRANDE"
250170,"Barra de São Miguel","Paraíba","Nordeste","25015","15ª Regiao","25015","MACRORREGIAO II - CAMPINA GRANDE"
250180,"Bayeux","Paraíba","Nordeste","25001","1ª Regiao Mata Atlantica","25001","MACRORREGIAO I - JOAO PESSOA"
250190,"Belém","Paraíba","Nordeste","25002","2ª Regiao","25002","MACRORREGIAO I - JOAO PESSOA"
250200,"Belém do Brejo do Cruz","Paraíba","Nordeste","25008","8ª Regiao","25008","MACRORREGIAO III - SERTAO ALTO SERTAO"
250205,"Bernardino Batista","Paraíba","Nordeste","25009","9ª Regiao","25009","MACRORREGIAO III - SERTAO ALTO SERTAO"
250210,"Boa Ventura","Paraíba","Nordeste","25007","7ª Regiao","25007","MACRORREGIAO III - SERTAO ALTO SERTAO"
250215,"Boa Vista","Paraíba","Nordeste","25016","16ª Regiao","25016","MACRORREGIAO II - CAMPINA GRANDE"
250220,"Bom Jesus","Paraíba","Nordeste","25009","9ª Regiao","25009","MACRORREGIAO III - SERTAO ALTO SERTAO"
250230,"Bom Sucesso","Paraíba","Nordeste","25008","8ª Regiao","25008","MACRORREGIAO III - SERTAO ALTO SERTAO"
250240,"Bonito de Santa Fé","Paraíba","Nordeste","25009","9ª Regiao","25009","MACRORREGIAO III - SERTAO ALTO SERTAO"
250250,"Boqueirão","Paraíba","Nordeste","25015","15ª Regiao","25015","MACRORREGIAO II - CAMPINA GRANDE"
250270,"Borborema","Paraíba","Nordeste","25002","2ª Regiao","25002","MACRORREGIAO I - JOAO PESSOA"
250280,"Brejo do Cruz","Paraíba","Nordeste","25008","8ª Regiao","25008","MACRORREGIAO III - SERTAO ALTO SERTAO"
250290,"Brejo dos Santos","Paraíba","Nordeste","25008","8ª Regiao","25008","MACRORREGIAO III - SERTAO ALTO SERTAO"
250300,"Caaporã","Paraíba","Nordeste","25001","1ª Regiao Mata Atlantica","25001","MACRORREGIAO I - JOAO PESSOA"
250310,"Cabaceiras","Paraíba","Nordeste","25015","15ª Regiao","25015","MACRORREGIAO II - CAMPINA GRANDE"
250320,"Cabedelo","Paraíba","Nordeste","25001","1ª Regiao Mata Atlantica","25001","MACRORREGIAO I - JOAO PESSOA"
250330,"Cachoeira dos Índios","Paraíba","Nordeste","25009","9ª Regiao","25009","MACRORREGIAO III - SERTAO ALTO SERTAO"
250340,"Cacimba de Areia","Paraíba","Nordeste","25006","6ª Regiao","25006","MACRORREGIAO III - SERTAO ALTO SERTAO"
250350,"Cacimba de Dentro","Paraíba","Nordeste","25002","2ª Regiao","25002","MACRORREGIAO I - JOAO PESSOA"
250355,"Cacimbas","Paraíba","Nordeste","25006","6ª Regiao","25006","MACRORREGIAO III - SERTAO ALTO SERTAO"
250360,"Caiçara","Paraíba","Nordeste","25002","2ª Regiao","25002","MACRORREGIAO I - JOAO PESSOA"
250370,"Cajazeiras","Paraíba","Nordeste","25009","9ª Regiao","25009","MACRORREGIAO III - SERTAO ALTO SERTAO"
250375,"Cajazeirinhas","Paraíba","Nordeste","25013","13ª Regiao","25013","MACRORREGIAO III - SERTAO ALTO SERTAO"
250380,"Caldas Brandão","Paraíba","Nordeste","25012","12ª Regiao","25012","MACRORREGIAO I - JOAO PESSOA"
250390,"Camalaú","Paraíba","Nordeste","25005","5ª Regiao","25005","MACRORREGIAO II - CAMPINA GRANDE"
250400,"Campina Grande","Paraíba","Nordeste","25016","16ª Regiao","25016","MACRORREGIAO II - CAMPINA GRANDE"
250403,"Capim","Paraíba","Nordeste","25014","14ª Regiao","25014","MACRORREGIAO I - JOAO PESSOA"
250407,"Caraúbas","Paraíba","Nordeste","25005","5ª Regiao","25005","MACRORREGIAO II - CAMPINA GRANDE"
250410,"Carrapateira","Paraíba","Nordeste","25009","9ª Regiao","25009","MACRORREGIAO III - SERTAO ALTO SERTAO"
250415,"Casserengue","Paraíba","Nordeste","25002","2ª Regiao","25002","MACRORREGIAO I - JOAO PESSOA"
250420,"Catingueira","Paraíba","Nordeste","25006","6ª Regiao","25006","MACRORREGIAO III - SERTAO ALTO SERTAO"
250430,"Catolé do Rocha","Paraíba","Nordeste","25008","8ª Regiao","25008","MACRORREGIAO III - SERTAO ALTO SERTAO"
250435,"Caturité","Paraíba","Nordeste","25015","15ª Regiao","25015","MACRORREGIAO II - CAMPINA GRANDE"
250440,"Conceição","Paraíba","Nordeste","25007","7ª Regiao","25007","MACRORREGIAO III - SERTAO ALTO SERTAO"
250450,"Condado","Paraíba","Nordeste","25006","6ª Regiao","25006","MACRORREGIAO III - SERTAO ALTO SERTAO"
250460,"Conde","Paraíba","Nordeste","25001","1ª Regiao Mata Atlantica","25001","MACRORREGIAO I - JOAO PESSOA"
250470,"Congo","Paraíba","Nordeste","25005","5ª Regiao","25005","MACRORREGIAO II - CAMPINA GRANDE"
250480,"Coremas","Paraíba","Nordeste","25007","7ª Regiao","25007","MACRORREGIAO III - SERTAO ALTO SERTAO"
250485,"Coxixola","Paraíba","Nordeste","25005","5ª Regiao","25005","MACRORREGIAO II - CAMPINA GRANDE"
250490,"Cruz do Espírito Santo","Paraíba","Nordeste","25001","1ª Regiao Mata Atlantica","25001","MACRORREGIAO I - JOAO PESSOA"
250500,"Cubati","Paraíba","Nordeste","25004","4ª Regiao","25004","MACRORREGIAO II - CAMPINA GRANDE"
250510,"Cuité","Paraíba","Nordeste","25004","4ª Regiao","25004","MACRORREGIAO II - CAMPINA GRANDE"
250523,"Cuité de Mamanguape","Paraíba","Nordeste","25014","14ª Regiao","25014","MACRORREGIAO I - JOAO PESSOA"
250520,"Cuitegi","Paraíba","Nordeste","25002","2ª Regiao","25002","MACRORREGIAO I - JOAO PESSOA"
250527,"Curral de Cima","Paraíba","Nordeste","25014","14ª Regiao","25014","MACRORREGIAO I - JOAO PESSOA"
250530,"Curral Velho","Paraíba","Nordeste","25007","7ª Regiao","25007","MACRORREGIAO III - SERTAO ALTO SERTAO"
250535,"Damião","Paraíba","Nordeste","25004","4ª Regiao","25004","MACRORREGIAO II - CAMPINA GRANDE"
250540,"Desterro","Paraíba","Nordeste","25006","6ª Regiao","25006","MACRORREGIAO III - SERTAO ALTO SERTAO"
250560,"Diamante","Paraíba","Nordeste","25007","7ª Regiao","25007","MACRORREGIAO III - SERTAO ALTO SERTAO"
250570,"Dona Inês","Paraíba","Nordeste","25002","2ª Regiao","25002","MACRORREGIAO I - JOAO PESSOA"
250580,"Duas Estradas","Paraíba","Nordeste","25002","2ª Regiao","25002","MACRORREGIAO I - JOAO PESSOA"
250590,"Emas","Paraíba","Nordeste","25006","6ª Regiao","25006","MACRORREGIAO III - SERTAO ALTO SERTAO"
250600,"Esperança","Paraíba","Nordeste","25003","3ª Regiao","25003","MACRORREGIAO II - CAMPINA GRANDE"
250610,"Fagundes","Paraíba","Nordeste","25016","16ª Regiao","25016","MACRORREGIAO II - CAMPINA GRANDE"
250620,"Frei Martinho","Paraíba","Nordeste","25004","4ª Regiao","25004","MACRORREGIAO II - CAMPINA GRANDE"
250625,"Gado Bravo","Paraíba","Nordeste","25015","15ª Regiao","25015","MACRORREGIAO II - CAMPINA GRANDE"
250630,"Guarabira","Paraíba","Nordeste","25002","2ª Regiao","25002","MACRORREGIAO I - JOAO PESSOA"
250640,"Gurinhém","Paraíba","Nordeste","25012","12ª Regiao","25012","MACRORREGIAO I - JOAO PESSOA"
250650,"Gurjão","Paraíba","Nordeste","25005","5ª Regiao","25005","MACRORREGIAO II - CAMPINA GRANDE"
250660,"Ibiara","Paraíba","Nordeste","25007","7ª Regiao","25007","MACRORREGIAO III - SERTAO ALTO SERTAO"
250260,"Igaracy","Paraíba","Nordeste","25007","7ª Regiao","25007","MACRORREGIAO III - SERTAO ALTO SERTAO"
250670,"Imaculada","Paraíba","Nordeste","25011","11ª Regiao","25011","MACRORREGIAO III - SERTAO ALTO SERTAO"
250680,"Ingá","Paraíba","Nordeste","25012","12ª Regiao","25012","MACRORREGIAO I - JOAO PESSOA"
250690,"Itabaiana","Paraíba","Nordeste","25012","12ª Regiao","25012","MACRORREGIAO I - JOAO PESSOA"
250700,"Itaporanga","Paraíba","Nordeste","25007","7ª Regiao","25007","MACRORREGIAO III - SERTAO ALTO SERTAO"
250710,"Itapororoca","Paraíba","Nordeste","25014","14ª Regiao","25014","MACRORREGIAO I - JOAO PESSOA"
250720,"Itatuba","Paraíba","Nordeste","25012","12ª Regiao","25012","MACRORREGIAO I - JOAO PESSOA"
250730,"Jacaraú","Paraíba","Nordeste","25014","14ª Regiao","25014","MACRORREGIAO I - JOAO PESSOA"
250740,"Jericó","Paraíba","Nordeste","25008","8ª Regiao","25008","MACRORREGIAO III - SERTAO ALTO SERTAO"
250750,"João Pessoa","Paraíba","Nordeste","25001","1ª Regiao Mata Atlantica","25001","MACRORREGIAO I - JOAO PESSOA"
251365,"Joca Claudino","Paraíba","Nordeste","25009","9ª Regiao","25009","MACRORREGIAO III - SERTAO ALTO SERTAO"
250760,"Juarez Távora","Paraíba","Nordeste","25012","12ª Regiao","25012","MACRORREGIAO I - JOAO PESSOA"
250770,"Juazeirinho","Paraíba","Nordeste","25016","16ª Regiao","25016","MACRORREGIAO II - CAMPINA GRANDE"
250780,"Junco do Seridó","Paraíba","Nordeste","25006","6ª Regiao","25006","MACRORREGIAO III - SERTAO ALTO SERTAO"
250790,"Juripiranga","Paraíba","Nordeste","25012","12ª Regiao","25012","MACRORREGIAO I - JOAO PESSOA"
250800,"Juru","Paraíba","Nordeste","25011","11ª Regiao","25011","MACRORREGIAO III - SERTAO ALTO SERTAO"
250810,"Lagoa","Paraíba","Nordeste","25013","13ª Regiao","25013","MACRORREGIAO III - SERTAO ALTO SERTAO"
250820,"Lagoa de Dentro","Paraíba","Nordeste","25002","2ª Regiao","25002","MACRORREGIAO I - JOAO PESSOA"
250830,"Lagoa Seca","Paraíba","Nordeste","25003","3ª Regiao","25003","MACRORREGIAO II - CAMPINA GRANDE"
250840,"Lastro","Paraíba","Nordeste","25010","10ª Regiao","25010","MACRORREGIAO III - SERTAO ALTO SERTAO"
250850,"Livramento","Paraíba","Nordeste","25016","16ª Regiao","25016","MACRORREGIAO II - CAMPINA GRANDE"
250855,"Logradouro","Paraíba","Nordeste","25002","2ª Regiao","25002","MACRORREGIAO I - JOAO PESSOA"
250860,"Lucena","Paraíba","Nordeste","25001","1ª Regiao Mata Atlantica","25001","MACRORREGIAO I - JOAO PESSOA"
250870,"Mãe d'Água","Paraíba","Nordeste","25006","6ª Regiao","25006","MACRORREGIAO III - SERTAO ALTO SERTAO"
250880,"Malta","Paraíba","Nordeste","25006","6ª Regiao","25006","MACRORREGIAO III - SERTAO ALTO SERTAO"
250890,"Mamanguape","Paraíba","Nordeste","25014","14ª Regiao","25014","MACRORREGIAO I - JOAO PESSOA"
250900,"Manaíra","Paraíba","Nordeste","25011","11ª Regiao","25011","MACRORREGIAO III - SERTAO ALTO SERTAO"
250905,"Marcação","Paraíba","Nordeste","25014","14ª Regiao","25014","MACRORREGIAO I - JOAO PESSOA"
250910,"Mari","Paraíba","Nordeste","25001","1ª Regiao Mata Atlantica","25001","MACRORREGIAO I - JOAO PESSOA"
250915,"Marizópolis","Paraíba","Nordeste","25010","10ª Regiao","25010","MACRORREGIAO III - SERTAO ALTO SERTAO"
250920,"Massaranduba","Paraíba","Nordeste","25016","16ª Regiao","25016","MACRORREGIAO II - CAMPINA GRANDE"
250930,"Mataraca","Paraíba","Nordeste","25014","14ª Regiao","25014","MACRORREGIAO I - JOAO PESSOA"
250933,"Matinhas","Paraíba","Nordeste","25003","3ª Regiao","25003","MACRORREGIAO II - CAMPINA GRANDE"
250937,"Mato Grosso","Paraíba","Nordeste","25008","8ª Regiao","25008","MACRORREGIAO III - SERTAO ALTO SERTAO"
250939,"Maturéia","Paraíba","Nordeste","25006","6ª Regiao","25006","MACRORREGIAO III - SERTAO ALTO SERTAO"
250940,"Mogeiro","Paraíba","Nordeste","25012","12ª Regiao","25012","MACRORREGIAO I - JOAO PESSOA"
250950,"Montadas","Paraíba","Nordeste","25003","3ª Regiao","25003","MACRORREGIAO II - CAMPINA GRANDE"
250960,"Monte Horebe","Paraíba","Nordeste","25009","9ª Regiao","25009","MACRORREGIAO III - SERTAO ALTO SERTAO"
250970,"Monteiro","Paraíba","Nordeste","25005","5ª Regiao","25005","MACRORREGIAO II - CAMPINA GRANDE"
250980,"Mulungu","Paraíba","Nordeste","25002","2ª Regiao","25002","MACRORREGIAO I - JOAO PESSOA"
250990,"Natuba","Paraíba","Nordeste","25015","15ª Regiao","25015","MACRORREGIAO II - CAMPINA GRANDE"
251000,"Nazarezinho","Paraíba","Nordeste","25010","10ª Regiao","25010","MACRORREGIAO III - SERTAO ALTO SERTAO"
251010,"Nova Floresta","Paraíba","Nordeste","25004","4ª Regiao","25004","MACRORREGIAO II - CAMPINA GRANDE"
251020,"Nova Olinda","Paraíba","Nordeste","25007","7ª Regiao","25007","MACRORREGIAO III - SERTAO ALTO SERTAO"
251030,"Nova Palmeira","Paraíba","Nordeste","25004","4ª Regiao","25004","MACRORREGIAO II - CAMPINA GRANDE"
251040,"Olho d'Água","Paraíba","Nordeste","25007","7ª Regiao","25007","MACRORREGIAO III - SERTAO ALTO SERTAO"
251050,"Olivedos","Paraíba","Nordeste","25016","16ª Regiao","25016","MACRORREGIAO II - CAMPINA GRANDE"
251060,"Ouro Velho","Paraíba","Nordeste","25005","5ª Regiao","25005","MACRORREGIAO II - CAMPINA GRANDE"
251065,"Parari","Paraíba","Nordeste","25005","5ª Regiao","25005","MACRORREGIAO II - CAMPINA GRANDE"
251070,"Passagem","Paraíba","Nordeste","25006","6ª Regiao","25006","MACRORREGIAO III - SERTAO ALTO SERTAO"
251080,"Patos","Paraíba","Nordeste","25006","6ª Regiao","25006","MACRORREGIAO III - SERTAO ALTO SERTAO"
251090,"Paulista","Paraíba","Nordeste","25013","13ª Regiao","25013","MACRORREGIAO III - SERTAO ALTO SERTAO"
251100,"Pedra Branca","Paraíba","Nordeste","25007","7ª Regiao","25007","MACRORREGIAO III - SERTAO ALTO SERTAO"
251110,"Pedra Lavrada","Paraíba","Nordeste","25004","4ª Regiao","25004","MACRORREGIAO II - CAMPINA GRANDE"
251120,"Pedras de Fogo","Paraíba","Nordeste","25012","12ª Regiao","25012","MACRORREGIAO I - JOAO PESSOA"
251272,"Pedro Régis","Paraíba","Nordeste","25014","14ª Regiao","25014","MACRORREGIAO I - JOAO PESSOA"
251130,"Piancó","Paraíba","Nordeste","25007","7ª Regiao","25007","MACRORREGIAO III - SERTAO ALTO SERTAO"
251140,"Picuí","Paraíba","Nordeste","25004","4ª Regiao","25004","MACRORREGIAO II - CAMPINA GRANDE"
251150,"Pilar","Paraíba","Nordeste","25012","12ª Regiao","25012","MACRORREGIAO I - JOAO PESSOA"
251160,"Pilões","Paraíba","Nordeste","25002","2ª Regiao","25002","MACRORREGIAO I - JOAO PESSOA"
251170,"Pilõezinhos","Paraíba","Nordeste","25002","2ª Regiao","25002","MACRORREGIAO I - JOAO PESSOA"
251180,"Pirpirituba","Paraíba","Nordeste","25002","2ª Regiao","25002","MACRORREGIAO I - JOAO PESSOA"
251190,"Pitimbu","Paraíba","Nordeste","25001","1ª Regiao Mata Atlantica","25001","MACRORREGIAO I - JOAO PESSOA"
251200,"Pocinhos","Paraíba","Nordeste","25016","16ª Regiao","25016","MACRORREGIAO II - CAMPINA GRANDE"
251203,"Poço Dantas","Paraíba","Nordeste","25009","9ª Regiao","25009","MACRORREGIAO III - SERTAO ALTO SERTAO"
251207,"Poço de José de Moura","Paraíba","Nordeste","25009","9ª Regiao","25009","MACRORREGIAO III - SERTAO ALTO SERTAO"
251210,"Pombal","Paraíba","Nordeste","25013","13ª Regiao","25013","MACRORREGIAO III - SERTAO ALTO SERTAO"
251220,"Prata","Paraíba","Nordeste","25005","5ª Regiao","25005","MACRORREGIAO II - CAMPINA GRANDE"
251230,"Princesa Isabel","Paraíba","Nordeste","25011","11ª Regiao","25011","MACRORREGIAO III - SERTAO ALTO SERTAO"
251240,"Puxinanã","Paraíba","Nordeste","25016","16ª Regiao","25016","MACRORREGIAO II - CAMPINA GRANDE"
251250,"Queimadas","Paraíba","Nordeste","25015","15ª Regiao","25015","MACRORREGIAO II - CAMPINA GRANDE"
251260,"Quixaba","Paraíba","Nordeste","25006","6ª Regiao","25006","MACRORREGIAO III - SERTAO ALTO SERTAO"
251270,"Remígio","Paraíba","Nordeste","25003","3ª Regiao","25003","MACRORREGIAO II - CAMPINA GRANDE"
251274,"Riachão","Paraíba","Nordeste","25002","2ª Regiao","25002","MACRORREGIAO I - JOAO PESSOA"
251275,"Riachão do Bacamarte","Paraíba","Nordeste","25012","12ª Regiao","25012","MACRORREGIAO I - JOAO PESSOA"
251276,"Riachão do Poço","Paraíba","Nordeste","25001","1ª Regiao Mata Atlantica","25001","MACRORREGIAO I - JOAO PESSOA"
251278,"Riacho de Santo Antônio","Paraíba","Nordeste","25015","15ª Regiao","25015","MACRORREGIAO II - CAMPINA GRANDE"
251280,"Riacho dos Cavalos","Paraíba","Nordeste","25008","8ª Regiao","25008","MACRORREGIAO III - SERTAO ALTO SERTAO"
251290,"Rio Tinto","Paraíba","Nordeste","25014","14ª Regiao","25014","MACRORREGIAO I - JOAO PESSOA"
251300,"Salgadinho","Paraíba","Nordeste","25006","6ª Regiao","25006","MACRORREGIAO III - SERTAO ALTO SERTAO"
251310,"Salgado de São Félix","Paraíba","Nordeste","25012","12ª Regiao","25012","MACRORREGIAO I - JOAO PESSOA"
251315,"Santa Cecília","Paraíba","Nordeste","25015","15ª Regiao","25015","MACRORREGIAO II - CAMPINA GRANDE"
251320,"Santa Cruz","Paraíba","Nordeste","25010","10ª Regiao","25010","MACRORREGIAO III - SERTAO ALTO SERTAO"
251330,"Santa Helena","Paraíba","Nordeste","25009","9ª Regiao","25009","MACRORREGIAO III - SERTAO ALTO SERTAO"
251335,"Santa Inês","Paraíba","Nordeste","25007","7ª Regiao","25007","MACRORREGIAO III - SERTAO ALTO SERTAO"
251340,"Santa Luzia","Paraíba","Nordeste","25006","6ª Regiao","25006","MACRORREGIAO III - SERTAO ALTO SERTAO"
251370,"Santa Rita","Paraíba","Nordeste","25001","1ª Regiao Mata Atlantica","25001","MACRORREGIAO I - JOAO PESSOA"
251380,"Santa Teresinha","Paraíba","Nordeste","25006","6ª Regiao","25006","MACRORREGIAO III - SERTAO ALTO SERTAO"
251350,"Santana de Mangueira","Paraíba","Nordeste","25007","7ª Regiao","25007","MACRORREGIAO III - SERTAO ALTO SERTAO"
251360,"Santana dos Garrotes","Paraíba","Nordeste","25007","7ª Regiao","25007","MACRORREGIAO III - SERTAO ALTO SERTAO"
251385,"Santo André","Paraíba","Nordeste","25016","16ª Regiao","25016","MACRORREGIAO II - CAMPINA GRANDE"
251392,"São Bentinho","Paraíba","Nordeste","25013","13ª Regiao","25013","MACRORREGIAO III - SERTAO ALTO SERTAO"
251390,"São Bento","Paraíba","Nordeste","25008","8ª Regiao","25008","MACRORREGIAO III - SERTAO ALTO SERTAO"
251396,"São Domingos","Paraíba","Nordeste","25013","13ª Regiao","25013","MACRORREGIAO III - SERTAO ALTO SERTAO"
251394,"São Domingos do Cariri","Paraíba","Nordeste","25015","15ª Regiao","25015","MACRORREGIAO II - CAMPINA GRANDE"
251398,"São Francisco","Paraíba","Nordeste","25010","10ª Regiao","25010","MACRORREGIAO III - SERTAO ALTO SERTAO"
251400,"São João do Cariri","Paraíba","Nordeste","25005","5ª Regiao","25005","MACRORREGIAO II - CAMPINA GRANDE"
250070,"São João do Rio do Peixe","Paraíba","Nordeste","25009","9ª Regiao","25009","MACRORREGIAO III - SERTAO ALTO SERTAO"
251410,"São João do Tigre","Paraíba","Nordeste","25005","5ª Regiao","25005","MACRORREGIAO II - CAMPINA GRANDE"
251420,"São José da Lagoa Tapada","Paraíba","Nordeste","25010","10ª Regiao","25010","MACRORREGIAO III - SERTAO ALTO SERTAO"
251430,"São José de Caiana","Paraíba","Nordeste","25007","7ª Regiao","25007","MACRORREGIAO III - SERTAO ALTO SERTAO"
251440,"São José de Espinharas","Paraíba","Nordeste","25006","6ª Regiao","25006","MACRORREGIAO III - SERTAO ALTO SERTAO"
251450,"São José de Piranhas","Paraíba","Nordeste","25009","9ª Regiao","25009","MACRORREGIAO III - SERTAO ALTO SERTAO"
251455,"São José de Princesa","Paraíba","Nordeste","25011","11ª Regiao","25011","MACRORREGIAO III - SERTAO ALTO SERTAO"
251460,"São José do Bonfim","Paraíba","Nordeste","25006","6ª Regiao","25006","MACRORREGIAO III - SERTAO ALTO SERTAO"
251465,"São José do Brejo do Cruz","Paraíba","Nordeste","25008","8ª Regiao","25008","MACRORREGIAO III - SERTAO ALTO SERTAO"
251470,"São José do Sabugi","Paraíba","Nordeste","25006","6ª Regiao","25006","MACRORREGIAO III - SERTAO ALTO SERTAO"
251480,"São José dos Cordeiros","Paraíba","Nordeste","25005","5ª Regiao","25005","MACRORREGIAO II - CAMPINA GRANDE"
251445,"São José dos Ramos","Paraíba","Nordeste","25012","12ª Regiao","25012","MACRORREGIAO I - JOAO PESSOA"
251490,"São Mamede","Paraíba","Nordeste","25006","6ª Regiao","25006","MACRORREGIAO III - SERTAO ALTO SERTAO"
251500,"São Miguel de Taipu","Paraíba","Nordeste","25012","12ª Regiao","25012","MACRORREGIAO I - JOAO PESSOA"
251510,"São Sebastião de Lagoa de Roça","Paraíba","Nordeste","25003","3ª Regiao","25003","MACRORREGIAO II - CAMPINA GRANDE"
251520,"São Sebastião do Umbuzeiro","Paraíba","Nordeste","25005","5ª Regiao","25005","MACRORREGIAO II - CAMPINA GRANDE"
251540,"São Vicente do Seridó","Paraíba","Nordeste","25004","4ª Regiao","25004","MACRORREGIAO II - CAMPINA GRANDE"
251530,"Sapé","Paraíba","Nordeste","25001","1ª Regiao Mata Atlantica","25001","MACRORREGIAO I - JOAO PESSOA"
251550,"Serra Branca","Paraíba","Nordeste","25005","5ª Regiao","25005","MACRORREGIAO II - CAMPINA GRANDE"
251560,"Serra da Raiz","Paraíba","Nordeste","25002","2ª Regiao","25002","MACRORREGIAO I - JOAO PESSOA"
251570,"Serra Grande","Paraíba","Nordeste","25007","7ª Regiao","25007","MACRORREGIAO III - SERTAO ALTO SERTAO"
251580,"Serra Redonda","Paraíba","Nordeste","25016","16ª Regiao","25016","MACRORREGIAO II - CAMPINA GRANDE"
251590,"Serraria","Paraíba","Nordeste","25002","2ª Regiao","25002","MACRORREGIAO I - JOAO PESSOA"
251593,"Sertãozinho","Paraíba","Nordeste","25002","2ª Regiao","25002","MACRORREGIAO I - JOAO PESSOA"
251597,"Sobrado","Paraíba","Nordeste","25001","1ª Regiao Mata Atlantica","25001","MACRORREGIAO I - JOAO PESSOA"
251600,"Solânea","Paraíba","Nordeste","25002","2ª Regiao","25002","MACRORREGIAO I - JOAO PESSOA"
251610,"Soledade","Paraíba","Nordeste","25016","16ª Regiao","25016","MACRORREGIAO II - CAMPINA GRANDE"
251615,"Sossêgo","Paraíba","Nordeste","25004","4ª Regiao","25004","MACRORREGIAO II - CAMPINA GRANDE"
251620,"Sousa","Paraíba","Nordeste","25010","10ª Regiao","25010","MACRORREGIAO III - SERTAO ALTO SERTAO"
251630,"Sumé","Paraíba","Nordeste","25005","5ª Regiao","25005","MACRORREGIAO II - CAMPINA GRANDE"
251640,"Tacima","Paraíba","Nordeste","25002","2ª Regiao","25002","MACRORREGIAO I - JOAO PESSOA"
251650,"Taperoá","Paraíba","Nordeste","25016","16ª Regiao","25016","MACRORREGIAO II - CAMPINA GRANDE"
251660,"Tavares","Paraíba","Nordeste","25011","11ª Regiao","25011","MACRORREGIAO III - SERTAO ALTO SERTAO"
251670,"Teixeira","Paraíba","Nordeste","25006","6ª Regiao","25006","MACRORREGIAO III - SERTAO ALTO SERTAO"
251675,"Tenório","Paraíba","Nordeste","25016","16ª Regiao","25016","MACRORREGIAO II - CAMPINA GRANDE"
251680,"Triunfo","Paraíba","Nordeste","25009","9ª Regiao","25009","MACRORREGIAO III - SERTAO ALTO SERTAO"
251690,"Uiraúna","Paraíba","Nordeste","25009","9ª Regiao","25009","MACRORREGIAO III - SERTAO ALTO SERTAO"
251700,"Umbuzeiro","Paraíba","Nordeste","25015","15ª Regiao","25015","MACRORREGIAO II - CAMPINA GRANDE"
251710,"Várzea","Paraíba","Nordeste","25006","6ª Regiao","25006","MACRORREGIAO III - SERTAO ALTO SERTAO"
251720,"Vieirópolis","Paraíba","Nordeste","25010","10ª Regiao","25010","MACRORREGIAO III - SERTAO ALTO SERTAO"
250550,"Vista Serrana","Paraíba","Nordeste","25006","6ª Regiao","25006","MACRORREGIAO III - SERTAO ALTO SERTAO"
251740,"Zabelê","Paraíba","Nordeste","25005","5ª Regiao","25005","MACRORREGIAO II - CAMPINA GRANDE"
260005,"Abreu e Lima","Pernambuco","Nordeste","26010","Recife","26010","METROPOLITANA"
260010,"Afogados da Ingazeira","Pernambuco","Nordeste","26001","Afogados Da Ingazeira","26001","SERTAO"
260020,"Afrânio","Pernambuco","Nordeste","26009","Petrolina","26009","VALE DO S.FRANCISCO E ARARIPE"
260030,"Agrestina","Pernambuco","Nordeste","26003","Caruaru","26003","AGRESTE"
260040,"Água Preta","Pernambuco","Nordeste","26008","Palmares","26008","METROPOLITANA"
260050,"Águas Belas","Pernambuco","Nordeste","26004","Garanhuns","26004","AGRESTE"
260060,"Alagoinha","Pernambuco","Nordeste","26003","Caruaru","26003","AGRESTE"
260070,"Aliança","Pernambuco","Nordeste","26005","Goiana","26005","METROPOLITANA"
260080,"Altinho","Pernambuco","Nordeste","26003","Caruaru","26003","AGRESTE"
260090,"Amaraji","Pernambuco","Nordeste","26008","Palmares","26008","METROPOLITANA"
260100,"Angelim","Pernambuco","Nordeste","26004","Garanhuns","26004","AGRESTE"
260105,"Araçoiaba","Pernambuco","Nordeste","26010","Recife","26010","METROPOLITANA"
260110,"Araripina","Pernambuco","Nordeste","26007","Ouricuri","26007","VALE DO S.FRANCISCO E ARARIPE"
260120,"Arcoverde","Pernambuco","Nordeste","26002","Arcoverde","26002","SERTAO"
260130,"Barra de Guabiraba","Pernambuco","Nordeste","26003","Caruaru","26003","AGRESTE"
260140,"Barreiros","Pernambuco","Nordeste","26008","Palmares","26008","METROPOLITANA"
260150,"Belém de Maria","Pernambuco","Nordeste","26008","Palmares","26008","METROPOLITANA"
260160,"Belém do São Francisco","Pernambuco","Nordeste","26011","Salgueiro","26011","VALE DO S.FRANCISCO E ARARIPE"
260170,"Belo Jardim","Pernambuco","Nordeste","26003","Caruaru","26003","AGRESTE"
260180,"Betânia","Pernambuco","Nordeste","26012","Serra Talhada","26012","SERTAO"
260190,"Bezerros","Pernambuco","Nordeste","26003","Caruaru","26003","AGRESTE"
260200,"Bodocó","Pernambuco","Nordeste","26007","Ouricuri","26007","VALE DO S.FRANCISCO E ARARIPE"
260210,"Bom Conselho","Pernambuco","Nordeste","26004","Garanhuns","26004","AGRESTE"
260220,"Bom Jardim","Pernambuco","Nordeste","26006","Limoeiro","26006","METROPOLITANA"
260230,"Bonito","Pernambuco","Nordeste","26003","Caruaru","26003","AGRESTE"
260240,"Brejão","Pernambuco","Nordeste","26004","Garanhuns","26004","AGRESTE"
260250,"Brejinho","Pernambuco","Nordeste","26001","Afogados Da Ingazeira","26001","SERTAO"
260260,"Brejo da Madre de Deus","Pernambuco","Nordeste","26003","Caruaru","26003","AGRESTE"
260270,"Buenos Aires","Pernambuco","Nordeste","26006","Limoeiro","26006","METROPOLITANA"
260280,"Buíque","Pernambuco","Nordeste","26002","Arcoverde","26002","SERTAO"
260290,"Cabo de Santo Agostinho","Pernambuco","Nordeste","26010","Recife","26010","METROPOLITANA"
260300,"Cabrobó","Pernambuco","Nordeste","26009","Petrolina","26009","VALE DO S.FRANCISCO E ARARIPE"
260310,"Cachoeirinha","Pernambuco","Nordeste","26003","Caruaru","26003","AGRESTE"
260320,"Caetés","Pernambuco","Nordeste","26004","Garanhuns","26004","AGRESTE"
260330,"Calçado","Pernambuco","Nordeste","26004","Garanhuns","26004","AGRESTE"
260340,"Calumbi","Pernambuco","Nordeste","26012","Serra Talhada","26012","SERTAO"
260345,"Camaragibe","Pernambuco","Nordeste","26010","Recife","26010","METROPOLITANA"
260350,"Camocim de São Félix","Pernambuco","Nordeste","26003","Caruaru","26003","AGRESTE"
260360,"Camutanga","Pernambuco","Nordeste","26005","Goiana","26005","METROPOLITANA"
260370,"Canhotinho","Pernambuco","Nordeste","26004","Garanhuns","26004","AGRESTE"
260380,"Capoeiras","Pernambuco","Nordeste","26004","Garanhuns","26004","AGRESTE"
260390,"Carnaíba","Pernambuco","Nordeste","26001","Afogados Da Ingazeira","26001","SERTAO"
260392,"Carnaubeira da Penha","Pernambuco","Nordeste","26012","Serra Talhada","26012","SERTAO"
260400,"Carpina","Pernambuco","Nordeste","26006","Limoeiro","26006","METROPOLITANA"
260410,"Caruaru","Pernambuco","Nordeste","26003","Caruaru","26003","AGRESTE"
260415,"Casinhas","Pernambuco","Nordeste","26006","Limoeiro","26006","METROPOLITANA"
260420,"Catende","Pernambuco","Nordeste","26008","Palmares","26008","METROPOLITANA"
260430,"Cedro","Pernambuco","Nordeste","26011","Salgueiro","26011","VALE DO S.FRANCISCO E ARARIPE"
260440,"Chã de Alegria","Pernambuco","Nordeste","26010","Recife","26010","METROPOLITANA"
260450,"Chã Grande","Pernambuco","Nordeste","26010","Recife","26010","METROPOLITANA"
260460,"Condado","Pernambuco","Nordeste","26005","Goiana","26005","METROPOLITANA"
260470,"Correntes","Pernambuco","Nordeste","26004","Garanhuns","26004","AGRESTE"
260480,"Cortês","Pernambuco","Nordeste","26008","Palmares","26008","METROPOLITANA"
260490,"Cumaru","Pernambuco","Nordeste","26006","Limoeiro","26006","METROPOLITANA"
260500,"Cupira","Pernambuco","Nordeste","26003","Caruaru","26003","AGRESTE"
260510,"Custódia","Pernambuco","Nordeste","26002","Arcoverde","26002","SERTAO"
260515,"Dormentes","Pernambuco","Nordeste","26009","Petrolina","26009","VALE DO S.FRANCISCO E ARARIPE"
260520,"Escada","Pernambuco","Nordeste","26008","Palmares","26008","METROPOLITANA"
260530,"Exu","Pernambuco","Nordeste","26007","Ouricuri","26007","VALE DO S.FRANCISCO E ARARIPE"
260540,"Feira Nova","Pernambuco","Nordeste","26006","Limoeiro","26006","METROPOLITANA"
260545,"Fernando de Noronha","Pernambuco","Nordeste","26010","Recife","26010","METROPOLITANA"
260550,"Ferreiros","Pernambuco","Nordeste","26005","Goiana","26005","METROPOLITANA"
260560,"Flores","Pernambuco","Nordeste","26012","Serra Talhada","26012","SERTAO"
260570,"Floresta","Pernambuco","Nordeste","26012","Serra Talhada","26012","SERTAO"
260580,"Frei Miguelinho","Pernambuco","Nordeste","26003","Caruaru","26003","AGRESTE"
260590,"Gameleira","Pernambuco","Nordeste","26008","Palmares","26008","METROPOLITANA"
260600,"Garanhuns","Pernambuco","Nordeste","26004","Garanhuns","26004","AGRESTE"
260610,"Glória do Goitá","Pernambuco","Nordeste","26010","Recife","26010","METROPOLITANA"
260620,"Goiana","Pernambuco","Nordeste","26005","Goiana","26005","METROPOLITANA"
260630,"Granito","Pernambuco","Nordeste","26007","Ouricuri","26007","VALE DO S.FRANCISCO E ARARIPE"
260640,"Gravatá","Pernambuco","Nordeste","26003","Caruaru","26003","AGRESTE"
260650,"Iati","Pernambuco","Nordeste","26004","Garanhuns","26004","AGRESTE"
260660,"Ibimirim","Pernambuco","Nordeste","26002","Arcoverde","26002","SERTAO"
260670,"Ibirajuba","Pernambuco","Nordeste","26003","Caruaru","26003","AGRESTE"
260680,"Igarassu","Pernambuco","Nordeste","26010","Recife","26010","METROPOLITANA"
260690,"Iguaracy","Pernambuco","Nordeste","26001","Afogados Da Ingazeira","26001","SERTAO"
260760,"Ilha de Itamaracá","Pernambuco","Nordeste","26010","Recife","26010","METROPOLITANA"
260700,"Inajá","Pernambuco","Nordeste","26002","Arcoverde","26002","SERTAO"
260710,"Ingazeira","Pernambuco","Nordeste","26001","Afogados Da Ingazeira","26001","SERTAO"
260720,"Ipojuca","Pernambuco","Nordeste","26010","Recife","26010","METROPOLITANA"
260730,"Ipubi","Pernambuco","Nordeste","26007","Ouricuri","26007","VALE DO S.FRANCISCO E ARARIPE"
260740,"Itacuruba","Pernambuco","Nordeste","26012","Serra Talhada","26012","SERTAO"
260750,"Itaíba","Pernambuco","Nordeste","26004","Garanhuns","26004","AGRESTE"
260765,"Itambé","Pernambuco","Nordeste","26005","Goiana","26005","METROPOLITANA"
260770,"Itapetim","Pernambuco","Nordeste","26001","Afogados Da Ingazeira","26001","SERTAO"
260775,"Itapissuma","Pernambuco","Nordeste","26010","Recife","26010","METROPOLITANA"
260780,"Itaquitinga","Pernambuco","Nordeste","26005","Goiana","26005","METROPOLITANA"
260790,"Jaboatão dos Guararapes","Pernambuco","Nordeste","26010","Recife","26010","METROPOLITANA"
260795,"Jaqueira","Pernambuco","Nordeste","26008","Palmares","26008","METROPOLITANA"
260800,"Jataúba","Pernambuco","Nordeste","26003","Caruaru","26003","AGRESTE"
260805,"Jatobá","Pernambuco","Nordeste","26002","Arcoverde","26002","SERTAO"
260810,"João Alfredo","Pernambuco","Nordeste","26006","Limoeiro","26006","METROPOLITANA"
260820,"Joaquim Nabuco","Pernambuco","Nordeste","26008","Palmares","26008","METROPOLITANA"
260825,"Jucati","Pernambuco","Nordeste","26004","Garanhuns","26004","AGRESTE"
260830,"Jupi","Pernambuco","Nordeste","26004","Garanhuns","26004","AGRESTE"
260840,"Jurema","Pernambuco","Nordeste","26003","Caruaru","26003","AGRESTE"
260850,"Lagoa de Itaenga","Pernambuco","Nordeste","26006","Limoeiro","26006","METROPOLITANA"
260845,"Lagoa do Carro","Pernambuco","Nordeste","26006","Limoeiro","26006","METROPOLITANA"
260860,"Lagoa do Ouro","Pernambuco","Nordeste","26004","Garanhuns","26004","AGRESTE"
260870,"Lagoa dos Gatos","Pernambuco","Nordeste","26008","Palmares","26008","METROPOLITANA"
260875,"Lagoa Grande","Pernambuco","Nordeste","26009","Petrolina","26009","VALE DO S.FRANCISCO E ARARIPE"
260880,"Lajedo","Pernambuco","Nordeste","26004","Garanhuns","26004","AGRESTE"
260890,"Limoeiro","Pernambuco","Nordeste","26006","Limoeiro","26006","METROPOLITANA"
260900,"Macaparana","Pernambuco","Nordeste","26005","Goiana","26005","METROPOLITANA"
260910,"Machados","Pernambuco","Nordeste","26006","Limoeiro","26006","METROPOLITANA"
260915,"Manari","Pernambuco","Nordeste","26002","Arcoverde","26002","SERTAO"
260920,"Maraial","Pernambuco","Nordeste","26008","Palmares","26008","METROPOLITANA"
260930,"Mirandiba","Pernambuco","Nordeste","26011","Salgueiro","26011","VALE DO S.FRANCISCO E ARARIPE"
261430,"Moreilândia","Pernambuco","Nordeste","26007","Ouricuri","26007","VALE DO S.FRANCISCO E ARARIPE"
260940,"Moreno","Pernambuco","Nordeste","26010","Recife","26010","METROPOLITANA"
260950,"Nazaré da Mata","Pernambuco","Nordeste","26006","Limoeiro","26006","METROPOLITANA"
260960,"Olinda","Pernambuco","Nordeste","26010","Recife","26010","METROPOLITANA"
260970,"Orobó","Pernambuco","Nordeste","26006","Limoeiro","26006","METROPOLITANA"
260980,"Orocó","Pernambuco","Nordeste","26009","Petrolina","26009","VALE DO S.FRANCISCO E ARARIPE"
260990,"Ouricuri","Pernambuco","Nordeste","26007","Ouricuri","26007","VALE DO S.FRANCISCO E ARARIPE"
261000,"Palmares","Pernambuco","Nordeste","26008","Palmares","26008","METROPOLITANA"
261010,"Palmeirina","Pernambuco","Nordeste","26004","Garanhuns","26004","AGRESTE"
261020,"Panelas","Pernambuco","Nordeste","26003","Caruaru","26003","AGRESTE"
261030,"Paranatama","Pernambuco","Nordeste","26004","Garanhuns","26004","AGRESTE"
261040,"Parnamirim","Pernambuco","Nordeste","26007","Ouricuri","26007","VALE DO S.FRANCISCO E ARARIPE"
261050,"Passira","Pernambuco","Nordeste","26006","Limoeiro","26006","METROPOLITANA"
261060,"Paudalho","Pernambuco","Nordeste","26006","Limoeiro","26006","METROPOLITANA"
261070,"Paulista","Pernambuco","Nordeste","26010","Recife","26010","METROPOLITANA"
261080,"Pedra","Pernambuco","Nordeste","26002","Arcoverde","26002","SERTAO"
261090,"Pesqueira","Pernambuco","Nordeste","26003","Caruaru","26003","AGRESTE"
261100,"Petrolândia","Pernambuco","Nordeste","26002","Arcoverde","26002","SERTAO"
261110,"Petrolina","Pernambuco","Nordeste","26009","Petrolina","26009","VALE DO S.FRANCISCO E ARARIPE"
261120,"Poção","Pernambuco","Nordeste","26003","Caruaru","26003","AGRESTE"
261130,"Pombos","Pernambuco","Nordeste","26010","Recife","26010","METROPOLITANA"
261140,"Primavera","Pernambuco","Nordeste","26008","Palmares","26008","METROPOLITANA"
261150,"Quipapá","Pernambuco","Nordeste","26008","Palmares","26008","METROPOLITANA"
261153,"Quixaba","Pernambuco","Nordeste","26001","Afogados Da Ingazeira","26001","SERTAO"
261160,"Recife","Pernambuco","Nordeste","26010","Recife","26010","METROPOLITANA"
261170,"Riacho das Almas","Pernambuco","Nordeste","26003","Caruaru","26003","AGRESTE"
261180,"Ribeirão","Pernambuco","Nordeste","26008","Palmares","26008","METROPOLITANA"
261190,"Rio Formoso","Pernambuco","Nordeste","26008","Palmares","26008","METROPOLITANA"
261200,"Sairé","Pernambuco","Nordeste","26003","Caruaru","26003","AGRESTE"
261210,"Salgadinho","Pernambuco","Nordeste","26006","Limoeiro","26006","METROPOLITANA"
261220,"Salgueiro","Pernambuco","Nordeste","26011","Salgueiro","26011","VALE DO S.FRANCISCO E ARARIPE"
261230,"Saloá","Pernambuco","Nordeste","26004","Garanhuns","26004","AGRESTE"
261240,"Sanharó","Pernambuco","Nordeste","26003","Caruaru","26003","AGRESTE"
261245,"Santa Cruz","Pernambuco","Nordeste","26007","Ouricuri","26007","VALE DO S.FRANCISCO E ARARIPE"
261247,"Santa Cruz da Baixa Verde","Pernambuco","Nordeste","26012","Serra Talhada","26012","SERTAO"
261250,"Santa Cruz do Capibaribe","Pernambuco","Nordeste","26003","Caruaru","26003","AGRESTE"
261255,"Santa Filomena","Pernambuco","Nordeste","26007","Ouricuri","26007","VALE DO S.FRANCISCO E ARARIPE"
261260,"Santa Maria da Boa Vista","Pernambuco","Nordeste","26009","Petrolina","26009","VALE DO S.FRANCISCO E ARARIPE"
261270,"Santa Maria do Cambucá","Pernambuco","Nordeste","26003","Caruaru","26003","AGRESTE"
261280,"Santa Terezinha","Pernambuco","Nordeste","26001","Afogados Da Ingazeira","26001","SERTAO"
261290,"São Benedito do Sul","Pernambuco","Nordeste","26008","Palmares","26008","METROPOLITANA"
261300,"São Bento do Una","Pernambuco","Nordeste","26003","Caruaru","26003","AGRESTE"
261310,"São Caitano","Pernambuco","Nordeste","26003","Caruaru","26003","AGRESTE"
261320,"São João","Pernambuco","Nordeste","26004","Garanhuns","26004","AGRESTE"
261330,"São Joaquim do Monte","Pernambuco","Nordeste","26003","Caruaru","26003","AGRESTE"
261340,"São José da Coroa Grande","Pernambuco","Nordeste","26008","Palmares","26008","METROPOLITANA"
261350,"São José do Belmonte","Pernambuco","Nordeste","26012","Serra Talhada","26012","SERTAO"
261360,"São José do Egito","Pernambuco","Nordeste","26001","Afogados Da Ingazeira","26001","SERTAO"
261370,"São Lourenço da Mata","Pernambuco","Nordeste","26010","Recife","26010","METROPOLITANA"
261380,"São Vicente Ferrer","Pernambuco","Nordeste","26005","Goiana","26005","METROPOLITANA"
261390,"Serra Talhada","Pernambuco","Nordeste","26012","Serra Talhada","26012","SERTAO"
261400,"Serrita","Pernambuco","Nordeste","26011","Salgueiro","26011","VALE DO S.FRANCISCO E ARARIPE"
261410,"Sertânia","Pernambuco","Nordeste","26002","Arcoverde","26002","SERTAO"
261420,"Sirinhaém","Pernambuco","Nordeste","26008","Palmares","26008","METROPOLITANA"
261440,"Solidão","Pernambuco","Nordeste","26001","Afogados Da Ingazeira","26001","SERTAO"
261450,"Surubim","Pernambuco","Nordeste","26006","Limoeiro","26006","METROPOLITANA"
261460,"Tabira","Pernambuco","Nordeste","26001","Afogados Da Ingazeira","26001","SERTAO"
261470,"Tacaimbó","Pernambuco","Nordeste","26003","Caruaru","26003","AGRESTE"
261480,"Tacaratu","Pernambuco","Nordeste","26002","Arcoverde","26002","SERTAO"
261485,"Tamandaré","Pernambuco","Nordeste","26008","Palmares","26008","METROPOLITANA"
261500,"Taquaritinga do Norte","Pernambuco","Nordeste","26003","Caruaru","26003","AGRESTE"
261510,"Terezinha","Pernambuco","Nordeste","26004","Garanhuns","26004","AGRESTE"
261520,"Terra Nova","Pernambuco","Nordeste","26011","Salgueiro","26011","VALE DO S.FRANCISCO E ARARIPE"
261530,"Timbaúba","Pernambuco","Nordeste","26005","Goiana","26005","METROPOLITANA"
261540,"Toritama","Pernambuco","Nordeste","26003","Caruaru","26003","AGRESTE"
261550,"Tracunhaém","Pernambuco","Nordeste","26006","Limoeiro","26006","METROPOLITANA"
261560,"Trindade","Pernambuco","Nordeste","26007","Ouricuri","26007","VALE DO S.FRANCISCO E ARARIPE"
261570,"Triunfo","Pernambuco","Nordeste","26012","Serra Talhada","26012","SERTAO"
261580,"Tupanatinga","Pernambuco","Nordeste","26002","Arcoverde","26002","SERTAO"
261590,"Tuparetama","Pernambuco","Nordeste","26001","Afogados Da Ingazeira","26001","SERTAO"
261600,"Venturosa","Pernambuco","Nordeste","26002","Arcoverde","26002","SERTAO"
261610,"Verdejante","Pernambuco","Nordeste","26011","Salgueiro","26011","VALE DO S.FRANCISCO E ARARIPE"
261618,"Vertente do Lério","Pernambuco","Nordeste","26006","Limoeiro","26006","METROPOLITANA"
261620,"Vertentes","Pernambuco","Nordeste","26003","Caruaru","26003","AGRESTE"
261630,"Vicência","Pernambuco","Nordeste","26006","Limoeiro","26006","METROPOLITANA"
261640,"Vitória de Santo Antão","Pernambuco","Nordeste","26010","Recife","26010","METROPOLITANA"
261650,"Xexéu","Pernambuco","Nordeste","26008","Palmares","26008","METROPOLITANA"
270010,"Água Branca","Alagoas","Nordeste","27010","10ª Regiao De Saude","27010","2ª MACRORREGIAO DE SAUDE"
270020,"Anadia","Alagoas","Nordeste","27005","5ª Regiao De Saude","27005","1ª MACRORREGIAO DE SAUDE"
270030,"Arapiraca","Alagoas","Nordeste","27007","7ª Regiao De Saude","27007","2ª MACRORREGIAO DE SAUDE"
270040,"Atalaia","Alagoas","Nordeste","27004","4ª Regiao De Saude","27004","1ª MACRORREGIAO DE SAUDE"
270050,"Barra de Santo Antônio","Alagoas","Nordeste","27001","1ª Regiao De Saude","27001","1ª MACRORREGIAO DE SAUDE"
270060,"Barra de São Miguel","Alagoas","Nordeste","27001","1ª Regiao De Saude","27001","1ª MACRORREGIAO DE SAUDE"
270070,"Batalha","Alagoas","Nordeste","27007","7ª Regiao De Saude","27007","2ª MACRORREGIAO DE SAUDE"
270080,"Belém","Alagoas","Nordeste","27008","8ª Regiao De Saude","27008","2ª MACRORREGIAO DE SAUDE"
270090,"Belo Monte","Alagoas","Nordeste","27007","7ª Regiao De Saude","27007","2ª MACRORREGIAO DE SAUDE"
270100,"Boca da Mata","Alagoas","Nordeste","27005","5ª Regiao De Saude","27005","1ª MACRORREGIAO DE SAUDE"
270110,"Branquinha","Alagoas","Nordeste","27003","3ª Regiao De Saude","27003","1ª MACRORREGIAO DE SAUDE"
270120,"Cacimbinhas","Alagoas","Nordeste","27008","8ª Regiao De Saude","27008","2ª MACRORREGIAO DE SAUDE"
270130,"Cajueiro","Alagoas","Nordeste","27004","4ª Regiao De Saude","27004","1ª MACRORREGIAO DE SAUDE"
270135,"Campestre","Alagoas","Nordeste","27003","3ª Regiao De Saude","27003","1ª MACRORREGIAO DE SAUDE"
270140,"Campo Alegre","Alagoas","Nordeste","27005","5ª Regiao De Saude","27005","1ª MACRORREGIAO DE SAUDE"
270150,"Campo Grande","Alagoas","Nordeste","27007","7ª Regiao De Saude","27007","2ª MACRORREGIAO DE SAUDE"
270160,"Canapi","Alagoas","Nordeste","27009","9ª Regiao De Saude","27009","2ª MACRORREGIAO DE SAUDE"
270170,"Capela","Alagoas","Nordeste","27004","4ª Regiao De Saude","27004","1ª MACRORREGIAO DE SAUDE"
270180,"Carneiros","Alagoas","Nordeste","27009","9ª Regiao De Saude","27009","2ª MACRORREGIAO DE SAUDE"
270190,"Chã Preta","Alagoas","Nordeste","27004","4ª Regiao De Saude","27004","1ª MACRORREGIAO DE SAUDE"
270200,"Coité do Nóia","Alagoas","Nordeste","27007","7ª Regiao De Saude","27007","2ª MACRORREGIAO DE SAUDE"
270210,"Colônia Leopoldina","Alagoas","Nordeste","27003","3ª Regiao De Saude","27003","1ª MACRORREGIAO DE SAUDE"
270220,"Coqueiro Seco","Alagoas","Nordeste","27001","1ª Regiao De Saude","27001","1ª MACRORREGIAO DE SAUDE"
270230,"Coruripe","Alagoas","Nordeste","27006","6ª Regiao De Saude","27006","1ª MACRORREGIAO DE SAUDE"
270235,"Craíbas","Alagoas","Nordeste","27007","7ª Regiao De Saude","27007","2ª MACRORREGIAO DE SAUDE"
270240,"Delmiro Gouveia","Alagoas","Nordeste","27010","10ª Regiao De Saude","27010","2ª MACRORREGIAO DE SAUDE"
270250,"Dois Riachos","Alagoas","Nordeste","27009","9ª Regiao De Saude","27009","2ª MACRORREGIAO DE SAUDE"
270255,"Estrela de Alagoas","Alagoas","Nordeste","27008","8ª Regiao De Saude","27008","2ª MACRORREGIAO DE SAUDE"
270260,"Feira Grande","Alagoas","Nordeste","27007","7ª Regiao De Saude","27007","2ª MACRORREGIAO DE SAUDE"
270270,"Feliz Deserto","Alagoas","Nordeste","27006","6ª Regiao De Saude","27006","1ª MACRORREGIAO DE SAUDE"
270280,"Flexeiras","Alagoas","Nordeste","27001","1ª Regiao De Saude","27001","1ª MACRORREGIAO DE SAUDE"
270290,"Girau do Ponciano","Alagoas","Nordeste","27007","7ª Regiao De Saude","27007","2ª MACRORREGIAO DE SAUDE"
270300,"Ibateguara","Alagoas","Nordeste","27003","3ª Regiao De Saude","27003","1ª MACRORREGIAO DE SAUDE"
270310,"Igaci","Alagoas","Nordeste","27008","8ª Regiao De Saude","27008","2ª MACRORREGIAO DE SAUDE"
270320,"Igreja Nova","Alagoas","Nordeste","27006","6ª Regiao De Saude","27006","1ª MACRORREGIAO DE SAUDE"
270330,"Inhapi","Alagoas","Nordeste","27010","10ª Regiao De Saude","27010","2ª MACRORREGIAO DE SAUDE"
270340,"Jacaré dos Homens","Alagoas","Nordeste","27007","7ª Regiao De Saude","27007","2ª MACRORREGIAO DE SAUDE"
270350,"Jacuípe","Alagoas","Nordeste","27002","2ª Regiao De Saude","27002","1ª MACRORREGIAO DE SAUDE"
270360,"Japaratinga","Alagoas","Nordeste","27002","2ª Regiao De Saude","27002","1ª MACRORREGIAO DE SAUDE"
270370,"Jaramataia","Alagoas","Nordeste","27007","7ª Regiao De Saude","27007","2ª MACRORREGIAO DE SAUDE"
270375,"Jequiá da Praia","Alagoas","Nordeste","27006","6ª Regiao De Saude","27006","1ª MACRORREGIAO DE SAUDE"
270380,"Joaquim Gomes","Alagoas","Nordeste","27003","3ª Regiao De Saude","27003","1ª MACRORREGIAO DE SAUDE"
270390,"Jundiá","Alagoas","Nordeste","27003","3ª Regiao De Saude","27003","1ª MACRORREGIAO DE SAUDE"
270400,"Junqueiro","Alagoas","Nordeste","27005","5ª Regiao De Saude","27005","1ª MACRORREGIAO DE SAUDE"
270410,"Lagoa da Canoa","Alagoas","Nordeste","27007","7ª Regiao De Saude","27007","2ª MACRORREGIAO DE SAUDE"
270420,"Limoeiro de Anadia","Alagoas","Nordeste","27007","7ª Regiao De Saude","27007","2ª MACRORREGIAO DE SAUDE"
270430,"Maceió","Alagoas","Nordeste","27001","1ª Regiao De Saude","27001","1ª MACRORREGIAO DE SAUDE"
270440,"Major Isidoro","Alagoas","Nordeste","27007","7ª Regiao De Saude","27007","2ª MACRORREGIAO DE SAUDE"
270490,"Mar Vermelho","Alagoas","Nordeste","27004","4ª Regiao De Saude","27004","1ª MACRORREGIAO DE SAUDE"
270450,"Maragogi","Alagoas","Nordeste","27002","2ª Regiao De Saude","27002","1ª MACRORREGIAO DE SAUDE"
270460,"Maravilha","Alagoas","Nordeste","27009","9ª Regiao De Saude","27009","2ª MACRORREGIAO DE SAUDE"
270470,"Marechal Deodoro","Alagoas","Nordeste","27001","1ª Regiao De Saude","27001","1ª MACRORREGIAO DE SAUDE"
270480,"Maribondo","Alagoas","Nordeste","27008","8ª Regiao De Saude","27008","2ª MACRORREGIAO DE SAUDE"
270500,"Mata Grande","Alagoas","Nordeste","27010","10ª Regiao De Saude","27010","2ª MACRORREGIAO DE SAUDE"
270510,"Matriz de Camaragibe","Alagoas","Nordeste","27002","2ª Regiao De Saude","27002","1ª MACRORREGIAO DE SAUDE"
270520,"Messias","Alagoas","Nordeste","27001","1ª Regiao De Saude","27001","1ª MACRORREGIAO DE SAUDE"
270530,"Minador do Negrão","Alagoas","Nordeste","27008","8ª Regiao De Saude","27008","2ª MACRORREGIAO DE SAUDE"
270540,"Monteirópolis","Alagoas","Nordeste","27009","9ª Regiao De Saude","27009","2ª MACRORREGIAO DE SAUDE"
270550,"Murici","Alagoas","Nordeste","27003","3ª Regiao De Saude","27003","1ª MACRORREGIAO DE SAUDE"
270560,"Novo Lino","Alagoas","Nordeste","27003","3ª Regiao De Saude","27003","1ª MACRORREGIAO DE SAUDE"
270570,"Olho d'Água das Flores","Alagoas","Nordeste","27009","9ª Regiao De Saude","27009","2ª MACRORREGIAO DE SAUDE"
270580,"Olho d'Água do Casado","Alagoas","Nordeste","27010","10ª Regiao De Saude","27010","2ª MACRORREGIAO DE SAUDE"
270590,"Olho d'Água Grande","Alagoas","Nordeste","27007","7ª Regiao De Saude","27007","2ª MACRORREGIAO DE SAUDE"
270600,"Olivença","Alagoas","Nordeste","27009","9ª Regiao De Saude","27009","2ª MACRORREGIAO DE SAUDE"
270610,"Ouro Branco","Alagoas","Nordeste","27009","9ª Regiao De Saude","27009","2ª MACRORREGIAO DE SAUDE"
270620,"Palestina","Alagoas","Nordeste","27009","9ª Regiao De Saude","27009","2ª MACRORREGIAO DE SAUDE"
270630,"Palmeira dos Índios","Alagoas","Nordeste","27008","8ª Regiao De Saude","27008","2ª MACRORREGIAO DE SAUDE"
270640,"Pão de Açúcar","Alagoas","Nordeste","27009","9ª Regiao De Saude","27009","2ª MACRORREGIAO DE SAUDE"
270642,"Pariconha","Alagoas","Nordeste","27010","10ª Regiao De Saude","27010","2ª MACRORREGIAO DE SAUDE"
270644,"Paripueira","Alagoas","Nordeste","27001","1ª Regiao De Saude","27001","1ª MACRORREGIAO DE SAUDE"
270650,"Passo de Camaragibe","Alagoas","Nordeste","27002","2ª Regiao De Saude","27002","1ª MACRORREGIAO DE SAUDE"
270660,"Paulo Jacinto","Alagoas","Nordeste","27004","4ª Regiao De Saude","27004","1ª MACRORREGIAO DE SAUDE"
270670,"Penedo","Alagoas","Nordeste","27006","6ª Regiao De Saude","27006","1ª MACRORREGIAO DE SAUDE"
270680,"Piaçabuçu","Alagoas","Nordeste","27006","6ª Regiao De Saude","27006","1ª MACRORREGIAO DE SAUDE"
270690,"Pilar","Alagoas","Nordeste","27001","1ª Regiao De Saude","27001","1ª MACRORREGIAO DE SAUDE"
270700,"Pindoba","Alagoas","Nordeste","27004","4ª Regiao De Saude","27004","1ª MACRORREGIAO DE SAUDE"
270710,"Piranhas","Alagoas","Nordeste","27010","10ª Regiao De Saude","27010","2ª MACRORREGIAO DE SAUDE"
270720,"Poço das Trincheiras","Alagoas","Nordeste","27009","9ª Regiao De Saude","27009","2ª MACRORREGIAO DE SAUDE"
270730,"Porto Calvo","Alagoas","Nordeste","27002","2ª Regiao De Saude","27002","1ª MACRORREGIAO DE SAUDE"
270740,"Porto de Pedras","Alagoas","Nordeste","27002","2ª Regiao De Saude","27002","1ª MACRORREGIAO DE SAUDE"
270750,"Porto Real do Colégio","Alagoas","Nordeste","27006","6ª Regiao De Saude","27006","1ª MACRORREGIAO DE SAUDE"
270760,"Quebrangulo","Alagoas","Nordeste","27004","4ª Regiao De Saude","27004","1ª MACRORREGIAO DE SAUDE"
270770,"Rio Largo","Alagoas","Nordeste","27001","1ª Regiao De Saude","27001","1ª MACRORREGIAO DE SAUDE"
270780,"Roteiro","Alagoas","Nordeste","27005","5ª Regiao De Saude","27005","1ª MACRORREGIAO DE SAUDE"
270790,"Santa Luzia do Norte","Alagoas","Nordeste","27001","1ª Regiao De Saude","27001","1ª MACRORREGIAO DE SAUDE"
270800,"Santana do Ipanema","Alagoas","Nordeste","27009","9ª Regiao De Saude","27009","2ª MACRORREGIAO DE SAUDE"
270810,"Santana do Mundaú","Alagoas","Nordeste","27003","3ª Regiao De Saude","27003","1ª MACRORREGIAO DE SAUDE"
270820,"São Brás","Alagoas","Nordeste","27006","6ª Regiao De Saude","27006","1ª MACRORREGIAO DE SAUDE"
270830,"São José da Laje","Alagoas","Nordeste","27003","3ª Regiao De Saude","27003","1ª MACRORREGIAO DE SAUDE"
270840,"São José da Tapera","Alagoas","Nordeste","27009","9ª Regiao De Saude","27009","2ª MACRORREGIAO DE SAUDE"
270850,"São Luís do Quitunde","Alagoas","Nordeste","27002","2ª Regiao De Saude","27002","1ª MACRORREGIAO DE SAUDE"
270860,"São Miguel dos Campos","Alagoas","Nordeste","27005","5ª Regiao De Saude","27005","1ª MACRORREGIAO DE SAUDE"
270870,"São Miguel dos Milagres","Alagoas","Nordeste","27002","2ª Regiao De Saude","27002","1ª MACRORREGIAO DE SAUDE"
270880,"São Sebastião","Alagoas","Nordeste","27007","7ª Regiao De Saude","27007","2ª MACRORREGIAO DE SAUDE"
270890,"Satuba","Alagoas","Nordeste","27001","1ª Regiao De Saude","27001","1ª MACRORREGIAO DE SAUDE"
270895,"Senador Rui Palmeira","Alagoas","Nordeste","27009","9ª Regiao De Saude","27009","2ª MACRORREGIAO DE SAUDE"
270900,"Tanque d'Arca","Alagoas","Nordeste","27008","8ª Regiao De Saude","27008","2ª MACRORREGIAO DE SAUDE"
270910,"Taquarana","Alagoas","Nordeste","27007","7ª Regiao De Saude","27007","2ª MACRORREGIAO DE SAUDE"
270915,"Teotônio Vilela","Alagoas","Nordeste","27005","5ª Regiao De Saude","27005","1ª MACRORREGIAO DE SAUDE"
270920,"Traipu","Alagoas","Nordeste","27007","7ª Regiao De Saude","27007","2ª MACRORREGIAO DE SAUDE"
270930,"União dos Palmares","Alagoas","Nordeste","27003","3ª Regiao De Saude","27003","1ª MACRORREGIAO DE SAUDE"
270940,"Viçosa","Alagoas","Nordeste","27004","4ª Regiao De Saude","27004","1ª MACRORREGIAO DE SAUDE"
280010,"Amparo de São Francisco","Sergipe","Nordeste","28007","Propria","28007","MACRO UNICA"
280020,"Aquidabã","Sergipe","Nordeste","28007","Propria","28007","MACRO UNICA"
280030,"Aracaju","Sergipe","Nordeste","28001","Aracaju","28001","MACRO UNICA"
280040,"Arauá","Sergipe","Nordeste","28002","Estancia","28002","MACRO UNICA"
280050,"Areia Branca","Sergipe","Nordeste","28003","Itabaiana","28003","MACRO UNICA"
280060,"Barra dos Coqueiros","Sergipe","Nordeste","28001","Aracaju","28001","MACRO UNICA"
280067,"Boquim","Sergipe","Nordeste","28002","Estancia","28002","MACRO UNICA"
280070,"Brejo Grande","Sergipe","Nordeste","28007","Propria","28007","MACRO UNICA"
280100,"Campo do Brito","Sergipe","Nordeste","28003","Itabaiana","28003","MACRO UNICA"
280110,"Canhoba","Sergipe","Nordeste","28007","Propria","28007","MACRO UNICA"
280120,"Canindé de São Francisco","Sergipe","Nordeste","28005","Nossa Senhora Da Gloria","28005","MACRO UNICA"
280130,"Capela","Sergipe","Nordeste","28006","Nossa Senhora Do Socorro","28006","MACRO UNICA"
280140,"Carira","Sergipe","Nordeste","28003","Itabaiana","28003","MACRO UNICA"
280150,"Carmópolis","Sergipe","Nordeste","28006","Nossa Senhora Do Socorro","28006","MACRO UNICA"
280160,"Cedro de São João","Sergipe","Nordeste","28007","Propria","28007","MACRO UNICA"
280170,"Cristinápolis","Sergipe","Nordeste","28002","Estancia","28002","MACRO UNICA"
280190,"Cumbe","Sergipe","Nordeste","28006","Nossa Senhora Do Socorro","28006","MACRO UNICA"
280200,"Divina Pastora","Sergipe","Nordeste","28001","Aracaju","28001","MACRO UNICA"
280210,"Estância","Sergipe","Nordeste","28002","Estancia","28002","MACRO UNICA"
280220,"Feira Nova","Sergipe","Nordeste","28005","Nossa Senhora Da Gloria","28005","MACRO UNICA"
280230,"Frei Paulo","Sergipe","Nordeste","28003","Itabaiana","28003","MACRO UNICA"
280240,"Gararu","Sergipe","Nordeste","28005","Nossa Senhora Da Gloria","28005","MACRO UNICA"
280250,"General Maynard","Sergipe","Nordeste","28006","Nossa Senhora Do Socorro","28006","MACRO UNICA"
280260,"Gracho Cardoso","Sergipe","Nordeste","28005","Nossa Senhora Da Gloria","28005","MACRO UNICA"
280270,"Ilha das Flores","Sergipe","Nordeste","28007","Propria","28007","MACRO UNICA"
280280,"Indiaroba","Sergipe","Nordeste","28002","Estancia","28002","MACRO UNICA"
280290,"Itabaiana","Sergipe","Nordeste","28003","Itabaiana","28003","MACRO UNICA"
280300,"Itabaianinha","Sergipe","Nordeste","28002","Estancia","28002","MACRO UNICA"
280310,"Itabi","Sergipe","Nordeste","28005","Nossa Senhora Da Gloria","28005","MACRO UNICA"
280320,"Itaporanga d'Ajuda","Sergipe","Nordeste","28001","Aracaju","28001","MACRO UNICA"
280330,"Japaratuba","Sergipe","Nordeste","28006","Nossa Senhora Do Socorro","28006","MACRO UNICA"
280340,"Japoatã","Sergipe","Nordeste","28007","Propria","28007","MACRO UNICA"
280350,"Lagarto","Sergipe","Nordeste","28004","Lagarto","28004","MACRO UNICA"
280360,"Laranjeiras","Sergipe","Nordeste","28001","Aracaju","28001","MACRO UNICA"
280370,"Macambira","Sergipe","Nordeste","28003","Itabaiana","28003","MACRO UNICA"
280380,"Malhada dos Bois","Sergipe","Nordeste","28007","Propria","28007","MACRO UNICA"
280390,"Malhador","Sergipe","Nordeste","28003","Itabaiana","28003","MACRO UNICA"
280400,"Maruim","Sergipe","Nordeste","28006","Nossa Senhora Do Socorro","28006","MACRO UNICA"
280410,"Moita Bonita","Sergipe","Nordeste","28003","Itabaiana","28003","MACRO UNICA"
280420,"Monte Alegre de Sergipe","Sergipe","Nordeste","28005","Nossa Senhora Da Gloria","28005","MACRO UNICA"
280430,"Muribeca","Sergipe","Nordeste","28007","Propria","28007","MACRO UNICA"
280440,"Neópolis","Sergipe","Nordeste","28007","Propria","28007","MACRO UNICA"
280445,"Nossa Senhora Aparecida","Sergipe","Nordeste","28003","Itabaiana","28003","MACRO UNICA"
280450,"Nossa Senhora da Glória","Sergipe","Nordeste","28005","Nossa Senhora Da Gloria","28005","MACRO UNICA"
280460,"Nossa Senhora das Dores","Sergipe","Nordeste","28006","Nossa Senhora Do Socorro","28006","MACRO UNICA"
280470,"Nossa Senhora de Lourdes","Sergipe","Nordeste","28007","Propria","28007","MACRO UNICA"
280480,"Nossa Senhora do Socorro","Sergipe","Nordeste","28006","Nossa Senhora Do Socorro","28006","MACRO UNICA"
280490,"Pacatuba","Sergipe","Nordeste","28007","Propria","28007","MACRO UNICA"
280500,"Pedra Mole","Sergipe","Nordeste","28003","Itabaiana","28003","MACRO UNICA"
280510,"Pedrinhas","Sergipe","Nordeste","28002","Estancia","28002","MACRO UNICA"
280520,"Pinhão","Sergipe","Nordeste","28003","Itabaiana","28003","MACRO UNICA"
280530,"Pirambu","Sergipe","Nordeste","28006","Nossa Senhora Do Socorro","28006","MACRO UNICA"
280540,"Poço Redondo","Sergipe","Nordeste","28005","Nossa Senhora Da Gloria","28005","MACRO UNICA"
280550,"Poço Verde","Sergipe","Nordeste","28004","Lagarto","28004","MACRO UNICA"
280560,"Porto da Folha","Sergipe","Nordeste","28005","Nossa Senhora Da Gloria","28005","MACRO UNICA"
280570,"Propriá","Sergipe","Nordeste","28007","Propria","28007","MACRO UNICA"
280580,"Riachão do Dantas","Sergipe","Nordeste","28004","Lagarto","28004","MACRO UNICA"
280590,"Riachuelo","Sergipe","Nordeste","28001","Aracaju","28001","MACRO UNICA"
280600,"Ribeirópolis","Sergipe","Nordeste","28003","Itabaiana","28003","MACRO UNICA"
280610,"Rosário do Catete","Sergipe","Nordeste","28006","Nossa Senhora Do Socorro","28006","MACRO UNICA"
280620,"Salgado","Sergipe","Nordeste","28004","Lagarto","28004","MACRO UNICA"
280630,"Santa Luzia do Itanhy","Sergipe","Nordeste","28002","Estancia","28002","MACRO UNICA"
280650,"Santa Rosa de Lima","Sergipe","Nordeste","28001","Aracaju","28001","MACRO UNICA"
280640,"Santana do São Francisco","Sergipe","Nordeste","28007","Propria","28007","MACRO UNICA"
280660,"Santo Amaro das Brotas","Sergipe","Nordeste","28006","Nossa Senhora Do Socorro","28006","MACRO UNICA"
280670,"São Cristóvão","Sergipe","Nordeste","28001","Aracaju","28001","MACRO UNICA"
280680,"São Domingos","Sergipe","Nordeste","28003","Itabaiana","28003","MACRO UNICA"
280690,"São Francisco","Sergipe","Nordeste","28007","Propria","28007","MACRO UNICA"
280700,"São Miguel do Aleixo","Sergipe","Nordeste","28003","Itabaiana","28003","MACRO UNICA"
280710,"Simão Dias","Sergipe","Nordeste","28004","Lagarto","28004","MACRO UNICA"
280720,"Siriri","Sergipe","Nordeste","28006","Nossa Senhora Do Socorro","28006","MACRO UNICA"
280730,"Telha","Sergipe","Nordeste","28007","Propria","28007","MACRO UNICA"
280740,"Tobias Barreto","Sergipe","Nordeste","28004","Lagarto","28004","MACRO UNICA"
280750,"Tomar do Geru","Sergipe","Nordeste","28002","Estancia","28002","MACRO UNICA"
280760,"Umbaúba","Sergipe","Nordeste","28002","Estancia","28002","MACRO UNICA"
290010,"Abaíra","Bahia","Nordeste","29023","Seabra","29023","CENTRO-LESTE (NRS - FEIRA SANTANA)"
290020,"Abaré","Bahia","Nordeste","29017","Paulo Afonso","29017","NORTE - (NRS - JUAZEIRO)"
290030,"Acajutiba","Bahia","Nordeste","29001","Alagoinhas","29001","NORDESTE (NRS - ALAGOINHAS)"
290035,"Adustina","Bahia","Nordeste","29019","Ribeira Do Pombal","29019","NORDESTE (NRS - ALAGOINHAS)"
290040,"Água Fria","Bahia","Nordeste","29025","Serrinha","29025","CENTRO-LESTE (NRS - FEIRA SANTANA)"
290060,"Aiquara","Bahia","Nordeste","29015","Jequie","29015","SUL (NBS - ILHEUS)"
290070,"Alagoinhas","Bahia","Nordeste","29001","Alagoinhas","29001","NORDESTE (NRS - ALAGOINHAS)"
290080,"Alcobaça","Bahia","Nordeste","29026","Teixeira De Freitas","29026","EXTREMO SUL (NRS - TEIXEIRA FREITAS)"
290090,"Almadina","Bahia","Nordeste","29012","Itabuna","29012","SUL (NBS - ILHEUS)"
290100,"Amargosa","Bahia","Nordeste","29022","Santo Antonio De Jesus","29022","LESTE - (NRS - SALVADOR)"
290110,"Amélia Rodrigues","Bahia","Nordeste","29006","Feira De Santana","29006","CENTRO-LESTE (NRS - FEIRA SANTANA)"
290115,"América Dourada","Bahia","Nordeste","29010","Irece","29010","CENTRO - NORTE (NRS - JACOBINA)"
290120,"Anagé","Bahia","Nordeste","29028","Vitoria Da Conquista","29028","SUDOESTE (NBS - VITORIA CONQUISTA)"
290130,"Andaraí","Bahia","Nordeste","29011","Itaberaba","29011","CENTRO-LESTE (NRS - FEIRA SANTANA)"
290135,"Andorinha","Bahia","Nordeste","29024","Senhor Do Bonfim","29024","NORTE - (NRS - JUAZEIRO)"
290140,"Angical","Bahia","Nordeste","29002","Barreiras","29002","OESTE (NBS - BARREIRAS)"
290150,"Anguera","Bahia","Nordeste","29006","Feira De Santana","29006","CENTRO-LESTE (NRS - FEIRA SANTANA)"
290160,"Antas","Bahia","Nordeste","29019","Ribeira Do Pombal","29019","NORDESTE (NRS - ALAGOINHAS)"
290170,"Antônio Cardoso","Bahia","Nordeste","29006","Feira De Santana","29006","CENTRO-LESTE (NRS - FEIRA SANTANA)"
290180,"Antônio Gonçalves","Bahia","Nordeste","29024","Senhor Do Bonfim","29024","NORTE - (NRS - JUAZEIRO)"
290190,"Aporá","Bahia","Nordeste","29001","Alagoinhas","29001","NORDESTE (NRS - ALAGOINHAS)"
290195,"Apuarema","Bahia","Nordeste","29015","Jequie","29015","SUL (NBS - ILHEUS)"
290205,"Araças","Bahia","Nordeste","29001","Alagoinhas","29001","NORDESTE (NRS - ALAGOINHAS)"
290200,"Aracatu","Bahia","Nordeste","29003","Brumado","29003","SUDOESTE (NBS - VITORIA CONQUISTA)"
290210,"Araci","Bahia","Nordeste","29025","Serrinha","29025","CENTRO-LESTE (NRS - FEIRA SANTANA)"
290220,"Aramari","Bahia","Nordeste","29001","Alagoinhas","29001","NORDESTE (NRS - ALAGOINHAS)"
290225,"Arataca","Bahia","Nordeste","29009","Ilheus","29009","SUL (NBS - ILHEUS)"
290230,"Aratuípe","Bahia","Nordeste","29022","Santo Antonio De Jesus","29022","LESTE - (NRS - SALVADOR)"
290240,"Aurelino Leal","Bahia","Nordeste","29012","Itabuna","29012","SUL (NBS - ILHEUS)"
290250,"Baianópolis","Bahia","Nordeste","29002","Barreiras","29002","OESTE (NBS - BARREIRAS)"
290260,"Baixa Grande","Bahia","Nordeste","29006","Feira De Santana","29006","CENTRO-LESTE (NRS - FEIRA SANTANA)"
290265,"Banzaê","Bahia","Nordeste","29019","Ribeira Do Pombal","29019","NORDESTE (NRS - ALAGOINHAS)"
290270,"Barra","Bahia","Nordeste","29008","Ibotirama","29008","OESTE (NBS - BARREIRAS)"
290280,"Barra da Estiva","Bahia","Nordeste","29003","Brumado","29003","SUDOESTE (NBS - VITORIA CONQUISTA)"
290290,"Barra do Choça","Bahia","Nordeste","29028","Vitoria Da Conquista","29028","SUDOESTE (NBS - VITORIA CONQUISTA)"
290300,"Barra do Mendes","Bahia","Nordeste","29010","Irece","29010","CENTRO - NORTE (NRS - JACOBINA)"
290310,"Barra do Rocha","Bahia","Nordeste","29015","Jequie","29015","SUL (NBS - ILHEUS)"
290320,"Barreiras","Bahia","Nordeste","29002","Barreiras","29002","OESTE (NBS - BARREIRAS)"
290323,"Barro Alto","Bahia","Nordeste","29010","Irece","29010","CENTRO - NORTE (NRS - JACOBINA)"
290330,"Barro Preto","Bahia","Nordeste","29012","Itabuna","29012","SUL (NBS - ILHEUS)"
290327,"Barrocas","Bahia","Nordeste","29025","Serrinha","29025","CENTRO-LESTE (NRS - FEIRA SANTANA)"
290340,"Belmonte","Bahia","Nordeste","29018","Porto Seguro","29018","EXTREMO SUL (NRS - TEIXEIRA FREITAS)"
290350,"Belo Campo","Bahia","Nordeste","29028","Vitoria Da Conquista","29028","SUDOESTE (NBS - VITORIA CONQUISTA)"
290360,"Biritinga","Bahia","Nordeste","29025","Serrinha","29025","CENTRO-LESTE (NRS - FEIRA SANTANA)"
290370,"Boa Nova","Bahia","Nordeste","29015","Jequie","29015","SUL (NBS - ILHEUS)"
290380,"Boa Vista do Tupim","Bahia","Nordeste","29011","Itaberaba","29011","CENTRO-LESTE (NRS - FEIRA SANTANA)"
290390,"Bom Jesus da Lapa","Bahia","Nordeste","29021","Santa Maria Da Vitoria","29021","OESTE (NBS - BARREIRAS)"
290395,"Bom Jesus da Serra","Bahia","Nordeste","29028","Vitoria Da Conquista","29028","SUDOESTE (NBS - VITORIA CONQUISTA)"
290400,"Boninal","Bahia","Nordeste","29023","Seabra","29023","CENTRO-LESTE (NRS - FEIRA SANTANA)"
290405,"Bonito","Bahia","Nordeste","29011","Itaberaba","29011","CENTRO-LESTE (NRS - FEIRA SANTANA)"
290410,"Boquira","Bahia","Nordeste","29003","Brumado","29003","SUDOESTE (NBS - VITORIA CONQUISTA)"
290420,"Botuporã","Bahia","Nordeste","29007","Guanambi","29007","SUDOESTE (NBS - VITORIA CONQUISTA)"
290430,"Brejões","Bahia","Nordeste","29015","Jequie","29015","SUL (NBS - ILHEUS)"
290440,"Brejolândia","Bahia","Nordeste","29002","Barreiras","29002","OESTE (NBS - BARREIRAS)"
290450,"Brotas de Macaúbas","Bahia","Nordeste","29008","Ibotirama","29008","OESTE (NBS - BARREIRAS)"
290460,"Brumado","Bahia","Nordeste","29003","Brumado","29003","SUDOESTE (NBS - VITORIA CONQUISTA)"
290470,"Buerarema","Bahia","Nordeste","29012","Itabuna","29012","SUL (NBS - ILHEUS)"
290475,"Buritirama","Bahia","Nordeste","29008","Ibotirama","29008","OESTE (NBS - BARREIRAS)"
290480,"Caatiba","Bahia","Nordeste","29013","Itapetinga","29013","SUDOESTE (NBS - VITORIA CONQUISTA)"
290485,"Cabaceiras do Paraguaçu","Bahia","Nordeste","29005","Cruz Das Almas","29005","LESTE - (NRS - SALVADOR)"
290490,"Cachoeira","Bahia","Nordeste","29005","Cruz Das Almas","29005","LESTE - (NRS - SALVADOR)"
290500,"Caculé","Bahia","Nordeste","29007","Guanambi","29007","SUDOESTE (NBS - VITORIA CONQUISTA)"
290510,"Caém","Bahia","Nordeste","29014","Jacobina","29014","CENTRO - NORTE (NRS - JACOBINA)"
290515,"Caetanos","Bahia","Nordeste","29028","Vitoria Da Conquista","29028","SUDOESTE (NBS - VITORIA CONQUISTA)"
290520,"Caetité","Bahia","Nordeste","29007","Guanambi","29007","SUDOESTE (NBS - VITORIA CONQUISTA)"
290530,"Cafarnaum","Bahia","Nordeste","29010","Irece","29010","CENTRO - NORTE (NRS - JACOBINA)"
290540,"Cairu","Bahia","Nordeste","29027","Valenca","29027","SUL (NBS - ILHEUS)"
290550,"Caldeirão Grande","Bahia","Nordeste","29014","Jacobina","29014","CENTRO - NORTE (NRS - JACOBINA)"
290560,"Camacan","Bahia","Nordeste","29012","Itabuna","29012","SUL (NBS - ILHEUS)"
290570,"Camaçari","Bahia","Nordeste","29004","Camacari","29004","LESTE - (NRS - SALVADOR)"
290580,"Camamu","Bahia","Nordeste","29027","Valenca","29027","SUL (NBS - ILHEUS)"
290590,"Campo Alegre de Lourdes","Bahia","Nordeste","29016","Juazeiro","29016","NORTE - (NRS - JUAZEIRO)"
290600,"Campo Formoso","Bahia","Nordeste","29024","Senhor Do Bonfim","29024","NORTE - (NRS - JUAZEIRO)"
290610,"Canápolis","Bahia","Nordeste","29021","Santa Maria Da Vitoria","29021","OESTE (NBS - BARREIRAS)"
290620,"Canarana","Bahia","Nordeste","29010","Irece","29010","CENTRO - NORTE (NRS - JACOBINA)"
290630,"Canavieiras","Bahia","Nordeste","29009","Ilheus","29009","SUL (NBS - ILHEUS)"
290640,"Candeal","Bahia","Nordeste","29006","Feira De Santana","29006","CENTRO-LESTE (NRS - FEIRA SANTANA)"
290650,"Candeias","Bahia","Nordeste","29020","Salvador","29020","LESTE - (NRS - SALVADOR)"
290660,"Candiba","Bahia","Nordeste","29007","Guanambi","29007","SUDOESTE (NBS - VITORIA CONQUISTA)"
290670,"Cândido Sales","Bahia","Nordeste","29028","Vitoria Da Conquista","29028","SUDOESTE (NBS - VITORIA CONQUISTA)"
290680,"Cansanção","Bahia","Nordeste","29025","Serrinha","29025","CENTRO-LESTE (NRS - FEIRA SANTANA)"
290682,"Canudos","Bahia","Nordeste","29016","Juazeiro","29016","NORTE - (NRS - JUAZEIRO)"
290685,"Capela do Alto Alegre","Bahia","Nordeste","29006","Feira De Santana","29006","CENTRO-LESTE (NRS - FEIRA SANTANA)"
290687,"Capim Grosso","Bahia","Nordeste","29014","Jacobina","29014","CENTRO - NORTE (NRS - JACOBINA)"
290689,"Caraíbas","Bahia","Nordeste","29028","Vitoria Da Conquista","29028","SUDOESTE (NBS - VITORIA CONQUISTA)"
290690,"Caravelas","Bahia","Nordeste","29026","Teixeira De Freitas","29026","EXTREMO SUL (NRS - TEIXEIRA FREITAS)"
290700,"Cardeal da Silva","Bahia","Nordeste","29001","Alagoinhas","29001","NORDESTE (NRS - ALAGOINHAS)"
290710,"Carinhanha","Bahia","Nordeste","29007","Guanambi","29007","SUDOESTE (NBS - VITORIA CONQUISTA)"
290720,"Casa Nova","Bahia","Nordeste","29016","Juazeiro","29016","NORTE - (NRS - JUAZEIRO)"
290730,"Castro Alves","Bahia","Nordeste","29022","Santo Antonio De Jesus","29022","LESTE - (NRS - SALVADOR)"
290740,"Catolândia","Bahia","Nordeste","29002","Barreiras","29002","OESTE (NBS - BARREIRAS)"
290750,"Catu","Bahia","Nordeste","29001","Alagoinhas","29001","NORDESTE (NRS - ALAGOINHAS)"
290755,"Caturama","Bahia","Nordeste","29003","Brumado","29003","SUDOESTE (NBS - VITORIA CONQUISTA)"
290760,"Central","Bahia","Nordeste","29010","Irece","29010","CENTRO - NORTE (NRS - JACOBINA)"
290770,"Chorrochó","Bahia","Nordeste","29017","Paulo Afonso","29017","NORTE - (NRS - JUAZEIRO)"
290780,"Cícero Dantas","Bahia","Nordeste","29019","Ribeira Do Pombal","29019","NORDESTE (NRS - ALAGOINHAS)"
290790,"Cipó","Bahia","Nordeste","29019","Ribeira Do Pombal","29019","NORDESTE (NRS - ALAGOINHAS)"
290800,"Coaraci","Bahia","Nordeste","29012","Itabuna","29012","SUL (NBS - ILHEUS)"
290810,"Cocos","Bahia","Nordeste","29021","Santa Maria Da Vitoria","29021","OESTE (NBS - BARREIRAS)"
290820,"Conceição da Feira","Bahia","Nordeste","29005","Cruz Das Almas","29005","LESTE - (NRS - SALVADOR)"
290830,"Conceição do Almeida","Bahia","Nordeste","29022","Santo Antonio De Jesus","29022","LESTE - (NRS - SALVADOR)"
290840,"Conceição do Coité","Bahia","Nordeste","29025","Serrinha","29025","CENTRO-LESTE (NRS - FEIRA SANTANA)"
290850,"Conceição do Jacuípe","Bahia","Nordeste","29006","Feira De Santana","29006","CENTRO-LESTE (NRS - FEIRA SANTANA)"
290860,"Conde","Bahia","Nordeste","29004","Camacari","29004","LESTE - (NRS - SALVADOR)"
290870,"Condeúba","Bahia","Nordeste","29028","Vitoria Da Conquista","29028","SUDOESTE (NBS - VITORIA CONQUISTA)"
290880,"Contendas do Sincorá","Bahia","Nordeste","29003","Brumado","29003","SUDOESTE (NBS - VITORIA CONQUISTA)"
290890,"Coração de Maria","Bahia","Nordeste","29006","Feira De Santana","29006","CENTRO-LESTE (NRS - FEIRA SANTANA)"
290900,"Cordeiros","Bahia","Nordeste","29028","Vitoria Da Conquista","29028","SUDOESTE (NBS - VITORIA CONQUISTA)"
290910,"Coribe","Bahia","Nordeste","29021","Santa Maria Da Vitoria","29021","OESTE (NBS - BARREIRAS)"
290920,"Coronel João Sá","Bahia","Nordeste","29019","Ribeira Do Pombal","29019","NORDESTE (NRS - ALAGOINHAS)"
290930,"Correntina","Bahia","Nordeste","29021","Santa Maria Da Vitoria","29021","OESTE (NBS - BARREIRAS)"
290940,"Cotegipe","Bahia","Nordeste","29002","Barreiras","29002","OESTE (NBS - BARREIRAS)"
290950,"Cravolândia","Bahia","Nordeste","29015","Jequie","29015","SUL (NBS - ILHEUS)"
290960,"Crisópolis","Bahia","Nordeste","29001","Alagoinhas","29001","NORDESTE (NRS - ALAGOINHAS)"
290970,"Cristópolis","Bahia","Nordeste","29002","Barreiras","29002","OESTE (NBS - BARREIRAS)"
290980,"Cruz das Almas","Bahia","Nordeste","29005","Cruz Das Almas","29005","LESTE - (NRS - SALVADOR)"
290990,"Curaçá","Bahia","Nordeste","29016","Juazeiro","29016","NORTE - (NRS - JUAZEIRO)"
291000,"Dário Meira","Bahia","Nordeste","29015","Jequie","29015","SUL (NBS - ILHEUS)"
291005,"Dias d'Ávila","Bahia","Nordeste","29004","Camacari","29004","LESTE - (NRS - SALVADOR)"
291010,"Dom Basílio","Bahia","Nordeste","29003","Brumado","29003","SUDOESTE (NBS - VITORIA CONQUISTA)"
291020,"Dom Macedo Costa","Bahia","Nordeste","29022","Santo Antonio De Jesus","29022","LESTE - (NRS - SALVADOR)"
291030,"Elísio Medrado","Bahia","Nordeste","29022","Santo Antonio De Jesus","29022","LESTE - (NRS - SALVADOR)"
291040,"Encruzilhada","Bahia","Nordeste","29028","Vitoria Da Conquista","29028","SUDOESTE (NBS - VITORIA CONQUISTA)"
291050,"Entre Rios","Bahia","Nordeste","29001","Alagoinhas","29001","NORDESTE (NRS - ALAGOINHAS)"
290050,"Érico Cardoso","Bahia","Nordeste","29003","Brumado","29003","SUDOESTE (NBS - VITORIA CONQUISTA)"
291060,"Esplanada","Bahia","Nordeste","29001","Alagoinhas","29001","NORDESTE (NRS - ALAGOINHAS)"
291070,"Euclides da Cunha","Bahia","Nordeste","29025","Serrinha","29025","CENTRO-LESTE (NRS - FEIRA SANTANA)"
291072,"Eunápolis","Bahia","Nordeste","29018","Porto Seguro","29018","EXTREMO SUL (NRS - TEIXEIRA FREITAS)"
291075,"Fátima","Bahia","Nordeste","29019","Ribeira Do Pombal","29019","NORDESTE (NRS - ALAGOINHAS)"
291077,"Feira da Mata","Bahia","Nordeste","29007","Guanambi","29007","SUDOESTE (NBS - VITORIA CONQUISTA)"
291080,"Feira de Santana","Bahia","Nordeste","29006","Feira De Santana","29006","CENTRO-LESTE (NRS - FEIRA SANTANA)"
291085,"Filadélfia","Bahia","Nordeste","29024","Senhor Do Bonfim","29024","NORTE - (NRS - JUAZEIRO)"
291090,"Firmino Alves","Bahia","Nordeste","29013","Itapetinga","29013","SUDOESTE (NBS - VITORIA CONQUISTA)"
291100,"Floresta Azul","Bahia","Nordeste","29012","Itabuna","29012","SUL (NBS - ILHEUS)"
291110,"Formosa do Rio Preto","Bahia","Nordeste","29002","Barreiras","29002","OESTE (NBS - BARREIRAS)"
291120,"Gandu","Bahia","Nordeste","29027","Valenca","29027","SUL (NBS - ILHEUS)"
291125,"Gavião","Bahia","Nordeste","29006","Feira De Santana","29006","CENTRO-LESTE (NRS - FEIRA SANTANA)"
291130,"Gentio do Ouro","Bahia","Nordeste","29010","Irece","29010","CENTRO - NORTE (NRS - JACOBINA)"
291140,"Glória","Bahia","Nordeste","29017","Paulo Afonso","29017","NORTE - (NRS - JUAZEIRO)"
291150,"Gongogi","Bahia","Nordeste","29012","Itabuna","29012","SUL (NBS - ILHEUS)"
291160,"Governador Mangabeira","Bahia","Nordeste","29005","Cruz Das Almas","29005","LESTE - (NRS - SALVADOR)"
291165,"Guajeru","Bahia","Nordeste","29003","Brumado","29003","SUDOESTE (NBS - VITORIA CONQUISTA)"
291170,"Guanambi","Bahia","Nordeste","29007","Guanambi","29007","SUDOESTE (NBS - VITORIA CONQUISTA)"
291180,"Guaratinga","Bahia","Nordeste","29018","Porto Seguro","29018","EXTREMO SUL (NRS - TEIXEIRA FREITAS)"
291185,"Heliópolis","Bahia","Nordeste","29019","Ribeira Do Pombal","29019","NORDESTE (NRS - ALAGOINHAS)"
291190,"Iaçu","Bahia","Nordeste","29011","Itaberaba","29011","CENTRO-LESTE (NRS - FEIRA SANTANA)"
291200,"Ibiassucê","Bahia","Nordeste","29007","Guanambi","29007","SUDOESTE (NBS - VITORIA CONQUISTA)"
291210,"Ibicaraí","Bahia","Nordeste","29012","Itabuna","29012","SUL (NBS - ILHEUS)"
291220,"Ibicoara","Bahia","Nordeste","29003","Brumado","29003","SUDOESTE (NBS - VITORIA CONQUISTA)"
291230,"Ibicuí","Bahia","Nordeste","29013","Itapetinga","29013","SUDOESTE (NBS - VITORIA CONQUISTA)"
291240,"Ibipeba","Bahia","Nordeste","29010","Irece","29010","CENTRO - NORTE (NRS - JACOBINA)"
291250,"Ibipitanga","Bahia","Nordeste","29003","Brumado","29003","SUDOESTE (NBS - VITORIA CONQUISTA)"
291260,"Ibiquera","Bahia","Nordeste","29011","Itaberaba","29011","CENTRO-LESTE (NRS - FEIRA SANTANA)"
291270,"Ibirapitanga","Bahia","Nordeste","29012","Itabuna","29012","SUL (NBS - ILHEUS)"
291280,"Ibirapuã","Bahia","Nordeste","29026","Teixeira De Freitas","29026","EXTREMO SUL (NRS - TEIXEIRA FREITAS)"
291290,"Ibirataia","Bahia","Nordeste","29015","Jequie","29015","SUL (NBS - ILHEUS)"
291300,"Ibitiara","Bahia","Nordeste","29023","Seabra","29023","CENTRO-LESTE (NRS - FEIRA SANTANA)"
291310,"Ibititá","Bahia","Nordeste","29010","Irece","29010","CENTRO - NORTE (NRS - JACOBINA)"
291320,"Ibotirama","Bahia","Nordeste","29008","Ibotirama","29008","OESTE (NBS - BARREIRAS)"
291330,"Ichu","Bahia","Nordeste","29006","Feira De Santana","29006","CENTRO-LESTE (NRS - FEIRA SANTANA)"
291340,"Igaporã","Bahia","Nordeste","29007","Guanambi","29007","SUDOESTE (NBS - VITORIA CONQUISTA)"
291345,"Igrapiúna","Bahia","Nordeste","29027","Valenca","29027","SUL (NBS - ILHEUS)"
291350,"Iguaí","Bahia","Nordeste","29013","Itapetinga","29013","SUDOESTE (NBS - VITORIA CONQUISTA)"
291360,"Ilhéus","Bahia","Nordeste","29009","Ilheus","29009","SUL (NBS - ILHEUS)"
291370,"Inhambupe","Bahia","Nordeste","29001","Alagoinhas","29001","NORDESTE (NRS - ALAGOINHAS)"
291380,"Ipecaetá","Bahia","Nordeste","29006","Feira De Santana","29006","CENTRO-LESTE (NRS - FEIRA SANTANA)"
291390,"Ipiaú","Bahia","Nordeste","29015","Jequie","29015","SUL (NBS - ILHEUS)"
291400,"Ipirá","Bahia","Nordeste","29006","Feira De Santana","29006","CENTRO-LESTE (NRS - FEIRA SANTANA)"
291410,"Ipupiara","Bahia","Nordeste","29008","Ibotirama","29008","OESTE (NBS - BARREIRAS)"
291420,"Irajuba","Bahia","Nordeste","29015","Jequie","29015","SUL (NBS - ILHEUS)"
291430,"Iramaia","Bahia","Nordeste","29015","Jequie","29015","SUL (NBS - ILHEUS)"
291440,"Iraquara","Bahia","Nordeste","29023","Seabra","29023","CENTRO-LESTE (NRS - FEIRA SANTANA)"
291450,"Irará","Bahia","Nordeste","29006","Feira De Santana","29006","CENTRO-LESTE (NRS - FEIRA SANTANA)"
291460,"Irecê","Bahia","Nordeste","29010","Irece","29010","CENTRO - NORTE (NRS - JACOBINA)"
291465,"Itabela","Bahia","Nordeste","29018","Porto Seguro","29018","EXTREMO SUL (NRS - TEIXEIRA FREITAS)"
291470,"Itaberaba","Bahia","Nordeste","29011","Itaberaba","29011","CENTRO-LESTE (NRS - FEIRA SANTANA)"
291480,"Itabuna","Bahia","Nordeste","29012","Itabuna","29012","SUL (NBS - ILHEUS)"
291490,"Itacaré","Bahia","Nordeste","29009","Ilheus","29009","SUL (NBS - ILHEUS)"
291500,"Itaeté","Bahia","Nordeste","29011","Itaberaba","29011","CENTRO-LESTE (NRS - FEIRA SANTANA)"
291510,"Itagi","Bahia","Nordeste","29015","Jequie","29015","SUL (NBS - ILHEUS)"
291520,"Itagibá","Bahia","Nordeste","29015","Jequie","29015","SUL (NBS - ILHEUS)"
291530,"Itagimirim","Bahia","Nordeste","29018","Porto Seguro","29018","EXTREMO SUL (NRS - TEIXEIRA FREITAS)"
291535,"Itaguaçu da Bahia","Bahia","Nordeste","29010","Irece","29010","CENTRO - NORTE (NRS - JACOBINA)"
291540,"Itaju do Colônia","Bahia","Nordeste","29012","Itabuna","29012","SUL (NBS - ILHEUS)"
291550,"Itajuípe","Bahia","Nordeste","29012","Itabuna","29012","SUL (NBS - ILHEUS)"
291560,"Itamaraju","Bahia","Nordeste","29026","Teixeira De Freitas","29026","EXTREMO SUL (NRS - TEIXEIRA FREITAS)"
291570,"Itamari","Bahia","Nordeste","29015","Jequie","29015","SUL (NBS - ILHEUS)"
291580,"Itambé","Bahia","Nordeste","29013","Itapetinga","29013","SUDOESTE (NBS - VITORIA CONQUISTA)"
291590,"Itanagra","Bahia","Nordeste","29001","Alagoinhas","29001","NORDESTE (NRS - ALAGOINHAS)"
291600,"Itanhém","Bahia","Nordeste","29026","Teixeira De Freitas","29026","EXTREMO SUL (NRS - TEIXEIRA FREITAS)"
291610,"Itaparica","Bahia","Nordeste","29020","Salvador","29020","LESTE - (NRS - SALVADOR)"
291620,"Itapé","Bahia","Nordeste","29012","Itabuna","29012","SUL (NBS - ILHEUS)"
291630,"Itapebi","Bahia","Nordeste","29018","Porto Seguro","29018","EXTREMO SUL (NRS - TEIXEIRA FREITAS)"
291640,"Itapetinga","Bahia","Nordeste","29013","Itapetinga","29013","SUDOESTE (NBS - VITORIA CONQUISTA)"
291650,"Itapicuru","Bahia","Nordeste","29001","Alagoinhas","29001","NORDESTE (NRS - ALAGOINHAS)"
291660,"Itapitanga","Bahia","Nordeste","29012","Itabuna","29012","SUL (NBS - ILHEUS)"
291670,"Itaquara","Bahia","Nordeste","29015","Jequie","29015","SUL (NBS - ILHEUS)"
291680,"Itarantim","Bahia","Nordeste","29013","Itapetinga","29013","SUDOESTE (NBS - VITORIA CONQUISTA)"
291685,"Itatim","Bahia","Nordeste","29022","Santo Antonio De Jesus","29022","LESTE - (NRS - SALVADOR)"
291690,"Itiruçu","Bahia","Nordeste","29015","Jequie","29015","SUL (NBS - ILHEUS)"
291700,"Itiúba","Bahia","Nordeste","29024","Senhor Do Bonfim","29024","NORTE - (NRS - JUAZEIRO)"
291710,"Itororó","Bahia","Nordeste","29013","Itapetinga","29013","SUDOESTE (NBS - VITORIA CONQUISTA)"
291720,"Ituaçu","Bahia","Nordeste","29003","Brumado","29003","SUDOESTE (NBS - VITORIA CONQUISTA)"
291730,"Ituberá","Bahia","Nordeste","29027","Valenca","29027","SUL (NBS - ILHEUS)"
291733,"Iuiú","Bahia","Nordeste","29007","Guanambi","29007","SUDOESTE (NBS - VITORIA CONQUISTA)"
291735,"Jaborandi","Bahia","Nordeste","29021","Santa Maria Da Vitoria","29021","OESTE (NBS - BARREIRAS)"
291740,"Jacaraci","Bahia","Nordeste","29007","Guanambi","29007","SUDOESTE (NBS - VITORIA CONQUISTA)"
291750,"Jacobina","Bahia","Nordeste","29014","Jacobina","29014","CENTRO - NORTE (NRS - JACOBINA)"
291760,"Jaguaquara","Bahia","Nordeste","29015","Jequie","29015","SUL (NBS - ILHEUS)"
291770,"Jaguarari","Bahia","Nordeste","29024","Senhor Do Bonfim","29024","NORTE - (NRS - JUAZEIRO)"
291780,"Jaguaripe","Bahia","Nordeste","29022","Santo Antonio De Jesus","29022","LESTE - (NRS - SALVADOR)"
291790,"Jandaíra","Bahia","Nordeste","29001","Alagoinhas","29001","NORDESTE (NRS - ALAGOINHAS)"
291800,"Jequié","Bahia","Nordeste","29015","Jequie","29015","SUL (NBS - ILHEUS)"
291810,"Jeremoabo","Bahia","Nordeste","29017","Paulo Afonso","29017","NORTE - (NRS - JUAZEIRO)"
291820,"Jiquiriçá","Bahia","Nordeste","29022","Santo Antonio De Jesus","29022","LESTE - (NRS - SALVADOR)"
291830,"Jitaúna","Bahia","Nordeste","29015","Jequie","29015","SUL (NBS - ILHEUS)"
291835,"João Dourado","Bahia","Nordeste","29010","Irece","29010","CENTRO - NORTE (NRS - JACOBINA)"
291840,"Juazeiro","Bahia","Nordeste","29016","Juazeiro","29016","NORTE - (NRS - JUAZEIRO)"
291845,"Jucuruçu","Bahia","Nordeste","29026","Teixeira De Freitas","29026","EXTREMO SUL (NRS - TEIXEIRA FREITAS)"
291850,"Jussara","Bahia","Nordeste","29010","Irece","29010","CENTRO - NORTE (NRS - JACOBINA)"
291855,"Jussari","Bahia","Nordeste","29012","Itabuna","29012","SUL (NBS - ILHEUS)"
291860,"Jussiape","Bahia","Nordeste","29003","Brumado","29003","SUDOESTE (NBS - VITORIA CONQUISTA)"
291870,"Lafaiete Coutinho","Bahia","Nordeste","29015","Jequie","29015","SUL (NBS - ILHEUS)"
291875,"Lagoa Real","Bahia","Nordeste","29007","Guanambi","29007","SUDOESTE (NBS - VITORIA CONQUISTA)"
291880,"Laje","Bahia","Nordeste","29022","Santo Antonio De Jesus","29022","LESTE - (NRS - SALVADOR)"
291890,"Lajedão","Bahia","Nordeste","29026","Teixeira De Freitas","29026","EXTREMO SUL (NRS - TEIXEIRA FREITAS)"
291900,"Lajedinho","Bahia","Nordeste","29011","Itaberaba","29011","CENTRO-LESTE (NRS - FEIRA SANTANA)"
291905,"Lajedo do Tabocal","Bahia","Nordeste","29015","Jequie","29015","SUL (NBS - ILHEUS)"
291910,"Lamarão","Bahia","Nordeste","29025","Serrinha","29025","CENTRO-LESTE (NRS - FEIRA SANTANA)"
291915,"Lapão","Bahia","Nordeste","29010","Irece","29010","CENTRO - NORTE (NRS - JACOBINA)"
291920,"Lauro de Freitas","Bahia","Nordeste","29020","Salvador","29020","LESTE - (NRS - SALVADOR)"
291930,"Lençóis","Bahia","Nordeste","29023","Seabra","29023","CENTRO-LESTE (NRS - FEIRA SANTANA)"
291940,"Licínio de Almeida","Bahia","Nordeste","29007","Guanambi","29007","SUDOESTE (NBS - VITORIA CONQUISTA)"
291950,"Livramento de Nossa Senhora","Bahia","Nordeste","29003","Brumado","29003","SUDOESTE (NBS - VITORIA CONQUISTA)"
291955,"Luís Eduardo Magalhães","Bahia","Nordeste","29002","Barreiras","29002","OESTE (NBS - BARREIRAS)"
291960,"Macajuba","Bahia","Nordeste","29011","Itaberaba","29011","CENTRO-LESTE (NRS - FEIRA SANTANA)"
291970,"Macarani","Bahia","Nordeste","29013","Itapetinga","29013","SUDOESTE (NBS - VITORIA CONQUISTA)"
291980,"Macaúbas","Bahia","Nordeste","29003","Brumado","29003","SUDOESTE (NBS - VITORIA CONQUISTA)"
291990,"Macururé","Bahia","Nordeste","29017","Paulo Afonso","29017","NORTE - (NRS - JUAZEIRO)"
291992,"Madre de Deus","Bahia","Nordeste","29020","Salvador","29020","LESTE - (NRS - SALVADOR)"
291995,"Maetinga","Bahia","Nordeste","29028","Vitoria Da Conquista","29028","SUDOESTE (NBS - VITORIA CONQUISTA)"
292000,"Maiquinique","Bahia","Nordeste","29013","Itapetinga","29013","SUDOESTE (NBS - VITORIA CONQUISTA)"
292010,"Mairi","Bahia","Nordeste","29014","Jacobina","29014","CENTRO - NORTE (NRS - JACOBINA)"
292020,"Malhada","Bahia","Nordeste","29007","Guanambi","29007","SUDOESTE (NBS - VITORIA CONQUISTA)"
292030,"Malhada de Pedras","Bahia","Nordeste","29003","Brumado","29003","SUDOESTE (NBS - VITORIA CONQUISTA)"
292040,"Manoel Vitorino","Bahia","Nordeste","29015","Jequie","29015","SUL (NBS - ILHEUS)"
292045,"Mansidão","Bahia","Nordeste","29002","Barreiras","29002","OESTE (NBS - BARREIRAS)"
292050,"Maracás","Bahia","Nordeste","29015","Jequie","29015","SUL (NBS - ILHEUS)"
292060,"Maragogipe","Bahia","Nordeste","29005","Cruz Das Almas","29005","LESTE - (NRS - SALVADOR)"
292070,"Maraú","Bahia","Nordeste","29012","Itabuna","29012","SUL (NBS - ILHEUS)"
292080,"Marcionílio Souza","Bahia","Nordeste","29011","Itaberaba","29011","CENTRO-LESTE (NRS - FEIRA SANTANA)"
292090,"Mascote","Bahia","Nordeste","29009","Ilheus","29009","SUL (NBS - ILHEUS)"
292100,"Mata de São João","Bahia","Nordeste","29004","Camacari","29004","LESTE - (NRS - SALVADOR)"
292105,"Matina","Bahia","Nordeste","29007","Guanambi","29007","SUDOESTE (NBS - VITORIA CONQUISTA)"
292110,"Medeiros Neto","Bahia","Nordeste","29026","Teixeira De Freitas","29026","EXTREMO SUL (NRS - TEIXEIRA FREITAS)"
292120,"Miguel Calmon","Bahia","Nordeste","29014","Jacobina","29014","CENTRO - NORTE (NRS - JACOBINA)"
292130,"Milagres","Bahia","Nordeste","29022","Santo Antonio De Jesus","29022","LESTE - (NRS - SALVADOR)"
292140,"Mirangaba","Bahia","Nordeste","29014","Jacobina","29014","CENTRO - NORTE (NRS - JACOBINA)"
292145,"Mirante","Bahia","Nordeste","29028","Vitoria Da Conquista","29028","SUDOESTE (NBS - VITORIA CONQUISTA)"
292150,"Monte Santo","Bahia","Nordeste","29025","Serrinha","29025","CENTRO-LESTE (NRS - FEIRA SANTANA)"
292160,"Morpará","Bahia","Nordeste","29008","Ibotirama","29008","OESTE (NBS - BARREIRAS)"
292170,"Morro do Chapéu","Bahia","Nordeste","29014","Jacobina","29014","CENTRO - NORTE (NRS - JACOBINA)"
292180,"Mortugaba","Bahia","Nordeste","29007","Guanambi","29007","SUDOESTE (NBS - VITORIA CONQUISTA)"
292190,"Mucugê","Bahia","Nordeste","29023","Seabra","29023","CENTRO-LESTE (NRS - FEIRA SANTANA)"
292200,"Mucuri","Bahia","Nordeste","29026","Teixeira De Freitas","29026","EXTREMO SUL (NRS - TEIXEIRA FREITAS)"
292205,"Mulungu do Morro","Bahia","Nordeste","29010","Irece","29010","CENTRO - NORTE (NRS - JACOBINA)"
292210,"Mundo Novo","Bahia","Nordeste","29006","Feira De Santana","29006","CENTRO-LESTE (NRS - FEIRA SANTANA)"
292220,"Muniz Ferreira","Bahia","Nordeste","29022","Santo Antonio De Jesus","29022","LESTE - (NRS - SALVADOR)"
292225,"Muquém de São Francisco","Bahia","Nordeste","29008","Ibotirama","29008","OESTE (NBS - BARREIRAS)"
292230,"Muritiba","Bahia","Nordeste","29005","Cruz Das Almas","29005","LESTE - (NRS - SALVADOR)"
292240,"Mutuípe","Bahia","Nordeste","29022","Santo Antonio De Jesus","29022","LESTE - (NRS - SALVADOR)"
292250,"Nazaré","Bahia","Nordeste","29022","Santo Antonio De Jesus","29022","LESTE - (NRS - SALVADOR)"
292260,"Nilo Peçanha","Bahia","Nordeste","29027","Valenca","29027","SUL (NBS - ILHEUS)"
292265,"Nordestina","Bahia","Nordeste","29025","Serrinha","29025","CENTRO-LESTE (NRS - FEIRA SANTANA)"
292270,"Nova Canaã","Bahia","Nordeste","29013","Itapetinga","29013","SUDOESTE (NBS - VITORIA CONQUISTA)"
292273,"Nova Fátima","Bahia","Nordeste","29006","Feira De Santana","29006","CENTRO-LESTE (NRS - FEIRA SANTANA)"
292275,"Nova Ibiá","Bahia","Nordeste","29027","Valenca","29027","SUL (NBS - ILHEUS)"
292280,"Nova Itarana","Bahia","Nordeste","29015","Jequie","29015","SUL (NBS - ILHEUS)"
292285,"Nova Redenção","Bahia","Nordeste","29011","Itaberaba","29011","CENTRO-LESTE (NRS - FEIRA SANTANA)"
292290,"Nova Soure","Bahia","Nordeste","29019","Ribeira Do Pombal","29019","NORDESTE (NRS - ALAGOINHAS)"
292300,"Nova Viçosa","Bahia","Nordeste","29026","Teixeira De Freitas","29026","EXTREMO SUL (NRS - TEIXEIRA FREITAS)"
292303,"Novo Horizonte","Bahia","Nordeste","29023","Seabra","29023","CENTRO-LESTE (NRS - FEIRA SANTANA)"
292305,"Novo Triunfo","Bahia","Nordeste","29019","Ribeira Do Pombal","29019","NORDESTE (NRS - ALAGOINHAS)"
292310,"Olindina","Bahia","Nordeste","29019","Ribeira Do Pombal","29019","NORDESTE (NRS - ALAGOINHAS)"
292320,"Oliveira dos Brejinhos","Bahia","Nordeste","29008","Ibotirama","29008","OESTE (NBS - BARREIRAS)"
292330,"Ouriçangas","Bahia","Nordeste","29001","Alagoinhas","29001","NORDESTE (NRS - ALAGOINHAS)"
292335,"Ourolândia","Bahia","Nordeste","29014","Jacobina","29014","CENTRO - NORTE (NRS - JACOBINA)"
292340,"Palmas de Monte Alto","Bahia","Nordeste","29007","Guanambi","29007","SUDOESTE (NBS - VITORIA CONQUISTA)"
292350,"Palmeiras","Bahia","Nordeste","29023","Seabra","29023","CENTRO-LESTE (NRS - FEIRA SANTANA)"
292360,"Paramirim","Bahia","Nordeste","29003","Brumado","29003","SUDOESTE (NBS - VITORIA CONQUISTA)"
292370,"Paratinga","Bahia","Nordeste","29008","Ibotirama","29008","OESTE (NBS - BARREIRAS)"
292380,"Paripiranga","Bahia","Nordeste","29019","Ribeira Do Pombal","29019","NORDESTE (NRS - ALAGOINHAS)"
292390,"Pau Brasil","Bahia","Nordeste","29012","Itabuna","29012","SUL (NBS - ILHEUS)"
292400,"Paulo Afonso","Bahia","Nordeste","29017","Paulo Afonso","29017","NORTE - (NRS - JUAZEIRO)"
292405,"Pé de Serra","Bahia","Nordeste","29006","Feira De Santana","29006","CENTRO-LESTE (NRS - FEIRA SANTANA)"
292410,"Pedrão","Bahia","Nordeste","29001","Alagoinhas","29001","NORDESTE (NRS - ALAGOINHAS)"
292420,"Pedro Alexandre","Bahia","Nordeste","29017","Paulo Afonso","29017","NORTE - (NRS - JUAZEIRO)"
292430,"Piatã","Bahia","Nordeste","29023","Seabra","29023","CENTRO-LESTE (NRS - FEIRA SANTANA)"
292440,"Pilão Arcado","Bahia","Nordeste","29016","Juazeiro","29016","NORTE - (NRS - JUAZEIRO)"
292450,"Pindaí","Bahia","Nordeste","29007","Guanambi","29007","SUDOESTE (NBS - VITORIA CONQUISTA)"
292460,"Pindobaçu","Bahia","Nordeste","29024","Senhor Do Bonfim","29024","NORTE - (NRS - JUAZEIRO)"
292465,"Pintadas","Bahia","Nordeste","29006","Feira De Santana","29006","CENTRO-LESTE (NRS - FEIRA SANTANA)"
292467,"Piraí do Norte","Bahia","Nordeste","29027","Valenca","29027","SUL (NBS - ILHEUS)"
292470,"Piripá","Bahia","Nordeste","29028","Vitoria Da Conquista","29028","SUDOESTE (NBS - VITORIA CONQUISTA)"
292480,"Piritiba","Bahia","Nordeste","29014","Jacobina","29014","CENTRO - NORTE (NRS - JACOBINA)"
292490,"Planaltino","Bahia","Nordeste","29015","Jequie","29015","SUL (NBS - ILHEUS)"
292500,"Planalto","Bahia","Nordeste","29028","Vitoria Da Conquista","29028","SUDOESTE (NBS - VITORIA CONQUISTA)"
292510,"Poções","Bahia","Nordeste","29028","Vitoria Da Conquista","29028","SUDOESTE (NBS - VITORIA CONQUISTA)"
292520,"Pojuca","Bahia","Nordeste","29004","Camacari","29004","LESTE - (NRS - SALVADOR)"
292525,"Ponto Novo","Bahia","Nordeste","29024","Senhor Do Bonfim","29024","NORTE - (NRS - JUAZEIRO)"
292530,"Porto Seguro","Bahia","Nordeste","29018","Porto Seguro","29018","EXTREMO SUL (NRS - TEIXEIRA FREITAS)"
292540,"Potiraguá","Bahia","Nordeste","29013","Itapetinga","29013","SUDOESTE (NBS - VITORIA CONQUISTA)"
292550,"Prado","Bahia","Nordeste","29026","Teixeira De Freitas","29026","EXTREMO SUL (NRS - TEIXEIRA FREITAS)"
292560,"Presidente Dutra","Bahia","Nordeste","29010","Irece","29010","CENTRO - NORTE (NRS - JACOBINA)"
292570,"Presidente Jânio Quadros","Bahia","Nordeste","29028","Vitoria Da Conquista","29028","SUDOESTE (NBS - VITORIA CONQUISTA)"
292575,"Presidente Tancredo Neves","Bahia","Nordeste","29022","Santo Antonio De Jesus","29022","LESTE - (NRS - SALVADOR)"
292580,"Queimadas","Bahia","Nordeste","29025","Serrinha","29025","CENTRO-LESTE (NRS - FEIRA SANTANA)"
292590,"Quijingue","Bahia","Nordeste","29025","Serrinha","29025","CENTRO-LESTE (NRS - FEIRA SANTANA)"
292593,"Quixabeira","Bahia","Nordeste","29014","Jacobina","29014","CENTRO - NORTE (NRS - JACOBINA)"
292595,"Rafael Jambeiro","Bahia","Nordeste","29006","Feira De Santana","29006","CENTRO-LESTE (NRS - FEIRA SANTANA)"
292600,"Remanso","Bahia","Nordeste","29016","Juazeiro","29016","NORTE - (NRS - JUAZEIRO)"
292610,"Retirolândia","Bahia","Nordeste","29025","Serrinha","29025","CENTRO-LESTE (NRS - FEIRA SANTANA)"
292620,"Riachão das Neves","Bahia","Nordeste","29002","Barreiras","29002","OESTE (NBS - BARREIRAS)"
292630,"Riachão do Jacuípe","Bahia","Nordeste","29006","Feira De Santana","29006","CENTRO-LESTE (NRS - FEIRA SANTANA)"
292640,"Riacho de Santana","Bahia","Nordeste","29007","Guanambi","29007","SUDOESTE (NBS - VITORIA CONQUISTA)"
292650,"Ribeira do Amparo","Bahia","Nordeste","29019","Ribeira Do Pombal","29019","NORDESTE (NRS - ALAGOINHAS)"
292660,"Ribeira do Pombal","Bahia","Nordeste","29019","Ribeira Do Pombal","29019","NORDESTE (NRS - ALAGOINHAS)"
292665,"Ribeirão do Largo","Bahia","Nordeste","29028","Vitoria Da Conquista","29028","SUDOESTE (NBS - VITORIA CONQUISTA)"
292670,"Rio de Contas","Bahia","Nordeste","29003","Brumado","29003","SUDOESTE (NBS - VITORIA CONQUISTA)"
292680,"Rio do Antônio","Bahia","Nordeste","29007","Guanambi","29007","SUDOESTE (NBS - VITORIA CONQUISTA)"
292690,"Rio do Pires","Bahia","Nordeste","29003","Brumado","29003","SUDOESTE (NBS - VITORIA CONQUISTA)"
292700,"Rio Real","Bahia","Nordeste","29001","Alagoinhas","29001","NORDESTE (NRS - ALAGOINHAS)"
292710,"Rodelas","Bahia","Nordeste","29017","Paulo Afonso","29017","NORTE - (NRS - JUAZEIRO)"
292720,"Ruy Barbosa","Bahia","Nordeste","29011","Itaberaba","29011","CENTRO-LESTE (NRS - FEIRA SANTANA)"
292730,"Salinas da Margarida","Bahia","Nordeste","29022","Santo Antonio De Jesus","29022","LESTE - (NRS - SALVADOR)"
292740,"Salvador","Bahia","Nordeste","29020","Salvador","29020","LESTE - (NRS - SALVADOR)"
292750,"Santa Bárbara","Bahia","Nordeste","29006","Feira De Santana","29006","CENTRO-LESTE (NRS - FEIRA SANTANA)"
292760,"Santa Brígida","Bahia","Nordeste","29017","Paulo Afonso","29017","NORTE - (NRS - JUAZEIRO)"
292770,"Santa Cruz Cabrália","Bahia","Nordeste","29018","Porto Seguro","29018","EXTREMO SUL (NRS - TEIXEIRA FREITAS)"
292780,"Santa Cruz da Vitória","Bahia","Nordeste","29012","Itabuna","29012","SUL (NBS - ILHEUS)"
292790,"Santa Inês","Bahia","Nordeste","29015","Jequie","29015","SUL (NBS - ILHEUS)"
292805,"Santa Luzia","Bahia","Nordeste","29009","Ilheus","29009","SUL (NBS - ILHEUS)"
292810,"Santa Maria da Vitória","Bahia","Nordeste","29021","Santa Maria Da Vitoria","29021","OESTE (NBS - BARREIRAS)"
292840,"Santa Rita de Cássia","Bahia","Nordeste","29002","Barreiras","29002","OESTE (NBS - BARREIRAS)"
292850,"Santa Teresinha","Bahia","Nordeste","29022","Santo Antonio De Jesus","29022","LESTE - (NRS - SALVADOR)"
292800,"Santaluz","Bahia","Nordeste","29025","Serrinha","29025","CENTRO-LESTE (NRS - FEIRA SANTANA)"
292820,"Santana","Bahia","Nordeste","29021","Santa Maria Da Vitoria","29021","OESTE (NBS - BARREIRAS)"
292830,"Santanópolis","Bahia","Nordeste","29006","Feira De Santana","29006","CENTRO-LESTE (NRS - FEIRA SANTANA)"
292860,"Santo Amaro","Bahia","Nordeste","29020","Salvador","29020","LESTE - (NRS - SALVADOR)"
292870,"Santo Antônio de Jesus","Bahia","Nordeste","29022","Santo Antonio De Jesus","29022","LESTE - (NRS - SALVADOR)"
292880,"Santo Estêvão","Bahia","Nordeste","29006","Feira De Santana","29006","CENTRO-LESTE (NRS - FEIRA SANTANA)"
292890,"São Desidério","Bahia","Nordeste","29002","Barreiras","29002","OESTE (NBS - BARREIRAS)"
292895,"São Domingos","Bahia","Nordeste","29025","Serrinha","29025","CENTRO-LESTE (NRS - FEIRA SANTANA)"
292910,"São Felipe","Bahia","Nordeste","29022","Santo Antonio De Jesus","29022","LESTE - (NRS - SALVADOR)"
292900,"São Félix","Bahia","Nordeste","29005","Cruz Das Almas","29005","LESTE - (NRS - SALVADOR)"
292905,"São Félix do Coribe","Bahia","Nordeste","29021","Santa Maria Da Vitoria","29021","OESTE (NBS - BARREIRAS)"
292920,"São Francisco do Conde","Bahia","Nordeste","29020","Salvador","29020","LESTE - (NRS - SALVADOR)"
292925,"São Gabriel","Bahia","Nordeste","29010","Irece","29010","CENTRO - NORTE (NRS - JACOBINA)"
292930,"São Gonçalo dos Campos","Bahia","Nordeste","29006","Feira De Santana","29006","CENTRO-LESTE (NRS - FEIRA SANTANA)"
292935,"São José da Vitória","Bahia","Nordeste","29012","Itabuna","29012","SUL (NBS - ILHEUS)"
292937,"São José do Jacuípe","Bahia","Nordeste","29014","Jacobina","29014","CENTRO - NORTE (NRS - JACOBINA)"
292940,"São Miguel das Matas","Bahia","Nordeste","29022","Santo Antonio De Jesus","29022","LESTE - (NRS - SALVADOR)"
292950,"São Sebastião do Passé","Bahia","Nordeste","29020","Salvador","29020","LESTE - (NRS - SALVADOR)"
292960,"Sapeaçu","Bahia","Nordeste","29005","Cruz Das Almas","29005","LESTE - (NRS - SALVADOR)"
292970,"Sátiro Dias","Bahia","Nordeste","29001","Alagoinhas","29001","NORDESTE (NRS - ALAGOINHAS)"
292975,"Saubara","Bahia","Nordeste","29020","Salvador","29020","LESTE - (NRS - SALVADOR)"
292980,"Saúde","Bahia","Nordeste","29014","Jacobina","29014","CENTRO - NORTE (NRS - JACOBINA)"
292990,"Seabra","Bahia","Nordeste","29023","Seabra","29023","CENTRO-LESTE (NRS - FEIRA SANTANA)"
293000,"Sebastião Laranjeiras","Bahia","Nordeste","29007","Guanambi","29007","SUDOESTE (NBS - VITORIA CONQUISTA)"
293010,"Senhor do Bonfim","Bahia","Nordeste","29024","Senhor Do Bonfim","29024","NORTE - (NRS - JUAZEIRO)"
293020,"Sento Sé","Bahia","Nordeste","29016","Juazeiro","29016","NORTE - (NRS - JUAZEIRO)"
293015,"Serra do Ramalho","Bahia","Nordeste","29021","Santa Maria Da Vitoria","29021","OESTE (NBS - BARREIRAS)"
293030,"Serra Dourada","Bahia","Nordeste","29021","Santa Maria Da Vitoria","29021","OESTE (NBS - BARREIRAS)"
293040,"Serra Preta","Bahia","Nordeste","29006","Feira De Santana","29006","CENTRO-LESTE (NRS - FEIRA SANTANA)"
293050,"Serrinha","Bahia","Nordeste","29025","Serrinha","29025","CENTRO-LESTE (NRS - FEIRA SANTANA)"
293060,"Serrolândia","Bahia","Nordeste","29014","Jacobina","29014","CENTRO - NORTE (NRS - JACOBINA)"
293070,"Simões Filho","Bahia","Nordeste","29004","Camacari","29004","LESTE - (NRS - SALVADOR)"
293075,"Sítio do Mato","Bahia","Nordeste","29021","Santa Maria Da Vitoria","29021","OESTE (NBS - BARREIRAS)"
293076,"Sítio do Quinto","Bahia","Nordeste","29019","Ribeira Do Pombal","29019","NORDESTE (NRS - ALAGOINHAS)"
293077,"Sobradinho","Bahia","Nordeste","29016","Juazeiro","29016","NORTE - (NRS - JUAZEIRO)"
293080,"Souto Soares","Bahia","Nordeste","29023","Seabra","29023","CENTRO-LESTE (NRS - FEIRA SANTANA)"
293090,"Tabocas do Brejo Velho","Bahia","Nordeste","29002","Barreiras","29002","OESTE (NBS - BARREIRAS)"
293100,"Tanhaçu","Bahia","Nordeste","29003","Brumado","29003","SUDOESTE (NBS - VITORIA CONQUISTA)"
293105,"Tanque Novo","Bahia","Nordeste","29007","Guanambi","29007","SUDOESTE (NBS - VITORIA CONQUISTA)"
293110,"Tanquinho","Bahia","Nordeste","29006","Feira De Santana","29006","CENTRO-LESTE (NRS - FEIRA SANTANA)"
293120,"Taperoá","Bahia","Nordeste","29027","Valenca","29027","SUL (NBS - ILHEUS)"
293130,"Tapiramutá","Bahia","Nordeste","29014","Jacobina","29014","CENTRO - NORTE (NRS - JACOBINA)"
293135,"Teixeira de Freitas","Bahia","Nordeste","29026","Teixeira De Freitas","29026","EXTREMO SUL (NRS - TEIXEIRA FREITAS)"
293140,"Teodoro Sampaio","Bahia","Nordeste","29006","Feira De Santana","29006","CENTRO-LESTE (NRS - FEIRA SANTANA)"
293150,"Teofilândia","Bahia","Nordeste","29025","Serrinha","29025","CENTRO-LESTE (NRS - FEIRA SANTANA)"
293160,"Teolândia","Bahia","Nordeste","29022","Santo Antonio De Jesus","29022","LESTE - (NRS - SALVADOR)"
293170,"Terra Nova","Bahia","Nordeste","29006","Feira De Santana","29006","CENTRO-LESTE (NRS - FEIRA SANTANA)"
293180,"Tremedal","Bahia","Nordeste","29028","Vitoria Da Conquista","29028","SUDOESTE (NBS - VITORIA CONQUISTA)"
293190,"Tucano","Bahia","Nordeste","29019","Ribeira Do Pombal","29019","NORDESTE (NRS - ALAGOINHAS)"
293200,"Uauá","Bahia","Nordeste","29016","Juazeiro","29016","NORTE - (NRS - JUAZEIRO)"
293210,"Ubaíra","Bahia","Nordeste","29022","Santo Antonio De Jesus","29022","LESTE - (NRS - SALVADOR)"
293220,"Ubaitaba","Bahia","Nordeste","29012","Itabuna","29012","SUL (NBS - ILHEUS)"
293230,"Ubatã","Bahia","Nordeste","29012","Itabuna","29012","SUL (NBS - ILHEUS)"
293240,"Uibaí","Bahia","Nordeste","29010","Irece","29010","CENTRO - NORTE (NRS - JACOBINA)"
293245,"Umburanas","Bahia","Nordeste","29014","Jacobina","29014","CENTRO - NORTE (NRS - JACOBINA)"
293250,"Una","Bahia","Nordeste","29009","Ilheus","29009","SUL (NBS - ILHEUS)"
293260,"Urandi","Bahia","Nordeste","29007","Guanambi","29007","SUDOESTE (NBS - VITORIA CONQUISTA)"
293270,"Uruçuca","Bahia","Nordeste","29009","Ilheus","29009","SUL (NBS - ILHEUS)"
293280,"Utinga","Bahia","Nordeste","29011","Itaberaba","29011","CENTRO-LESTE (NRS - FEIRA SANTANA)"
293290,"Valença","Bahia","Nordeste","29027","Valenca","29027","SUL (NBS - ILHEUS)"
293300,"Valente","Bahia","Nordeste","29025","Serrinha","29025","CENTRO-LESTE (NRS - FEIRA SANTANA)"
293305,"Várzea da Roça","Bahia","Nordeste","29014","Jacobina","29014","CENTRO - NORTE (NRS - JACOBINA)"
293310,"Várzea do Poço","Bahia","Nordeste","29014","Jacobina","29014","CENTRO - NORTE (NRS - JACOBINA)"
293315,"Várzea Nova","Bahia","Nordeste","29014","Jacobina","29014","CENTRO - NORTE (NRS - JACOBINA)"
293317,"Varzedo","Bahia","Nordeste","29022","Santo Antonio De Jesus","29022","LESTE - (NRS - SALVADOR)"
293320,"Vera Cruz","Bahia","Nordeste","29020","Salvador","29020","LESTE - (NRS - SALVADOR)"
293325,"Vereda","Bahia","Nordeste","29026","Teixeira De Freitas","29026","EXTREMO SUL (NRS - TEIXEIRA FREITAS)"
293330,"Vitória da Conquista","Bahia","Nordeste","29028","Vitoria Da Conquista","29028","SUDOESTE (NBS - VITORIA CONQUISTA)"
293340,"Wagner","Bahia","Nordeste","29011","Itaberaba","29011","CENTRO-LESTE (NRS - FEIRA SANTANA)"
293345,"Wanderley","Bahia","Nordeste","29002","Barreiras","29002","OESTE (NBS - BARREIRAS)"
293350,"Wenceslau Guimarães","Bahia","Nordeste","29027","Valenca","29027","SUL (NBS - ILHEUS)"
293360,"Xique-Xique","Bahia","Nordeste","29010","Irece","29010","CENTRO - NORTE (NRS - JACOBINA)"
310010,"Abadia dos Dourados","Minas Gerais","Sudeste","31074","Patrocinio Monte Carmelo","31074","TRIANGULO DO NORTE"
310020,"Abaeté","Minas Gerais","Sudeste","31024","Sete Lagoas","31024","CENTRO"
310030,"Abre Campo","Minas Gerais","Sudeste","31059","Manhuacu","31059","LESTE DO SUL"
310040,"Acaiaca","Minas Gerais","Sudeste","31060","Ponte Nova","31060","LESTE DO SUL"
310050,"Açucena","Minas Gerais","Sudeste","31037","Ipatinga","31037","VALE DO ACO"
310060,"Água Boa","Minas Gerais","Sudeste","31102","Pecanha Sao Joao Evangelista Santa Maria Do Suacui","31102","LESTE"
310070,"Água Comprida","Minas Gerais","Sudeste","31072","Uberaba","31072","TRIANGULO DO SUL"
310080,"Aguanil","Minas Gerais","Sudeste","31089","Campo Belo","31089","OESTE"
310090,"Águas Formosas","Minas Gerais","Sudeste","31062","Aguas Formosas","31062","NORDESTE"
310100,"Águas Vermelhas","Minas Gerais","Sudeste","31068","Pedra Azul","31068","NORDESTE"
310110,"Aimorés","Minas Gerais","Sudeste","31040","Resplendor","31040","LESTE"
310120,"Aiuruoca","Minas Gerais","Sudeste","31008","Sao Lourenco","31008","SUL"
310130,"Alagoa","Minas Gerais","Sudeste","31008","Sao Lourenco","31008","SUL"
310140,"Albertina","Minas Gerais","Sudeste","31006","Pocos De Caldas","31006","EXTREMO SUL"
310150,"Além Paraíba","Minas Gerais","Sudeste","31041","Alem Paraiba","31041","SUDESTE"
310160,"Alfenas","Minas Gerais","Sudeste","31001","Alfenas Machado","31001","SUDOESTE"
310163,"Alfredo Vasconcelos","Minas Gerais","Sudeste","31013","Barbacena","31013","CENTRO SUL"
310170,"Almenara","Minas Gerais","Sudeste","31094","Almenara Jacinto","31094","NORDESTE"
310180,"Alpercata","Minas Gerais","Sudeste","31036","Governador Valadares","31036","LESTE"
310190,"Alpinópolis","Minas Gerais","Sudeste","31092","Passos","31092","SUDOESTE"
310200,"Alterosa","Minas Gerais","Sudeste","31001","Alfenas Machado","31001","SUDOESTE"
310205,"Alto Caparaó","Minas Gerais","Sudeste","31059","Manhuacu","31059","LESTE DO SUL"
315350,"Alto Jequitibá","Minas Gerais","Sudeste","31059","Manhuacu","31059","LESTE DO SUL"
310210,"Alto Rio Doce","Minas Gerais","Sudeste","31013","Barbacena","31013","CENTRO SUL"
310220,"Alvarenga","Minas Gerais","Sudeste","31036","Governador Valadares","31036","LESTE"
310230,"Alvinópolis","Minas Gerais","Sudeste","31060","Ponte Nova","31060","LESTE DO SUL"
310240,"Alvorada de Minas","Minas Gerais","Sudeste","31095","Serro","31095","JEQUITINHONHA"
310250,"Amparo do Serra","Minas Gerais","Sudeste","31060","Ponte Nova","31060","LESTE DO SUL"
310260,"Andradas","Minas Gerais","Sudeste","31006","Pocos De Caldas","31006","EXTREMO SUL"
310280,"Andrelândia","Minas Gerais","Sudeste","31090","Lima Duarte","31090","SUDESTE"
310285,"Angelândia","Minas Gerais","Sudeste","31099","Teofilo Otoni Malacacheta","31099","NORDESTE"
310290,"Antônio Carlos","Minas Gerais","Sudeste","31013","Barbacena","31013","CENTRO SUL"
310300,"Antônio Dias","Minas Gerais","Sudeste","31035","Coronel Fabriciano Timoteo","31035","VALE DO ACO"
310310,"Antônio Prado de Minas","Minas Gerais","Sudeste","31045","Muriae","31045","SUDESTE"
310320,"Araçaí","Minas Gerais","Sudeste","31024","Sete Lagoas","31024","CENTRO"
310330,"Aracitaba","Minas Gerais","Sudeste","31046","Santos Dumont","31046","SUDESTE"
310340,"Araçuaí","Minas Gerais","Sudeste","31064","Aracuai","31064","JEQUITINHONHA"
310350,"Araguari","Minas Gerais","Sudeste","31075","Uberlandia Araguari","31075","TRIANGULO DO NORTE"
310360,"Arantina","Minas Gerais","Sudeste","31090","Lima Duarte","31090","SUDESTE"
310370,"Araponga","Minas Gerais","Sudeste","31061","Vicosa","31061","LESTE DO SUL"
310375,"Araporã","Minas Gerais","Sudeste","31075","Uberlandia Araguari","31075","TRIANGULO DO NORTE"
310380,"Arapuá","Minas Gerais","Sudeste","31082","Sao Gotardo","31082","NOROESTE"
310390,"Araújos","Minas Gerais","Sudeste","31086","Divinopolis","31086","OESTE"
310400,"Araxá","Minas Gerais","Sudeste","31070","Araxa","31070","TRIANGULO DO SUL"
310410,"Arceburgo","Minas Gerais","Sudeste","31002","Guaxupe","31002","SUDOESTE"
310420,"Arcos","Minas Gerais","Sudeste","31087","Lagoa Da Prata Santo Antonio Do Monte","31087","OESTE"
310430,"Areado","Minas Gerais","Sudeste","31001","Alfenas Machado","31001","SUDOESTE"
310440,"Argirita","Minas Gerais","Sudeste","31044","Leopoldina Cataguases","31044","SUDESTE"
310445,"Aricanduva","Minas Gerais","Sudeste","31027","Turmalina Minas Novas Capelinha","31027","JEQUITINHONHA"
310450,"Arinos","Minas Gerais","Sudeste","31058","Unai Paracatu","31058","NOROESTE"
310460,"Astolfo Dutra","Minas Gerais","Sudeste","31044","Leopoldina Cataguases","31044","SUDESTE"
310470,"Ataléia","Minas Gerais","Sudeste","31099","Teofilo Otoni Malacacheta","31099","NORDESTE"
310480,"Augusto de Lima","Minas Gerais","Sudeste","31019","Curvelo","31019","CENTRO"
310490,"Baependi","Minas Gerais","Sudeste","31008","Sao Lourenco","31008","SUL"
310500,"Baldim","Minas Gerais","Sudeste","31024","Sete Lagoas","31024","CENTRO"
310510,"Bambuí","Minas Gerais","Sudeste","31030","Formiga","31030","OESTE"
310520,"Bandeira","Minas Gerais","Sudeste","31094","Almenara Jacinto","31094","NORDESTE"
310530,"Bandeira do Sul","Minas Gerais","Sudeste","31001","Alfenas Machado","31001","SUDOESTE"
310540,"Barão de Cocais","Minas Gerais","Sudeste","31021","Itabira","31021","CENTRO"
310550,"Barão de Monte Alto","Minas Gerais","Sudeste","31045","Muriae","31045","SUDESTE"
310560,"Barbacena","Minas Gerais","Sudeste","31013","Barbacena","31013","CENTRO SUL"
310570,"Barra Longa","Minas Gerais","Sudeste","31060","Ponte Nova","31060","LESTE DO SUL"
310590,"Barroso","Minas Gerais","Sudeste","31015","Sao Joao Del Rei","31015","CENTRO SUL"
310600,"Bela Vista de Minas","Minas Gerais","Sudeste","31023","Joao Monlevade","31023","CENTRO"
310610,"Belmiro Braga","Minas Gerais","Sudeste","31097","Juiz De Fora","31097","SUDESTE"
310620,"Belo Horizonte","Minas Gerais","Sudeste","31016","Belo Horizonte Nova Lima Santa Luzia","31016","CENTRO"
310630,"Belo Oriente","Minas Gerais","Sudeste","31037","Ipatinga","31037","VALE DO ACO"
310640,"Belo Vale","Minas Gerais","Sudeste","31016","Belo Horizonte Nova Lima Santa Luzia","31016","CENTRO"
310650,"Berilo","Minas Gerais","Sudeste","31064","Aracuai","31064","JEQUITINHONHA"
310665,"Berizal","Minas Gerais","Sudeste","31085","Taiobeiras","31085","NORTE"
310660,"Bertópolis","Minas Gerais","Sudeste","31062","Aguas Formosas","31062","NORDESTE"
310670,"Betim","Minas Gerais","Sudeste","31017","Betim","31017","CENTRO"
310680,"Bias Fortes","Minas Gerais","Sudeste","31090","Lima Duarte","31090","SUDESTE"
310690,"Bicas","Minas Gerais","Sudeste","31047","Sao Joao Nepomuceno Bicas","31047","SUDESTE"
310700,"Biquinhas","Minas Gerais","Sudeste","31024","Sete Lagoas","31024","CENTRO"
310710,"Boa Esperança","Minas Gerais","Sudeste","31011","Tres Pontas","31011","SUL"
310720,"Bocaina de Minas","Minas Gerais","Sudeste","31090","Lima Duarte","31090","SUDESTE"
310730,"Bocaiúva","Minas Gerais","Sudeste","31083","Bocaiuva","31083","NORTE"
310740,"Bom Despacho","Minas Gerais","Sudeste","31028","Bom Despacho","31028","OESTE"
310750,"Bom Jardim de Minas","Minas Gerais","Sudeste","31090","Lima Duarte","31090","SUDESTE"
310760,"Bom Jesus da Penha","Minas Gerais","Sudeste","31092","Passos","31092","SUDOESTE"
310770,"Bom Jesus do Amparo","Minas Gerais","Sudeste","31021","Itabira","31021","CENTRO"
310780,"Bom Jesus do Galho","Minas Gerais","Sudeste","31034","Caratinga","31034","VALE DO ACO"
310790,"Bom Repouso","Minas Gerais","Sudeste","31007","Pouso Alegre","31007","EXTREMO SUL"
310800,"Bom Sucesso","Minas Gerais","Sudeste","31015","Sao Joao Del Rei","31015","CENTRO SUL"
310810,"Bonfim","Minas Gerais","Sudeste","31017","Betim","31017","CENTRO"
310820,"Bonfinópolis de Minas","Minas Gerais","Sudeste","31058","Unai Paracatu","31058","NOROESTE"
310825,"Bonito de Minas","Minas Gerais","Sudeste","31053","Januaria","31053","NORTE"
310830,"Borda da Mata","Minas Gerais","Sudeste","31007","Pouso Alegre","31007","EXTREMO SUL"
310840,"Botelhos","Minas Gerais","Sudeste","31001","Alfenas Machado","31001","SUDOESTE"
310850,"Botumirim","Minas Gerais","Sudeste","31051","Francisco Sa","31051","NORTE"
310870,"Brás Pires","Minas Gerais","Sudeste","31048","Uba","31048","SUDESTE"
310855,"Brasilândia de Minas","Minas Gerais","Sudeste","31077","Joao Pinheiro","31077","NOROESTE"
310860,"Brasília de Minas","Minas Gerais","Sudeste","31101","Brasilia De Minas","31101","NORTE"
310880,"Braúnas","Minas Gerais","Sudeste","31037","Ipatinga","31037","VALE DO ACO"
310890,"Brazópolis","Minas Gerais","Sudeste","31003","Itajuba","31003","EXTREMO SUL"
310900,"Brumadinho","Minas Gerais","Sudeste","31017","Betim","31017","CENTRO"
310910,"Bueno Brandão","Minas Gerais","Sudeste","31007","Pouso Alegre","31007","EXTREMO SUL"
310920,"Buenópolis","Minas Gerais","Sudeste","31019","Curvelo","31019","CENTRO"
310925,"Bugre","Minas Gerais","Sudeste","31037","Ipatinga","31037","VALE DO ACO"
310930,"Buritis","Minas Gerais","Sudeste","31058","Unai Paracatu","31058","NOROESTE"
310940,"Buritizeiro","Minas Gerais","Sudeste","31055","Pirapora","31055","NORTE"
310945,"Cabeceira Grande","Minas Gerais","Sudeste","31058","Unai Paracatu","31058","NOROESTE"
310950,"Cabo Verde","Minas Gerais","Sudeste","31002","Guaxupe","31002","SUDOESTE"
310960,"Cachoeira da Prata","Minas Gerais","Sudeste","31024","Sete Lagoas","31024","CENTRO"
310970,"Cachoeira de Minas","Minas Gerais","Sudeste","31007","Pouso Alegre","31007","EXTREMO SUL"
310270,"Cachoeira de Pajeú","Minas Gerais","Sudeste","31068","Pedra Azul","31068","NORDESTE"
310980,"Cachoeira Dourada","Minas Gerais","Sudeste","31073","Ituiutaba","31073","TRIANGULO DO NORTE"
310990,"Caetanópolis","Minas Gerais","Sudeste","31024","Sete Lagoas","31024","CENTRO"
311000,"Caeté","Minas Gerais","Sudeste","31016","Belo Horizonte Nova Lima Santa Luzia","31016","CENTRO"
311010,"Caiana","Minas Gerais","Sudeste","31042","Carangola","31042","SUDESTE"
311020,"Cajuri","Minas Gerais","Sudeste","31061","Vicosa","31061","LESTE DO SUL"
311030,"Caldas","Minas Gerais","Sudeste","31006","Pocos De Caldas","31006","EXTREMO SUL"
311040,"Camacho","Minas Gerais","Sudeste","31089","Campo Belo","31089","OESTE"
311050,"Camanducaia","Minas Gerais","Sudeste","31007","Pouso Alegre","31007","EXTREMO SUL"
311060,"Cambuí","Minas Gerais","Sudeste","31007","Pouso Alegre","31007","EXTREMO SUL"
311070,"Cambuquira","Minas Gerais","Sudeste","31010","Tres Coracoes","31010","SUL"
311080,"Campanário","Minas Gerais","Sudeste","31096","Itambacuri","31096","NORDESTE"
311090,"Campanha","Minas Gerais","Sudeste","31012","Varginha","31012","SUL"
311100,"Campestre","Minas Gerais","Sudeste","31001","Alfenas Machado","31001","SUDOESTE"
311110,"Campina Verde","Minas Gerais","Sudeste","31073","Ituiutaba","31073","TRIANGULO DO NORTE"
311115,"Campo Azul","Minas Gerais","Sudeste","31101","Brasilia De Minas","31101","NORTE"
311120,"Campo Belo","Minas Gerais","Sudeste","31089","Campo Belo","31089","OESTE"
311130,"Campo do Meio","Minas Gerais","Sudeste","31001","Alfenas Machado","31001","SUDOESTE"
311140,"Campo Florido","Minas Gerais","Sudeste","31072","Uberaba","31072","TRIANGULO DO SUL"
311150,"Campos Altos","Minas Gerais","Sudeste","31070","Araxa","31070","TRIANGULO DO SUL"
311160,"Campos Gerais","Minas Gerais","Sudeste","31001","Alfenas Machado","31001","SUDOESTE"
311190,"Cana Verde","Minas Gerais","Sudeste","31089","Campo Belo","31089","OESTE"
311170,"Canaã","Minas Gerais","Sudeste","31061","Vicosa","31061","LESTE DO SUL"
311180,"Canápolis","Minas Gerais","Sudeste","31073","Ituiutaba","31073","TRIANGULO DO NORTE"
311200,"Candeias","Minas Gerais","Sudeste","31089","Campo Belo","31089","OESTE"
311205,"Cantagalo","Minas Gerais","Sudeste","31102","Pecanha Sao Joao Evangelista Santa Maria Do Suacui","31102","LESTE"
311210,"Caparaó","Minas Gerais","Sudeste","31042","Carangola","31042","SUDESTE"
311220,"Capela Nova","Minas Gerais","Sudeste","31013","Barbacena","31013","CENTRO SUL"
311230,"Capelinha","Minas Gerais","Sudeste","31027","Turmalina Minas Novas Capelinha","31027","JEQUITINHONHA"
311240,"Capetinga","Minas Gerais","Sudeste","31091","Cassia","31091","SUDOESTE"
311250,"Capim Branco","Minas Gerais","Sudeste","31024","Sete Lagoas","31024","CENTRO"
311260,"Capinópolis","Minas Gerais","Sudeste","31073","Ituiutaba","31073","TRIANGULO DO NORTE"
311265,"Capitão Andrade","Minas Gerais","Sudeste","31036","Governador Valadares","31036","LESTE"
311270,"Capitão Enéas","Minas Gerais","Sudeste","31051","Francisco Sa","31051","NORTE"
311280,"Capitólio","Minas Gerais","Sudeste","31093","Piumhi","31093","SUDOESTE"
311290,"Caputira","Minas Gerais","Sudeste","31059","Manhuacu","31059","LESTE DO SUL"
311300,"Caraí","Minas Gerais","Sudeste","31067","Padre Paraiso","31067","NORDESTE"
311310,"Caranaíba","Minas Gerais","Sudeste","31079","Conselheiro Lafaiete","31079","CENTRO SUL"
311320,"Carandaí","Minas Gerais","Sudeste","31013","Barbacena","31013","CENTRO SUL"
311330,"Carangola","Minas Gerais","Sudeste","31042","Carangola","31042","SUDESTE"
311340,"Caratinga","Minas Gerais","Sudeste","31034","Caratinga","31034","VALE DO ACO"
311350,"Carbonita","Minas Gerais","Sudeste","31026","Diamantina Itamarandiba","31026","JEQUITINHONHA"
311360,"Careaçu","Minas Gerais","Sudeste","31007","Pouso Alegre","31007","EXTREMO SUL"
311370,"Carlos Chagas","Minas Gerais","Sudeste","31066","Nanuque","31066","NORDESTE"
311380,"Carmésia","Minas Gerais","Sudeste","31020","Guanhaes","31020","CENTRO"
311390,"Carmo da Cachoeira","Minas Gerais","Sudeste","31010","Tres Coracoes","31010","SUL"
311400,"Carmo da Mata","Minas Gerais","Sudeste","31088","Oliveira Santo Antonio Do Amparo","31088","OESTE"
311410,"Carmo de Minas","Minas Gerais","Sudeste","31008","Sao Lourenco","31008","SUL"
311420,"Carmo do Cajuru","Minas Gerais","Sudeste","31086","Divinopolis","31086","OESTE"
311430,"Carmo do Paranaíba","Minas Gerais","Sudeste","31082","Sao Gotardo","31082","NOROESTE"
311440,"Carmo do Rio Claro","Minas Gerais","Sudeste","31092","Passos","31092","SUDOESTE"
311450,"Carmópolis de Minas","Minas Gerais","Sudeste","31088","Oliveira Santo Antonio Do Amparo","31088","OESTE"
311455,"Carneirinho","Minas Gerais","Sudeste","31071","Frutal   Iturama","31071","TRIANGULO DO SUL"
311460,"Carrancas","Minas Gerais","Sudeste","31004","Lavras","31004","SUL"
311470,"Carvalhópolis","Minas Gerais","Sudeste","31001","Alfenas Machado","31001","SUDOESTE"
311480,"Carvalhos","Minas Gerais","Sudeste","31008","Sao Lourenco","31008","SUL"
311490,"Casa Grande","Minas Gerais","Sudeste","31079","Conselheiro Lafaiete","31079","CENTRO SUL"
311500,"Cascalho Rico","Minas Gerais","Sudeste","31075","Uberlandia Araguari","31075","TRIANGULO DO NORTE"
311510,"Cássia","Minas Gerais","Sudeste","31091","Cassia","31091","SUDOESTE"
311530,"Cataguases","Minas Gerais","Sudeste","31044","Leopoldina Cataguases","31044","SUDESTE"
311535,"Catas Altas","Minas Gerais","Sudeste","31021","Itabira","31021","CENTRO"
311540,"Catas Altas da Noruega","Minas Gerais","Sudeste","31079","Conselheiro Lafaiete","31079","CENTRO SUL"
311545,"Catuji","Minas Gerais","Sudeste","31067","Padre Paraiso","31067","NORDESTE"
311547,"Catuti","Minas Gerais","Sudeste","31052","Janauba Monte Azul","31052","NORTE"
311550,"Caxambu","Minas Gerais","Sudeste","31008","Sao Lourenco","31008","SUL"
311560,"Cedro do Abaeté","Minas Gerais","Sudeste","31024","Sete Lagoas","31024","CENTRO"
311570,"Central de Minas","Minas Gerais","Sudeste","31038","Mantena","31038","LESTE"
311580,"Centralina","Minas Gerais","Sudeste","31073","Ituiutaba","31073","TRIANGULO DO NORTE"
311590,"Chácara","Minas Gerais","Sudeste","31097","Juiz De Fora","31097","SUDESTE"
311600,"Chalé","Minas Gerais","Sudeste","31059","Manhuacu","31059","LESTE DO SUL"
311610,"Chapada do Norte","Minas Gerais","Sudeste","31027","Turmalina Minas Novas Capelinha","31027","JEQUITINHONHA"
311615,"Chapada Gaúcha","Minas Gerais","Sudeste","31058","Unai Paracatu","31058","NOROESTE"
311620,"Chiador","Minas Gerais","Sudeste","31097","Juiz De Fora","31097","SUDESTE"
311630,"Cipotânea","Minas Gerais","Sudeste","31013","Barbacena","31013","CENTRO SUL"
311640,"Claraval","Minas Gerais","Sudeste","31091","Cassia","31091","SUDOESTE"
311650,"Claro dos Poções","Minas Gerais","Sudeste","31084","Montes Claros","31084","NORTE"
311660,"Cláudio","Minas Gerais","Sudeste","31086","Divinopolis","31086","OESTE"
311670,"Coimbra","Minas Gerais","Sudeste","31048","Uba","31048","SUDESTE"
311680,"Coluna","Minas Gerais","Sudeste","31026","Diamantina Itamarandiba","31026","JEQUITINHONHA"
311690,"Comendador Gomes","Minas Gerais","Sudeste","31071","Frutal   Iturama","31071","TRIANGULO DO SUL"
311700,"Comercinho","Minas Gerais","Sudeste","31065","Itaobim","31065","NORDESTE"
311710,"Conceição da Aparecida","Minas Gerais","Sudeste","31001","Alfenas Machado","31001","SUDOESTE"
311520,"Conceição da Barra de Minas","Minas Gerais","Sudeste","31015","Sao Joao Del Rei","31015","CENTRO SUL"
311730,"Conceição das Alagoas","Minas Gerais","Sudeste","31072","Uberaba","31072","TRIANGULO DO SUL"
311720,"Conceição das Pedras","Minas Gerais","Sudeste","31003","Itajuba","31003","EXTREMO SUL"
311740,"Conceição de Ipanema","Minas Gerais","Sudeste","31059","Manhuacu","31059","LESTE DO SUL"
311750,"Conceição do Mato Dentro","Minas Gerais","Sudeste","31095","Serro","31095","JEQUITINHONHA"
311760,"Conceição do Pará","Minas Gerais","Sudeste","31032","Para De Minas Nova Serrana","31032","OESTE"
311770,"Conceição do Rio Verde","Minas Gerais","Sudeste","31008","Sao Lourenco","31008","SUL"
311780,"Conceição dos Ouros","Minas Gerais","Sudeste","31007","Pouso Alegre","31007","EXTREMO SUL"
311783,"Cônego Marinho","Minas Gerais","Sudeste","31053","Januaria","31053","NORTE"
311787,"Confins","Minas Gerais","Sudeste","31025","Vespasiano Lagoa Santa","31025","CENTRO"
311790,"Congonhal","Minas Gerais","Sudeste","31007","Pouso Alegre","31007","EXTREMO SUL"
311800,"Congonhas","Minas Gerais","Sudeste","31078","Congonhas","31078","CENTRO SUL"
311810,"Congonhas do Norte","Minas Gerais","Sudeste","31026","Diamantina Itamarandiba","31026","JEQUITINHONHA"
311820,"Conquista","Minas Gerais","Sudeste","31072","Uberaba","31072","TRIANGULO DO SUL"
311830,"Conselheiro Lafaiete","Minas Gerais","Sudeste","31079","Conselheiro Lafaiete","31079","CENTRO SUL"
311840,"Conselheiro Pena","Minas Gerais","Sudeste","31040","Resplendor","31040","LESTE"
311850,"Consolação","Minas Gerais","Sudeste","31003","Itajuba","31003","EXTREMO SUL"
311860,"Contagem","Minas Gerais","Sudeste","31018","Contagem","31018","CENTRO"
311870,"Coqueiral","Minas Gerais","Sudeste","31011","Tres Pontas","31011","SUL"
311880,"Coração de Jesus","Minas Gerais","Sudeste","31050","Coracao De Jesus","31050","NORTE"
311890,"Cordisburgo","Minas Gerais","Sudeste","31024","Sete Lagoas","31024","CENTRO"
311900,"Cordislândia","Minas Gerais","Sudeste","31012","Varginha","31012","SUL"
311910,"Corinto","Minas Gerais","Sudeste","31019","Curvelo","31019","CENTRO"
311920,"Coroaci","Minas Gerais","Sudeste","31036","Governador Valadares","31036","LESTE"
311930,"Coromandel","Minas Gerais","Sudeste","31074","Patrocinio Monte Carmelo","31074","TRIANGULO DO NORTE"
311940,"Coronel Fabriciano","Minas Gerais","Sudeste","31035","Coronel Fabriciano Timoteo","31035","VALE DO ACO"
311950,"Coronel Murta","Minas Gerais","Sudeste","31064","Aracuai","31064","JEQUITINHONHA"
311960,"Coronel Pacheco","Minas Gerais","Sudeste","31097","Juiz De Fora","31097","SUDESTE"
311970,"Coronel Xavier Chaves","Minas Gerais","Sudeste","31015","Sao Joao Del Rei","31015","CENTRO SUL"
311980,"Córrego Danta","Minas Gerais","Sudeste","31030","Formiga","31030","OESTE"
311990,"Córrego do Bom Jesus","Minas Gerais","Sudeste","31007","Pouso Alegre","31007","EXTREMO SUL"
311995,"Córrego Fundo","Minas Gerais","Sudeste","31030","Formiga","31030","OESTE"
312000,"Córrego Novo","Minas Gerais","Sudeste","31035","Coronel Fabriciano Timoteo","31035","VALE DO ACO"
312010,"Couto de Magalhães de Minas","Minas Gerais","Sudeste","31026","Diamantina Itamarandiba","31026","JEQUITINHONHA"
312015,"Crisólita","Minas Gerais","Sudeste","31062","Aguas Formosas","31062","NORDESTE"
312020,"Cristais","Minas Gerais","Sudeste","31089","Campo Belo","31089","OESTE"
312030,"Cristália","Minas Gerais","Sudeste","31051","Francisco Sa","31051","NORTE"
312040,"Cristiano Otoni","Minas Gerais","Sudeste","31079","Conselheiro Lafaiete","31079","CENTRO SUL"
312050,"Cristina","Minas Gerais","Sudeste","31008","Sao Lourenco","31008","SUL"
312060,"Crucilândia","Minas Gerais","Sudeste","31017","Betim","31017","CENTRO"
312070,"Cruzeiro da Fortaleza","Minas Gerais","Sudeste","31057","Patos De Minas","31057","NOROESTE"
312080,"Cruzília","Minas Gerais","Sudeste","31008","Sao Lourenco","31008","SUL"
312083,"Cuparaque","Minas Gerais","Sudeste","31040","Resplendor","31040","LESTE"
312087,"Curral de Dentro","Minas Gerais","Sudeste","31085","Taiobeiras","31085","NORTE"
312090,"Curvelo","Minas Gerais","Sudeste","31019","Curvelo","31019","CENTRO"
312100,"Datas","Minas Gerais","Sudeste","31026","Diamantina Itamarandiba","31026","JEQUITINHONHA"
312110,"Delfim Moreira","Minas Gerais","Sudeste","31003","Itajuba","31003","EXTREMO SUL"
312120,"Delfinópolis","Minas Gerais","Sudeste","31091","Cassia","31091","SUDOESTE"
312125,"Delta","Minas Gerais","Sudeste","31072","Uberaba","31072","TRIANGULO DO SUL"
312130,"Descoberto","Minas Gerais","Sudeste","31047","Sao Joao Nepomuceno Bicas","31047","SUDESTE"
312140,"Desterro de Entre Rios","Minas Gerais","Sudeste","31078","Congonhas","31078","CENTRO SUL"
312150,"Desterro do Melo","Minas Gerais","Sudeste","31013","Barbacena","31013","CENTRO SUL"
312160,"Diamantina","Minas Gerais","Sudeste","31026","Diamantina Itamarandiba","31026","JEQUITINHONHA"
312170,"Diogo de Vasconcelos","Minas Gerais","Sudeste","31060","Ponte Nova","31060","LESTE DO SUL"
312180,"Dionísio","Minas Gerais","Sudeste","31035","Coronel Fabriciano Timoteo","31035","VALE DO ACO"
312190,"Divinésia","Minas Gerais","Sudeste","31048","Uba","31048","SUDESTE"
312200,"Divino","Minas Gerais","Sudeste","31042","Carangola","31042","SUDESTE"
312210,"Divino das Laranjeiras","Minas Gerais","Sudeste","31038","Mantena","31038","LESTE"
312220,"Divinolândia de Minas","Minas Gerais","Sudeste","31036","Governador Valadares","31036","LESTE"
312230,"Divinópolis","Minas Gerais","Sudeste","31086","Divinopolis","31086","OESTE"
312235,"Divisa Alegre","Minas Gerais","Sudeste","31068","Pedra Azul","31068","NORDESTE"
312240,"Divisa Nova","Minas Gerais","Sudeste","31001","Alfenas Machado","31001","SUDOESTE"
312245,"Divisópolis","Minas Gerais","Sudeste","31068","Pedra Azul","31068","NORDESTE"
312247,"Dom Bosco","Minas Gerais","Sudeste","31058","Unai Paracatu","31058","NOROESTE"
312250,"Dom Cavati","Minas Gerais","Sudeste","31037","Ipatinga","31037","VALE DO ACO"
312260,"Dom Joaquim","Minas Gerais","Sudeste","31020","Guanhaes","31020","CENTRO"
312270,"Dom Silvério","Minas Gerais","Sudeste","31060","Ponte Nova","31060","LESTE DO SUL"
312280,"Dom Viçoso","Minas Gerais","Sudeste","31008","Sao Lourenco","31008","SUL"
312290,"Dona Eusébia","Minas Gerais","Sudeste","31044","Leopoldina Cataguases","31044","SUDESTE"
312300,"Dores de Campos","Minas Gerais","Sudeste","31015","Sao Joao Del Rei","31015","CENTRO SUL"
312310,"Dores de Guanhães","Minas Gerais","Sudeste","31020","Guanhaes","31020","CENTRO"
312320,"Dores do Indaiá","Minas Gerais","Sudeste","31028","Bom Despacho","31028","OESTE"
312330,"Dores do Turvo","Minas Gerais","Sudeste","31048","Uba","31048","SUDESTE"
312340,"Doresópolis","Minas Gerais","Sudeste","31093","Piumhi","31093","SUDOESTE"
312350,"Douradoquara","Minas Gerais","Sudeste","31074","Patrocinio Monte Carmelo","31074","TRIANGULO DO NORTE"
312352,"Durandé","Minas Gerais","Sudeste","31059","Manhuacu","31059","LESTE DO SUL"
312360,"Elói Mendes","Minas Gerais","Sudeste","31012","Varginha","31012","SUL"
312370,"Engenheiro Caldas","Minas Gerais","Sudeste","31036","Governador Valadares","31036","LESTE"
312380,"Engenheiro Navarro","Minas Gerais","Sudeste","31083","Bocaiuva","31083","NORTE"
312385,"Entre Folhas","Minas Gerais","Sudeste","31034","Caratinga","31034","VALE DO ACO"
312390,"Entre Rios de Minas","Minas Gerais","Sudeste","31078","Congonhas","31078","CENTRO SUL"
312400,"Ervália","Minas Gerais","Sudeste","31048","Uba","31048","SUDESTE"
312410,"Esmeraldas","Minas Gerais","Sudeste","31017","Betim","31017","CENTRO"
312420,"Espera Feliz","Minas Gerais","Sudeste","31042","Carangola","31042","SUDESTE"
312430,"Espinosa","Minas Gerais","Sudeste","31052","Janauba Monte Azul","31052","NORTE"
312440,"Espírito Santo do Dourado","Minas Gerais","Sudeste","31007","Pouso Alegre","31007","EXTREMO SUL"
312450,"Estiva","Minas Gerais","Sudeste","31007","Pouso Alegre","31007","EXTREMO SUL"
312460,"Estrela Dalva","Minas Gerais","Sudeste","31041","Alem Paraiba","31041","SUDESTE"
312470,"Estrela do Indaiá","Minas Gerais","Sudeste","31028","Bom Despacho","31028","OESTE"
312480,"Estrela do Sul","Minas Gerais","Sudeste","31074","Patrocinio Monte Carmelo","31074","TRIANGULO DO NORTE"
312490,"Eugenópolis","Minas Gerais","Sudeste","31045","Muriae","31045","SUDESTE"
312500,"Ewbank da Câmara","Minas Gerais","Sudeste","31097","Juiz De Fora","31097","SUDESTE"
312510,"Extrema","Minas Gerais","Sudeste","31007","Pouso Alegre","31007","EXTREMO SUL"
312520,"Fama","Minas Gerais","Sudeste","31001","Alfenas Machado","31001","SUDOESTE"
312530,"Faria Lemos","Minas Gerais","Sudeste","31042","Carangola","31042","SUDESTE"
312540,"Felício dos Santos","Minas Gerais","Sudeste","31026","Diamantina Itamarandiba","31026","JEQUITINHONHA"
312560,"Felisburgo","Minas Gerais","Sudeste","31094","Almenara Jacinto","31094","NORDESTE"
312570,"Felixlândia","Minas Gerais","Sudeste","31019","Curvelo","31019","CENTRO"
312580,"Fernandes Tourinho","Minas Gerais","Sudeste","31036","Governador Valadares","31036","LESTE"
312590,"Ferros","Minas Gerais","Sudeste","31021","Itabira","31021","CENTRO"
312595,"Fervedouro","Minas Gerais","Sudeste","31042","Carangola","31042","SUDESTE"
312600,"Florestal","Minas Gerais","Sudeste","31017","Betim","31017","CENTRO"
312610,"Formiga","Minas Gerais","Sudeste","31030","Formiga","31030","OESTE"
312620,"Formoso","Minas Gerais","Sudeste","31058","Unai Paracatu","31058","NOROESTE"
312630,"Fortaleza de Minas","Minas Gerais","Sudeste","31092","Passos","31092","SUDOESTE"
312640,"Fortuna de Minas","Minas Gerais","Sudeste","31024","Sete Lagoas","31024","CENTRO"
312650,"Francisco Badaró","Minas Gerais","Sudeste","31064","Aracuai","31064","JEQUITINHONHA"
312660,"Francisco Dumont","Minas Gerais","Sudeste","31083","Bocaiuva","31083","NORTE"
312670,"Francisco Sá","Minas Gerais","Sudeste","31051","Francisco Sa","31051","NORTE"
312675,"Franciscópolis","Minas Gerais","Sudeste","31099","Teofilo Otoni Malacacheta","31099","NORDESTE"
312680,"Frei Gaspar","Minas Gerais","Sudeste","31096","Itambacuri","31096","NORDESTE"
312690,"Frei Inocêncio","Minas Gerais","Sudeste","31036","Governador Valadares","31036","LESTE"
312695,"Frei Lagonegro","Minas Gerais","Sudeste","31102","Pecanha Sao Joao Evangelista Santa Maria Do Suacui","31102","LESTE"
312700,"Fronteira","Minas Gerais","Sudeste","31071","Frutal   Iturama","31071","TRIANGULO DO SUL"
312705,"Fronteira dos Vales","Minas Gerais","Sudeste","31062","Aguas Formosas","31062","NORDESTE"
312707,"Fruta de Leite","Minas Gerais","Sudeste","31098","Salinas","31098","NORTE"
312710,"Frutal","Minas Gerais","Sudeste","31071","Frutal   Iturama","31071","TRIANGULO DO SUL"
312720,"Funilândia","Minas Gerais","Sudeste","31024","Sete Lagoas","31024","CENTRO"
312730,"Galiléia","Minas Gerais","Sudeste","31036","Governador Valadares","31036","LESTE"
312733,"Gameleiras","Minas Gerais","Sudeste","31052","Janauba Monte Azul","31052","NORTE"
312735,"Glaucilândia","Minas Gerais","Sudeste","31084","Montes Claros","31084","NORTE"
312737,"Goiabeira","Minas Gerais","Sudeste","31040","Resplendor","31040","LESTE"
312738,"Goianá","Minas Gerais","Sudeste","31097","Juiz De Fora","31097","SUDESTE"
312740,"Gonçalves","Minas Gerais","Sudeste","31003","Itajuba","31003","EXTREMO SUL"
312750,"Gonzaga","Minas Gerais","Sudeste","31036","Governador Valadares","31036","LESTE"
312760,"Gouveia","Minas Gerais","Sudeste","31026","Diamantina Itamarandiba","31026","JEQUITINHONHA"
312770,"Governador Valadares","Minas Gerais","Sudeste","31036","Governador Valadares","31036","LESTE"
312780,"Grão Mogol","Minas Gerais","Sudeste","31051","Francisco Sa","31051","NORTE"
312790,"Grupiara","Minas Gerais","Sudeste","31074","Patrocinio Monte Carmelo","31074","TRIANGULO DO NORTE"
312800,"Guanhães","Minas Gerais","Sudeste","31020","Guanhaes","31020","CENTRO"
312810,"Guapé","Minas Gerais","Sudeste","31093","Piumhi","31093","SUDOESTE"
312820,"Guaraciaba","Minas Gerais","Sudeste","31060","Ponte Nova","31060","LESTE DO SUL"
312825,"Guaraciama","Minas Gerais","Sudeste","31083","Bocaiuva","31083","NORTE"
312830,"Guaranésia","Minas Gerais","Sudeste","31002","Guaxupe","31002","SUDOESTE"
312840,"Guarani","Minas Gerais","Sudeste","31048","Uba","31048","SUDESTE"
312850,"Guarará","Minas Gerais","Sudeste","31047","Sao Joao Nepomuceno Bicas","31047","SUDESTE"
312860,"Guarda-Mor","Minas Gerais","Sudeste","31057","Patos De Minas","31057","NOROESTE"
312870,"Guaxupé","Minas Gerais","Sudeste","31002","Guaxupe","31002","SUDOESTE"
312880,"Guidoval","Minas Gerais","Sudeste","31048","Uba","31048","SUDESTE"
312890,"Guimarânia","Minas Gerais","Sudeste","31057","Patos De Minas","31057","NOROESTE"
312900,"Guiricema","Minas Gerais","Sudeste","31048","Uba","31048","SUDESTE"
312910,"Gurinhatã","Minas Gerais","Sudeste","31073","Ituiutaba","31073","TRIANGULO DO NORTE"
312920,"Heliodora","Minas Gerais","Sudeste","31007","Pouso Alegre","31007","EXTREMO SUL"
312930,"Iapu","Minas Gerais","Sudeste","31037","Ipatinga","31037","VALE DO ACO"
312940,"Ibertioga","Minas Gerais","Sudeste","31013","Barbacena","31013","CENTRO SUL"
312950,"Ibiá","Minas Gerais","Sudeste","31070","Araxa","31070","TRIANGULO DO SUL"
312960,"Ibiaí","Minas Gerais","Sudeste","31055","Pirapora","31055","NORTE"
312965,"Ibiracatu","Minas Gerais","Sudeste","31101","Brasilia De Minas","31101","NORTE"
312970,"Ibiraci","Minas Gerais","Sudeste","31091","Cassia","31091","SUDOESTE"
312980,"Ibirité","Minas Gerais","Sudeste","31018","Contagem","31018","CENTRO"
312990,"Ibitiúra de Minas","Minas Gerais","Sudeste","31006","Pocos De Caldas","31006","EXTREMO SUL"
313000,"Ibituruna","Minas Gerais","Sudeste","31015","Sao Joao Del Rei","31015","CENTRO SUL"
313005,"Icaraí de Minas","Minas Gerais","Sudeste","31100","Sao Francisco","31100","NORTE"
313010,"Igarapé","Minas Gerais","Sudeste","31017","Betim","31017","CENTRO"
313020,"Igaratinga","Minas Gerais","Sudeste","31032","Para De Minas Nova Serrana","31032","OESTE"
313030,"Iguatama","Minas Gerais","Sudeste","31030","Formiga","31030","OESTE"
313040,"Ijaci","Minas Gerais","Sudeste","31004","Lavras","31004","SUL"
313050,"Ilicínea","Minas Gerais","Sudeste","31011","Tres Pontas","31011","SUL"
313055,"Imbé de Minas","Minas Gerais","Sudeste","31034","Caratinga","31034","VALE DO ACO"
313060,"Inconfidentes","Minas Gerais","Sudeste","31007","Pouso Alegre","31007","EXTREMO SUL"
313065,"Indaiabira","Minas Gerais","Sudeste","31085","Taiobeiras","31085","NORTE"
313070,"Indianópolis","Minas Gerais","Sudeste","31075","Uberlandia Araguari","31075","TRIANGULO DO NORTE"
313080,"Ingaí","Minas Gerais","Sudeste","31004","Lavras","31004","SUL"
313090,"Inhapim","Minas Gerais","Sudeste","31034","Caratinga","31034","VALE DO ACO"
313100,"Inhaúma","Minas Gerais","Sudeste","31024","Sete Lagoas","31024","CENTRO"
313110,"Inimutaba","Minas Gerais","Sudeste","31019","Curvelo","31019","CENTRO"
313115,"Ipaba","Minas Gerais","Sudeste","31037","Ipatinga","31037","VALE DO ACO"
313120,"Ipanema","Minas Gerais","Sudeste","31059","Manhuacu","31059","LESTE DO SUL"
313130,"Ipatinga","Minas Gerais","Sudeste","31037","Ipatinga","31037","VALE DO ACO"
313140,"Ipiaçu","Minas Gerais","Sudeste","31073","Ituiutaba","31073","TRIANGULO DO NORTE"
313150,"Ipuiúna","Minas Gerais","Sudeste","31007","Pouso Alegre","31007","EXTREMO SUL"
313160,"Iraí de Minas","Minas Gerais","Sudeste","31074","Patrocinio Monte Carmelo","31074","TRIANGULO DO NORTE"
313170,"Itabira","Minas Gerais","Sudeste","31021","Itabira","31021","CENTRO"
313180,"Itabirinha","Minas Gerais","Sudeste","31038","Mantena","31038","LESTE"
313190,"Itabirito","Minas Gerais","Sudeste","31022","Ouro Preto","31022","CENTRO"
313200,"Itacambira","Minas Gerais","Sudeste","31084","Montes Claros","31084","NORTE"
313210,"Itacarambi","Minas Gerais","Sudeste","31053","Januaria","31053","NORTE"
313220,"Itaguara","Minas Gerais","Sudeste","31031","Itauna","31031","OESTE"
313230,"Itaipé","Minas Gerais","Sudeste","31067","Padre Paraiso","31067","NORDESTE"
313240,"Itajubá","Minas Gerais","Sudeste","31003","Itajuba","31003","EXTREMO SUL"
313250,"Itamarandiba","Minas Gerais","Sudeste","31026","Diamantina Itamarandiba","31026","JEQUITINHONHA"
313260,"Itamarati de Minas","Minas Gerais","Sudeste","31044","Leopoldina Cataguases","31044","SUDESTE"
313270,"Itambacuri","Minas Gerais","Sudeste","31096","Itambacuri","31096","NORDESTE"
313280,"Itambé do Mato Dentro","Minas Gerais","Sudeste","31021","Itabira","31021","CENTRO"
313290,"Itamogi","Minas Gerais","Sudeste","31009","Sao Sebastiao Do Paraiso","31009","SUDOESTE"
313300,"Itamonte","Minas Gerais","Sudeste","31008","Sao Lourenco","31008","SUL"
313310,"Itanhandu","Minas Gerais","Sudeste","31008","Sao Lourenco","31008","SUL"
313320,"Itanhomi","Minas Gerais","Sudeste","31036","Governador Valadares","31036","LESTE"
313330,"Itaobim","Minas Gerais","Sudeste","31065","Itaobim","31065","NORDESTE"
313340,"Itapagipe","Minas Gerais","Sudeste","31071","Frutal   Iturama","31071","TRIANGULO DO SUL"
313350,"Itapecerica","Minas Gerais","Sudeste","31086","Divinopolis","31086","OESTE"
313360,"Itapeva","Minas Gerais","Sudeste","31007","Pouso Alegre","31007","EXTREMO SUL"
313370,"Itatiaiuçu","Minas Gerais","Sudeste","31031","Itauna","31031","OESTE"
313375,"Itaú de Minas","Minas Gerais","Sudeste","31092","Passos","31092","SUDOESTE"
313380,"Itaúna","Minas Gerais","Sudeste","31031","Itauna","31031","OESTE"
313390,"Itaverava","Minas Gerais","Sudeste","31079","Conselheiro Lafaiete","31079","CENTRO SUL"
313400,"Itinga","Minas Gerais","Sudeste","31065","Itaobim","31065","NORDESTE"
313410,"Itueta","Minas Gerais","Sudeste","31040","Resplendor","31040","LESTE"
313420,"Ituiutaba","Minas Gerais","Sudeste","31073","Ituiutaba","31073","TRIANGULO DO NORTE"
313430,"Itumirim","Minas Gerais","Sudeste","31004","Lavras","31004","SUL"
313440,"Iturama","Minas Gerais","Sudeste","31071","Frutal   Iturama","31071","TRIANGULO DO SUL"
313450,"Itutinga","Minas Gerais","Sudeste","31004","Lavras","31004","SUL"
313460,"Jaboticatubas","Minas Gerais","Sudeste","31016","Belo Horizonte Nova Lima Santa Luzia","31016","CENTRO"
313470,"Jacinto","Minas Gerais","Sudeste","31094","Almenara Jacinto","31094","NORDESTE"
313480,"Jacuí","Minas Gerais","Sudeste","31009","Sao Sebastiao Do Paraiso","31009","SUDOESTE"
313490,"Jacutinga","Minas Gerais","Sudeste","31007","Pouso Alegre","31007","EXTREMO SUL"
313500,"Jaguaraçu","Minas Gerais","Sudeste","31035","Coronel Fabriciano Timoteo","31035","VALE DO ACO"
313505,"Jaíba","Minas Gerais","Sudeste","31052","Janauba Monte Azul","31052","NORTE"
313507,"Jampruca","Minas Gerais","Sudeste","31036","Governador Valadares","31036","LESTE"
313510,"Janaúba","Minas Gerais","Sudeste","31052","Janauba Monte Azul","31052","NORTE"
313520,"Januária","Minas Gerais","Sudeste","31053","Januaria","31053","NORTE"
313530,"Japaraíba","Minas Gerais","Sudeste","31087","Lagoa Da Prata Santo Antonio Do Monte","31087","OESTE"
313535,"Japonvar","Minas Gerais","Sudeste","31101","Brasilia De Minas","31101","NORTE"
313540,"Jeceaba","Minas Gerais","Sudeste","31078","Congonhas","31078","CENTRO SUL"
313545,"Jenipapo de Minas","Minas Gerais","Sudeste","31064","Aracuai","31064","JEQUITINHONHA"
313550,"Jequeri","Minas Gerais","Sudeste","31060","Ponte Nova","31060","LESTE DO SUL"
313560,"Jequitaí","Minas Gerais","Sudeste","31050","Coracao De Jesus","31050","NORTE"
313570,"Jequitibá","Minas Gerais","Sudeste","31024","Sete Lagoas","31024","CENTRO"
313580,"Jequitinhonha","Minas Gerais","Sudeste","31094","Almenara Jacinto","31094","NORDESTE"
313590,"Jesuânia","Minas Gerais","Sudeste","31008","Sao Lourenco","31008","SUL"
313600,"Joaíma","Minas Gerais","Sudeste","31094","Almenara Jacinto","31094","NORDESTE"
313610,"Joanésia","Minas Gerais","Sudeste","31037","Ipatinga","31037","VALE DO ACO"
313620,"João Monlevade","Minas Gerais","Sudeste","31023","Joao Monlevade","31023","CENTRO"
313630,"João Pinheiro","Minas Gerais","Sudeste","31077","Joao Pinheiro","31077","NOROESTE"
313640,"Joaquim Felício","Minas Gerais","Sudeste","31083","Bocaiuva","31083","NORTE"
313650,"Jordânia","Minas Gerais","Sudeste","31094","Almenara Jacinto","31094","NORDESTE"
313652,"José Gonçalves de Minas","Minas Gerais","Sudeste","31027","Turmalina Minas Novas Capelinha","31027","JEQUITINHONHA"
313655,"José Raydan","Minas Gerais","Sudeste","31102","Pecanha Sao Joao Evangelista Santa Maria Do Suacui","31102","LESTE"
313657,"Josenópolis","Minas Gerais","Sudeste","31051","Francisco Sa","31051","NORTE"
313665,"Juatuba","Minas Gerais","Sudeste","31017","Betim","31017","CENTRO"
313670,"Juiz de Fora","Minas Gerais","Sudeste","31097","Juiz De Fora","31097","SUDESTE"
313680,"Juramento","Minas Gerais","Sudeste","31084","Montes Claros","31084","NORTE"
313690,"Juruaia","Minas Gerais","Sudeste","31002","Guaxupe","31002","SUDOESTE"
313695,"Juvenília","Minas Gerais","Sudeste","31076","Manga","31076","NORTE"
313700,"Ladainha","Minas Gerais","Sudeste","31099","Teofilo Otoni Malacacheta","31099","NORDESTE"
313710,"Lagamar","Minas Gerais","Sudeste","31057","Patos De Minas","31057","NOROESTE"
313720,"Lagoa da Prata","Minas Gerais","Sudeste","31087","Lagoa Da Prata Santo Antonio Do Monte","31087","OESTE"
313730,"Lagoa dos Patos","Minas Gerais","Sudeste","31050","Coracao De Jesus","31050","NORTE"
313740,"Lagoa Dourada","Minas Gerais","Sudeste","31015","Sao Joao Del Rei","31015","CENTRO SUL"
313750,"Lagoa Formosa","Minas Gerais","Sudeste","31057","Patos De Minas","31057","NOROESTE"
313753,"Lagoa Grande","Minas Gerais","Sudeste","31077","Joao Pinheiro","31077","NOROESTE"
313760,"Lagoa Santa","Minas Gerais","Sudeste","31025","Vespasiano Lagoa Santa","31025","CENTRO"
313770,"Lajinha","Minas Gerais","Sudeste","31059","Manhuacu","31059","LESTE DO SUL"
313780,"Lambari","Minas Gerais","Sudeste","31008","Sao Lourenco","31008","SUL"
313790,"Lamim","Minas Gerais","Sudeste","31079","Conselheiro Lafaiete","31079","CENTRO SUL"
313800,"Laranjal","Minas Gerais","Sudeste","31044","Leopoldina Cataguases","31044","SUDESTE"
313810,"Lassance","Minas Gerais","Sudeste","31055","Pirapora","31055","NORTE"
313820,"Lavras","Minas Gerais","Sudeste","31004","Lavras","31004","SUL"
313830,"Leandro Ferreira","Minas Gerais","Sudeste","31032","Para De Minas Nova Serrana","31032","OESTE"
313835,"Leme do Prado","Minas Gerais","Sudeste","31027","Turmalina Minas Novas Capelinha","31027","JEQUITINHONHA"
313840,"Leopoldina","Minas Gerais","Sudeste","31044","Leopoldina Cataguases","31044","SUDESTE"
313850,"Liberdade","Minas Gerais","Sudeste","31090","Lima Duarte","31090","SUDESTE"
313860,"Lima Duarte","Minas Gerais","Sudeste","31090","Lima Duarte","31090","SUDESTE"
313862,"Limeira do Oeste","Minas Gerais","Sudeste","31071","Frutal   Iturama","31071","TRIANGULO DO SUL"
313865,"Lontra","Minas Gerais","Sudeste","31101","Brasilia De Minas","31101","NORTE"
313867,"Luisburgo","Minas Gerais","Sudeste","31059","Manhuacu","31059","LESTE DO SUL"
313868,"Luislândia","Minas Gerais","Sudeste","31101","Brasilia De Minas","31101","NORTE"
313870,"Luminárias","Minas Gerais","Sudeste","31004","Lavras","31004","SUL"
313880,"Luz","Minas Gerais","Sudeste","31028","Bom Despacho","31028","OESTE"
313890,"Machacalis","Minas Gerais","Sudeste","31062","Aguas Formosas","31062","NORDESTE"
313900,"Machado","Minas Gerais","Sudeste","31001","Alfenas Machado","31001","SUDOESTE"
313910,"Madre de Deus de Minas","Minas Gerais","Sudeste","31015","Sao Joao Del Rei","31015","CENTRO SUL"
313920,"Malacacheta","Minas Gerais","Sudeste","31099","Teofilo Otoni Malacacheta","31099","NORDESTE"
313925,"Mamonas","Minas Gerais","Sudeste","31052","Janauba Monte Azul","31052","NORTE"
313930,"Manga","Minas Gerais","Sudeste","31076","Manga","31076","NORTE"
313940,"Manhuaçu","Minas Gerais","Sudeste","31059","Manhuacu","31059","LESTE DO SUL"
313950,"Manhumirim","Minas Gerais","Sudeste","31059","Manhuacu","31059","LESTE DO SUL"
313960,"Mantena","Minas Gerais","Sudeste","31038","Mantena","31038","LESTE"
313980,"Mar de Espanha","Minas Gerais","Sudeste","31047","Sao Joao Nepomuceno Bicas","31047","SUDESTE"
313970,"Maravilhas","Minas Gerais","Sudeste","31024","Sete Lagoas","31024","CENTRO"
313990,"Maria da Fé","Minas Gerais","Sudeste","31003","Itajuba","31003","EXTREMO SUL"
314000,"Mariana","Minas Gerais","Sudeste","31022","Ouro Preto","31022","CENTRO"
314010,"Marilac","Minas Gerais","Sudeste","31036","Governador Valadares","31036","LESTE"
314015,"Mário Campos","Minas Gerais","Sudeste","31017","Betim","31017","CENTRO"
314020,"Maripá de Minas","Minas Gerais","Sudeste","31047","Sao Joao Nepomuceno Bicas","31047","SUDESTE"
314030,"Marliéria","Minas Gerais","Sudeste","31035","Coronel Fabriciano Timoteo","31035","VALE DO ACO"
314040,"Marmelópolis","Minas Gerais","Sudeste","31003","Itajuba","31003","EXTREMO SUL"
314050,"Martinho Campos","Minas Gerais","Sudeste","31028","Bom Despacho","31028","OESTE"
314053,"Martins Soares","Minas Gerais","Sudeste","31059","Manhuacu","31059","LESTE DO SUL"
314055,"Mata Verde","Minas Gerais","Sudeste","31094","Almenara Jacinto","31094","NORDESTE"
314060,"Materlândia","Minas Gerais","Sudeste","31020","Guanhaes","31020","CENTRO"
314070,"Mateus Leme","Minas Gerais","Sudeste","31017","Betim","31017","CENTRO"
317150,"Mathias Lobato","Minas Gerais","Sudeste","31036","Governador Valadares","31036","LESTE"
314080,"Matias Barbosa","Minas Gerais","Sudeste","31097","Juiz De Fora","31097","SUDESTE"
314085,"Matias Cardoso","Minas Gerais","Sudeste","31052","Janauba Monte Azul","31052","NORTE"
314090,"Matipó","Minas Gerais","Sudeste","31059","Manhuacu","31059","LESTE DO SUL"
314100,"Mato Verde","Minas Gerais","Sudeste","31052","Janauba Monte Azul","31052","NORTE"
314110,"Matozinhos","Minas Gerais","Sudeste","31025","Vespasiano Lagoa Santa","31025","CENTRO"
314120,"Matutina","Minas Gerais","Sudeste","31082","Sao Gotardo","31082","NOROESTE"
314130,"Medeiros","Minas Gerais","Sudeste","31030","Formiga","31030","OESTE"
314140,"Medina","Minas Gerais","Sudeste","31065","Itaobim","31065","NORDESTE"
314150,"Mendes Pimentel","Minas Gerais","Sudeste","31038","Mantena","31038","LESTE"
314160,"Mercês","Minas Gerais","Sudeste","31048","Uba","31048","SUDESTE"
314170,"Mesquita","Minas Gerais","Sudeste","31037","Ipatinga","31037","VALE DO ACO"
314180,"Minas Novas","Minas Gerais","Sudeste","31027","Turmalina Minas Novas Capelinha","31027","JEQUITINHONHA"
314190,"Minduri","Minas Gerais","Sudeste","31008","Sao Lourenco","31008","SUL"
314200,"Mirabela","Minas Gerais","Sudeste","31084","Montes Claros","31084","NORTE"
314210,"Miradouro","Minas Gerais","Sudeste","31045","Muriae","31045","SUDESTE"
314220,"Miraí","Minas Gerais","Sudeste","31045","Muriae","31045","SUDESTE"
314225,"Miravânia","Minas Gerais","Sudeste","31076","Manga","31076","NORTE"
314230,"Moeda","Minas Gerais","Sudeste","31016","Belo Horizonte Nova Lima Santa Luzia","31016","CENTRO"
314240,"Moema","Minas Gerais","Sudeste","31028","Bom Despacho","31028","OESTE"
314250,"Monjolos","Minas Gerais","Sudeste","31019","Curvelo","31019","CENTRO"
314260,"Monsenhor Paulo","Minas Gerais","Sudeste","31012","Varginha","31012","SUL"
314270,"Montalvânia","Minas Gerais","Sudeste","31076","Manga","31076","NORTE"
314280,"Monte Alegre de Minas","Minas Gerais","Sudeste","31075","Uberlandia Araguari","31075","TRIANGULO DO NORTE"
314290,"Monte Azul","Minas Gerais","Sudeste","31052","Janauba Monte Azul","31052","NORTE"
314300,"Monte Belo","Minas Gerais","Sudeste","31002","Guaxupe","31002","SUDOESTE"
314310,"Monte Carmelo","Minas Gerais","Sudeste","31074","Patrocinio Monte Carmelo","31074","TRIANGULO DO NORTE"
314315,"Monte Formoso","Minas Gerais","Sudeste","31065","Itaobim","31065","NORDESTE"
314320,"Monte Santo de Minas","Minas Gerais","Sudeste","31009","Sao Sebastiao Do Paraiso","31009","SUDOESTE"
314340,"Monte Sião","Minas Gerais","Sudeste","31007","Pouso Alegre","31007","EXTREMO SUL"
314330,"Montes Claros","Minas Gerais","Sudeste","31084","Montes Claros","31084","NORTE"
314345,"Montezuma","Minas Gerais","Sudeste","31085","Taiobeiras","31085","NORTE"
314350,"Morada Nova de Minas","Minas Gerais","Sudeste","31024","Sete Lagoas","31024","CENTRO"
314360,"Morro da Garça","Minas Gerais","Sudeste","31019","Curvelo","31019","CENTRO"
314370,"Morro do Pilar","Minas Gerais","Sudeste","31021","Itabira","31021","CENTRO"
314380,"Munhoz","Minas Gerais","Sudeste","31007","Pouso Alegre","31007","EXTREMO SUL"
314390,"Muriaé","Minas Gerais","Sudeste","31045","Muriae","31045","SUDESTE"
314400,"Mutum","Minas Gerais","Sudeste","31059","Manhuacu","31059","LESTE DO SUL"
314410,"Muzambinho","Minas Gerais","Sudeste","31002","Guaxupe","31002","SUDOESTE"
314420,"Nacip Raydan","Minas Gerais","Sudeste","31036","Governador Valadares","31036","LESTE"
314430,"Nanuque","Minas Gerais","Sudeste","31066","Nanuque","31066","NORDESTE"
314435,"Naque","Minas Gerais","Sudeste","31037","Ipatinga","31037","VALE DO ACO"
314437,"Natalândia","Minas Gerais","Sudeste","31058","Unai Paracatu","31058","NOROESTE"
314440,"Natércia","Minas Gerais","Sudeste","31007","Pouso Alegre","31007","EXTREMO SUL"
314450,"Nazareno","Minas Gerais","Sudeste","31015","Sao Joao Del Rei","31015","CENTRO SUL"
314460,"Nepomuceno","Minas Gerais","Sudeste","31004","Lavras","31004","SUL"
314465,"Ninheira","Minas Gerais","Sudeste","31085","Taiobeiras","31085","NORTE"
314467,"Nova Belém","Minas Gerais","Sudeste","31038","Mantena","31038","LESTE"
314470,"Nova Era","Minas Gerais","Sudeste","31023","Joao Monlevade","31023","CENTRO"
314480,"Nova Lima","Minas Gerais","Sudeste","31016","Belo Horizonte Nova Lima Santa Luzia","31016","CENTRO"
314490,"Nova Módica","Minas Gerais","Sudeste","31096","Itambacuri","31096","NORDESTE"
314500,"Nova Ponte","Minas Gerais","Sudeste","31075","Uberlandia Araguari","31075","TRIANGULO DO NORTE"
314505,"Nova Porteirinha","Minas Gerais","Sudeste","31052","Janauba Monte Azul","31052","NORTE"
314510,"Nova Resende","Minas Gerais","Sudeste","31092","Passos","31092","SUDOESTE"
314520,"Nova Serrana","Minas Gerais","Sudeste","31032","Para De Minas Nova Serrana","31032","OESTE"
313660,"Nova União","Minas Gerais","Sudeste","31016","Belo Horizonte Nova Lima Santa Luzia","31016","CENTRO"
314530,"Novo Cruzeiro","Minas Gerais","Sudeste","31099","Teofilo Otoni Malacacheta","31099","NORDESTE"
314535,"Novo Oriente de Minas","Minas Gerais","Sudeste","31099","Teofilo Otoni Malacacheta","31099","NORDESTE"
314537,"Novorizonte","Minas Gerais","Sudeste","31098","Salinas","31098","NORTE"
314540,"Olaria","Minas Gerais","Sudeste","31090","Lima Duarte","31090","SUDESTE"
314545,"Olhos-d'Água","Minas Gerais","Sudeste","31083","Bocaiuva","31083","NORTE"
314550,"Olímpio Noronha","Minas Gerais","Sudeste","31008","Sao Lourenco","31008","SUL"
314560,"Oliveira","Minas Gerais","Sudeste","31088","Oliveira Santo Antonio Do Amparo","31088","OESTE"
314570,"Oliveira Fortes","Minas Gerais","Sudeste","31046","Santos Dumont","31046","SUDESTE"
314580,"Onça de Pitangui","Minas Gerais","Sudeste","31032","Para De Minas Nova Serrana","31032","OESTE"
314585,"Oratórios","Minas Gerais","Sudeste","31060","Ponte Nova","31060","LESTE DO SUL"
314587,"Orizânia","Minas Gerais","Sudeste","31042","Carangola","31042","SUDESTE"
314590,"Ouro Branco","Minas Gerais","Sudeste","31078","Congonhas","31078","CENTRO SUL"
314600,"Ouro Fino","Minas Gerais","Sudeste","31007","Pouso Alegre","31007","EXTREMO SUL"
314610,"Ouro Preto","Minas Gerais","Sudeste","31022","Ouro Preto","31022","CENTRO"
314620,"Ouro Verde de Minas","Minas Gerais","Sudeste","31099","Teofilo Otoni Malacacheta","31099","NORDESTE"
314625,"Padre Carvalho","Minas Gerais","Sudeste","31098","Salinas","31098","NORTE"
314630,"Padre Paraíso","Minas Gerais","Sudeste","31067","Padre Paraiso","31067","NORDESTE"
314655,"Pai Pedro","Minas Gerais","Sudeste","31052","Janauba Monte Azul","31052","NORTE"
314640,"Paineiras","Minas Gerais","Sudeste","31024","Sete Lagoas","31024","CENTRO"
314650,"Pains","Minas Gerais","Sudeste","31030","Formiga","31030","OESTE"
314660,"Paiva","Minas Gerais","Sudeste","31013","Barbacena","31013","CENTRO SUL"
314670,"Palma","Minas Gerais","Sudeste","31044","Leopoldina Cataguases","31044","SUDESTE"
314675,"Palmópolis","Minas Gerais","Sudeste","31094","Almenara Jacinto","31094","NORDESTE"
314690,"Papagaios","Minas Gerais","Sudeste","31024","Sete Lagoas","31024","CENTRO"
314710,"Pará de Minas","Minas Gerais","Sudeste","31032","Para De Minas Nova Serrana","31032","OESTE"
314700,"Paracatu","Minas Gerais","Sudeste","31058","Unai Paracatu","31058","NOROESTE"
314720,"Paraguaçu","Minas Gerais","Sudeste","31001","Alfenas Machado","31001","SUDOESTE"
314730,"Paraisópolis","Minas Gerais","Sudeste","31003","Itajuba","31003","EXTREMO SUL"
314740,"Paraopeba","Minas Gerais","Sudeste","31024","Sete Lagoas","31024","CENTRO"
314760,"Passa Quatro","Minas Gerais","Sudeste","31008","Sao Lourenco","31008","SUL"
314770,"Passa Tempo","Minas Gerais","Sudeste","31088","Oliveira Santo Antonio Do Amparo","31088","OESTE"
314780,"Passa-Vinte","Minas Gerais","Sudeste","31090","Lima Duarte","31090","SUDESTE"
314750,"Passabém","Minas Gerais","Sudeste","31021","Itabira","31021","CENTRO"
314790,"Passos","Minas Gerais","Sudeste","31092","Passos","31092","SUDOESTE"
314795,"Patis","Minas Gerais","Sudeste","31101","Brasilia De Minas","31101","NORTE"
314800,"Patos de Minas","Minas Gerais","Sudeste","31057","Patos De Minas","31057","NOROESTE"
314810,"Patrocínio","Minas Gerais","Sudeste","31074","Patrocinio Monte Carmelo","31074","TRIANGULO DO NORTE"
314820,"Patrocínio do Muriaé","Minas Gerais","Sudeste","31045","Muriae","31045","SUDESTE"
314830,"Paula Cândido","Minas Gerais","Sudeste","31061","Vicosa","31061","LESTE DO SUL"
314840,"Paulistas","Minas Gerais","Sudeste","31102","Pecanha Sao Joao Evangelista Santa Maria Do Suacui","31102","LESTE"
314850,"Pavão","Minas Gerais","Sudeste","31062","Aguas Formosas","31062","NORDESTE"
314860,"Peçanha","Minas Gerais","Sudeste","31102","Pecanha Sao Joao Evangelista Santa Maria Do Suacui","31102","LESTE"
314870,"Pedra Azul","Minas Gerais","Sudeste","31068","Pedra Azul","31068","NORDESTE"
314875,"Pedra Bonita","Minas Gerais","Sudeste","31042","Carangola","31042","SUDESTE"
314880,"Pedra do Anta","Minas Gerais","Sudeste","31061","Vicosa","31061","LESTE DO SUL"
314890,"Pedra do Indaiá","Minas Gerais","Sudeste","31087","Lagoa Da Prata Santo Antonio Do Monte","31087","OESTE"
314900,"Pedra Dourada","Minas Gerais","Sudeste","31042","Carangola","31042","SUDESTE"
314910,"Pedralva","Minas Gerais","Sudeste","31003","Itajuba","31003","EXTREMO SUL"
314915,"Pedras de Maria da Cruz","Minas Gerais","Sudeste","31053","Januaria","31053","NORTE"
314920,"Pedrinópolis","Minas Gerais","Sudeste","31070","Araxa","31070","TRIANGULO DO SUL"
314930,"Pedro Leopoldo","Minas Gerais","Sudeste","31025","Vespasiano Lagoa Santa","31025","CENTRO"
314940,"Pedro Teixeira","Minas Gerais","Sudeste","31090","Lima Duarte","31090","SUDESTE"
314950,"Pequeri","Minas Gerais","Sudeste","31047","Sao Joao Nepomuceno Bicas","31047","SUDESTE"
314960,"Pequi","Minas Gerais","Sudeste","31024","Sete Lagoas","31024","CENTRO"
314970,"Perdigão","Minas Gerais","Sudeste","31086","Divinopolis","31086","OESTE"
314980,"Perdizes","Minas Gerais","Sudeste","31070","Araxa","31070","TRIANGULO DO SUL"
314990,"Perdões","Minas Gerais","Sudeste","31004","Lavras","31004","SUL"
314995,"Periquito","Minas Gerais","Sudeste","31037","Ipatinga","31037","VALE DO ACO"
315000,"Pescador","Minas Gerais","Sudeste","31096","Itambacuri","31096","NORDESTE"
315010,"Piau","Minas Gerais","Sudeste","31097","Juiz De Fora","31097","SUDESTE"
315015,"Piedade de Caratinga","Minas Gerais","Sudeste","31034","Caratinga","31034","VALE DO ACO"
315020,"Piedade de Ponte Nova","Minas Gerais","Sudeste","31060","Ponte Nova","31060","LESTE DO SUL"
315030,"Piedade do Rio Grande","Minas Gerais","Sudeste","31015","Sao Joao Del Rei","31015","CENTRO SUL"
315040,"Piedade dos Gerais","Minas Gerais","Sudeste","31017","Betim","31017","CENTRO"
315050,"Pimenta","Minas Gerais","Sudeste","31093","Piumhi","31093","SUDOESTE"
315053,"Pingo-d'Água","Minas Gerais","Sudeste","31035","Coronel Fabriciano Timoteo","31035","VALE DO ACO"
315057,"Pintópolis","Minas Gerais","Sudeste","31100","Sao Francisco","31100","NORTE"
315060,"Piracema","Minas Gerais","Sudeste","31031","Itauna","31031","OESTE"
315070,"Pirajuba","Minas Gerais","Sudeste","31071","Frutal   Iturama","31071","TRIANGULO DO SUL"
315080,"Piranga","Minas Gerais","Sudeste","31079","Conselheiro Lafaiete","31079","CENTRO SUL"
315090,"Piranguçu","Minas Gerais","Sudeste","31003","Itajuba","31003","EXTREMO SUL"
315100,"Piranguinho","Minas Gerais","Sudeste","31003","Itajuba","31003","EXTREMO SUL"
315110,"Pirapetinga","Minas Gerais","Sudeste","31041","Alem Paraiba","31041","SUDESTE"
315120,"Pirapora","Minas Gerais","Sudeste","31055","Pirapora","31055","NORTE"
315130,"Piraúba","Minas Gerais","Sudeste","31048","Uba","31048","SUDESTE"
315140,"Pitangui","Minas Gerais","Sudeste","31032","Para De Minas Nova Serrana","31032","OESTE"
315150,"Piumhi","Minas Gerais","Sudeste","31093","Piumhi","31093","SUDOESTE"
315160,"Planura","Minas Gerais","Sudeste","31071","Frutal   Iturama","31071","TRIANGULO DO SUL"
315170,"Poço Fundo","Minas Gerais","Sudeste","31001","Alfenas Machado","31001","SUDOESTE"
315180,"Poços de Caldas","Minas Gerais","Sudeste","31006","Pocos De Caldas","31006","EXTREMO SUL"
315190,"Pocrane","Minas Gerais","Sudeste","31059","Manhuacu","31059","LESTE DO SUL"
315200,"Pompéu","Minas Gerais","Sudeste","31024","Sete Lagoas","31024","CENTRO"
315210,"Ponte Nova","Minas Gerais","Sudeste","31060","Ponte Nova","31060","LESTE DO SUL"
315213,"Ponto Chique","Minas Gerais","Sudeste","31055","Pirapora","31055","NORTE"
315217,"Ponto dos Volantes","Minas Gerais","Sudeste","31065","Itaobim","31065","NORDESTE"
315220,"Porteirinha","Minas Gerais","Sudeste","31052","Janauba Monte Azul","31052","NORTE"
315230,"Porto Firme","Minas Gerais","Sudeste","31061","Vicosa","31061","LESTE DO SUL"
315240,"Poté","Minas Gerais","Sudeste","31099","Teofilo Otoni Malacacheta","31099","NORDESTE"
315250,"Pouso Alegre","Minas Gerais","Sudeste","31007","Pouso Alegre","31007","EXTREMO SUL"
315260,"Pouso Alto","Minas Gerais","Sudeste","31008","Sao Lourenco","31008","SUL"
315270,"Prados","Minas Gerais","Sudeste","31015","Sao Joao Del Rei","31015","CENTRO SUL"
315280,"Prata","Minas Gerais","Sudeste","31075","Uberlandia Araguari","31075","TRIANGULO DO NORTE"
315290,"Pratápolis","Minas Gerais","Sudeste","31009","Sao Sebastiao Do Paraiso","31009","SUDOESTE"
315300,"Pratinha","Minas Gerais","Sudeste","31070","Araxa","31070","TRIANGULO DO SUL"
315310,"Presidente Bernardes","Minas Gerais","Sudeste","31048","Uba","31048","SUDESTE"
315320,"Presidente Juscelino","Minas Gerais","Sudeste","31019","Curvelo","31019","CENTRO"
315330,"Presidente Kubitschek","Minas Gerais","Sudeste","31026","Diamantina Itamarandiba","31026","JEQUITINHONHA"
315340,"Presidente Olegário","Minas Gerais","Sudeste","31057","Patos De Minas","31057","NOROESTE"
315360,"Prudente de Morais","Minas Gerais","Sudeste","31024","Sete Lagoas","31024","CENTRO"
315370,"Quartel Geral","Minas Gerais","Sudeste","31024","Sete Lagoas","31024","CENTRO"
315380,"Queluzito","Minas Gerais","Sudeste","31079","Conselheiro Lafaiete","31079","CENTRO SUL"
315390,"Raposos","Minas Gerais","Sudeste","31016","Belo Horizonte Nova Lima Santa Luzia","31016","CENTRO"
315400,"Raul Soares","Minas Gerais","Sudeste","31060","Ponte Nova","31060","LESTE DO SUL"
315410,"Recreio","Minas Gerais","Sudeste","31044","Leopoldina Cataguases","31044","SUDESTE"
315415,"Reduto","Minas Gerais","Sudeste","31059","Manhuacu","31059","LESTE DO SUL"
315420,"Resende Costa","Minas Gerais","Sudeste","31015","Sao Joao Del Rei","31015","CENTRO SUL"
315430,"Resplendor","Minas Gerais","Sudeste","31040","Resplendor","31040","LESTE"
315440,"Ressaquinha","Minas Gerais","Sudeste","31013","Barbacena","31013","CENTRO SUL"
315445,"Riachinho","Minas Gerais","Sudeste","31058","Unai Paracatu","31058","NOROESTE"
315450,"Riacho dos Machados","Minas Gerais","Sudeste","31052","Janauba Monte Azul","31052","NORTE"
315460,"Ribeirão das Neves","Minas Gerais","Sudeste","31016","Belo Horizonte Nova Lima Santa Luzia","31016","CENTRO"
315470,"Ribeirão Vermelho","Minas Gerais","Sudeste","31004","Lavras","31004","SUL"
315480,"Rio Acima","Minas Gerais","Sudeste","31016","Belo Horizonte Nova Lima Santa Luzia","31016","CENTRO"
315490,"Rio Casca","Minas Gerais","Sudeste","31060","Ponte Nova","31060","LESTE DO SUL"
315510,"Rio do Prado","Minas Gerais","Sudeste","31094","Almenara Jacinto","31094","NORDESTE"
315500,"Rio Doce","Minas Gerais","Sudeste","31060","Ponte Nova","31060","LESTE DO SUL"
315520,"Rio Espera","Minas Gerais","Sudeste","31079","Conselheiro Lafaiete","31079","CENTRO SUL"
315530,"Rio Manso","Minas Gerais","Sudeste","31017","Betim","31017","CENTRO"
315540,"Rio Novo","Minas Gerais","Sudeste","31097","Juiz De Fora","31097","SUDESTE"
315550,"Rio Paranaíba","Minas Gerais","Sudeste","31082","Sao Gotardo","31082","NOROESTE"
315560,"Rio Pardo de Minas","Minas Gerais","Sudeste","31085","Taiobeiras","31085","NORTE"
315570,"Rio Piracicaba","Minas Gerais","Sudeste","31023","Joao Monlevade","31023","CENTRO"
315580,"Rio Pomba","Minas Gerais","Sudeste","31048","Uba","31048","SUDESTE"
315590,"Rio Preto","Minas Gerais","Sudeste","31090","Lima Duarte","31090","SUDESTE"
315600,"Rio Vermelho","Minas Gerais","Sudeste","31020","Guanhaes","31020","CENTRO"
315610,"Ritápolis","Minas Gerais","Sudeste","31015","Sao Joao Del Rei","31015","CENTRO SUL"
315620,"Rochedo de Minas","Minas Gerais","Sudeste","31047","Sao Joao Nepomuceno Bicas","31047","SUDESTE"
315630,"Rodeiro","Minas Gerais","Sudeste","31048","Uba","31048","SUDESTE"
315640,"Romaria","Minas Gerais","Sudeste","31074","Patrocinio Monte Carmelo","31074","TRIANGULO DO NORTE"
315645,"Rosário da Limeira","Minas Gerais","Sudeste","31045","Muriae","31045","SUDESTE"
315650,"Rubelita","Minas Gerais","Sudeste","31098","Salinas","31098","NORTE"
315660,"Rubim","Minas Gerais","Sudeste","31094","Almenara Jacinto","31094","NORDESTE"
315670,"Sabará","Minas Gerais","Sudeste","31016","Belo Horizonte Nova Lima Santa Luzia","31016","CENTRO"
315680,"Sabinópolis","Minas Gerais","Sudeste","31020","Guanhaes","31020","CENTRO"
315690,"Sacramento","Minas Gerais","Sudeste","31072","Uberaba","31072","TRIANGULO DO SUL"
315700,"Salinas","Minas Gerais","Sudeste","31098","Salinas","31098","NORTE"
315710,"Salto da Divisa","Minas Gerais","Sudeste","31094","Almenara Jacinto","31094","NORDESTE"
315720,"Santa Bárbara","Minas Gerais","Sudeste","31021","Itabira","31021","CENTRO"
315725,"Santa Bárbara do Leste","Minas Gerais","Sudeste","31034","Caratinga","31034","VALE DO ACO"
315727,"Santa Bárbara do Monte Verde","Minas Gerais","Sudeste","31090","Lima Duarte","31090","SUDESTE"
315730,"Santa Bárbara do Tugúrio","Minas Gerais","Sudeste","31013","Barbacena","31013","CENTRO SUL"
315733,"Santa Cruz de Minas","Minas Gerais","Sudeste","31015","Sao Joao Del Rei","31015","CENTRO SUL"
315737,"Santa Cruz de Salinas","Minas Gerais","Sudeste","31098","Salinas","31098","NORTE"
315740,"Santa Cruz do Escalvado","Minas Gerais","Sudeste","31060","Ponte Nova","31060","LESTE DO SUL"
315750,"Santa Efigênia de Minas","Minas Gerais","Sudeste","31036","Governador Valadares","31036","LESTE"
315760,"Santa Fé de Minas","Minas Gerais","Sudeste","31055","Pirapora","31055","NORTE"
315765,"Santa Helena de Minas","Minas Gerais","Sudeste","31062","Aguas Formosas","31062","NORDESTE"
315770,"Santa Juliana","Minas Gerais","Sudeste","31070","Araxa","31070","TRIANGULO DO SUL"
315780,"Santa Luzia","Minas Gerais","Sudeste","31016","Belo Horizonte Nova Lima Santa Luzia","31016","CENTRO"
315790,"Santa Margarida","Minas Gerais","Sudeste","31059","Manhuacu","31059","LESTE DO SUL"
315800,"Santa Maria de Itabira","Minas Gerais","Sudeste","31021","Itabira","31021","CENTRO"
315810,"Santa Maria do Salto","Minas Gerais","Sudeste","31094","Almenara Jacinto","31094","NORDESTE"
315820,"Santa Maria do Suaçuí","Minas Gerais","Sudeste","31102","Pecanha Sao Joao Evangelista Santa Maria Do Suacui","31102","LESTE"
315920,"Santa Rita de Caldas","Minas Gerais","Sudeste","31006","Pocos De Caldas","31006","EXTREMO SUL"
315940,"Santa Rita de Ibitipoca","Minas Gerais","Sudeste","31013","Barbacena","31013","CENTRO SUL"
315930,"Santa Rita de Jacutinga","Minas Gerais","Sudeste","31090","Lima Duarte","31090","SUDESTE"
315935,"Santa Rita de Minas","Minas Gerais","Sudeste","31034","Caratinga","31034","VALE DO ACO"
315950,"Santa Rita do Itueto","Minas Gerais","Sudeste","31040","Resplendor","31040","LESTE"
315960,"Santa Rita do Sapucaí","Minas Gerais","Sudeste","31007","Pouso Alegre","31007","EXTREMO SUL"
315970,"Santa Rosa da Serra","Minas Gerais","Sudeste","31082","Sao Gotardo","31082","NOROESTE"
315980,"Santa Vitória","Minas Gerais","Sudeste","31073","Ituiutaba","31073","TRIANGULO DO NORTE"
315830,"Santana da Vargem","Minas Gerais","Sudeste","31011","Tres Pontas","31011","SUL"
315840,"Santana de Cataguases","Minas Gerais","Sudeste","31044","Leopoldina Cataguases","31044","SUDESTE"
315850,"Santana de Pirapama","Minas Gerais","Sudeste","31024","Sete Lagoas","31024","CENTRO"
315860,"Santana do Deserto","Minas Gerais","Sudeste","31097","Juiz De Fora","31097","SUDESTE"
315870,"Santana do Garambéu","Minas Gerais","Sudeste","31013","Barbacena","31013","CENTRO SUL"
315880,"Santana do Jacaré","Minas Gerais","Sudeste","31089","Campo Belo","31089","OESTE"
315890,"Santana do Manhuaçu","Minas Gerais","Sudeste","31059","Manhuacu","31059","LESTE DO SUL"
315895,"Santana do Paraíso","Minas Gerais","Sudeste","31037","Ipatinga","31037","VALE DO ACO"
315900,"Santana do Riacho","Minas Gerais","Sudeste","31025","Vespasiano Lagoa Santa","31025","CENTRO"
315910,"Santana dos Montes","Minas Gerais","Sudeste","31079","Conselheiro Lafaiete","31079","CENTRO SUL"
315990,"Santo Antônio do Amparo","Minas Gerais","Sudeste","31088","Oliveira Santo Antonio Do Amparo","31088","OESTE"
316000,"Santo Antônio do Aventureiro","Minas Gerais","Sudeste","31041","Alem Paraiba","31041","SUDESTE"
316010,"Santo Antônio do Grama","Minas Gerais","Sudeste","31060","Ponte Nova","31060","LESTE DO SUL"
316020,"Santo Antônio do Itambé","Minas Gerais","Sudeste","31095","Serro","31095","JEQUITINHONHA"
316030,"Santo Antônio do Jacinto","Minas Gerais","Sudeste","31094","Almenara Jacinto","31094","NORDESTE"
316040,"Santo Antônio do Monte","Minas Gerais","Sudeste","31087","Lagoa Da Prata Santo Antonio Do Monte","31087","OESTE"
316045,"Santo Antônio do Retiro","Minas Gerais","Sudeste","31085","Taiobeiras","31085","NORTE"
316050,"Santo Antônio do Rio Abaixo","Minas Gerais","Sudeste","31021","Itabira","31021","CENTRO"
316060,"Santo Hipólito","Minas Gerais","Sudeste","31019","Curvelo","31019","CENTRO"
316070,"Santos Dumont","Minas Gerais","Sudeste","31046","Santos Dumont","31046","SUDESTE"
316080,"São Bento Abade","Minas Gerais","Sudeste","31010","Tres Coracoes","31010","SUL"
316090,"São Brás do Suaçuí","Minas Gerais","Sudeste","31078","Congonhas","31078","CENTRO SUL"
316095,"São Domingos das Dores","Minas Gerais","Sudeste","31034","Caratinga","31034","VALE DO ACO"
316100,"São Domingos do Prata","Minas Gerais","Sudeste","31023","Joao Monlevade","31023","CENTRO"
316105,"São Félix de Minas","Minas Gerais","Sudeste","31038","Mantena","31038","LESTE"
316110,"São Francisco","Minas Gerais","Sudeste","31100","Sao Francisco","31100","NORTE"
316120,"São Francisco de Paula","Minas Gerais","Sudeste","31088","Oliveira Santo Antonio Do Amparo","31088","OESTE"
316130,"São Francisco de Sales","Minas Gerais","Sudeste","31071","Frutal   Iturama","31071","TRIANGULO DO SUL"
316140,"São Francisco do Glória","Minas Gerais","Sudeste","31045","Muriae","31045","SUDESTE"
316150,"São Geraldo","Minas Gerais","Sudeste","31048","Uba","31048","SUDESTE"
316160,"São Geraldo da Piedade","Minas Gerais","Sudeste","31036","Governador Valadares","31036","LESTE"
316165,"São Geraldo do Baixio","Minas Gerais","Sudeste","31036","Governador Valadares","31036","LESTE"
316170,"São Gonçalo do Abaeté","Minas Gerais","Sudeste","31057","Patos De Minas","31057","NOROESTE"
316180,"São Gonçalo do Pará","Minas Gerais","Sudeste","31086","Divinopolis","31086","OESTE"
316190,"São Gonçalo do Rio Abaixo","Minas Gerais","Sudeste","31021","Itabira","31021","CENTRO"
312550,"São Gonçalo do Rio Preto","Minas Gerais","Sudeste","31026","Diamantina Itamarandiba","31026","JEQUITINHONHA"
316200,"São Gonçalo do Sapucaí","Minas Gerais","Sudeste","31012","Varginha","31012","SUL"
316210,"São Gotardo","Minas Gerais","Sudeste","31082","Sao Gotardo","31082","NOROESTE"
316220,"São João Batista do Glória","Minas Gerais","Sudeste","31092","Passos","31092","SUDOESTE"
316225,"São João da Lagoa","Minas Gerais","Sudeste","31050","Coracao De Jesus","31050","NORTE"
316230,"São João da Mata","Minas Gerais","Sudeste","31007","Pouso Alegre","31007","EXTREMO SUL"
316240,"São João da Ponte","Minas Gerais","Sudeste","31101","Brasilia De Minas","31101","NORTE"
316245,"São João das Missões","Minas Gerais","Sudeste","31076","Manga","31076","NORTE"
316250,"São João del Rei","Minas Gerais","Sudeste","31015","Sao Joao Del Rei","31015","CENTRO SUL"
316255,"São João do Manhuaçu","Minas Gerais","Sudeste","31059","Manhuacu","31059","LESTE DO SUL"
316257,"São João do Manteninha","Minas Gerais","Sudeste","31038","Mantena","31038","LESTE"
316260,"São João do Oriente","Minas Gerais","Sudeste","31037","Ipatinga","31037","VALE DO ACO"
316265,"São João do Pacuí","Minas Gerais","Sudeste","31050","Coracao De Jesus","31050","NORTE"
316270,"São João do Paraíso","Minas Gerais","Sudeste","31085","Taiobeiras","31085","NORTE"
316280,"São João Evangelista","Minas Gerais","Sudeste","31102","Pecanha Sao Joao Evangelista Santa Maria Do Suacui","31102","LESTE"
316290,"São João Nepomuceno","Minas Gerais","Sudeste","31047","Sao Joao Nepomuceno Bicas","31047","SUDESTE"
316292,"São Joaquim de Bicas","Minas Gerais","Sudeste","31017","Betim","31017","CENTRO"
316294,"São José da Barra","Minas Gerais","Sudeste","31092","Passos","31092","SUDOESTE"
316295,"São José da Lapa","Minas Gerais","Sudeste","31025","Vespasiano Lagoa Santa","31025","CENTRO"
316300,"São José da Safira","Minas Gerais","Sudeste","31036","Governador Valadares","31036","LESTE"
316310,"São José da Varginha","Minas Gerais","Sudeste","31032","Para De Minas Nova Serrana","31032","OESTE"
316320,"São José do Alegre","Minas Gerais","Sudeste","31003","Itajuba","31003","EXTREMO SUL"
316330,"São José do Divino","Minas Gerais","Sudeste","31096","Itambacuri","31096","NORDESTE"
316340,"São José do Goiabal","Minas Gerais","Sudeste","31060","Ponte Nova","31060","LESTE DO SUL"
316350,"São José do Jacuri","Minas Gerais","Sudeste","31102","Pecanha Sao Joao Evangelista Santa Maria Do Suacui","31102","LESTE"
316360,"São José do Mantimento","Minas Gerais","Sudeste","31059","Manhuacu","31059","LESTE DO SUL"
316370,"São Lourenço","Minas Gerais","Sudeste","31008","Sao Lourenco","31008","SUL"
316380,"São Miguel do Anta","Minas Gerais","Sudeste","31061","Vicosa","31061","LESTE DO SUL"
316390,"São Pedro da União","Minas Gerais","Sudeste","31002","Guaxupe","31002","SUDOESTE"
316410,"São Pedro do Suaçuí","Minas Gerais","Sudeste","31102","Pecanha Sao Joao Evangelista Santa Maria Do Suacui","31102","LESTE"
316400,"São Pedro dos Ferros","Minas Gerais","Sudeste","31060","Ponte Nova","31060","LESTE DO SUL"
316420,"São Romão","Minas Gerais","Sudeste","31100","Sao Francisco","31100","NORTE"
316430,"São Roque de Minas","Minas Gerais","Sudeste","31093","Piumhi","31093","SUDOESTE"
316440,"São Sebastião da Bela Vista","Minas Gerais","Sudeste","31007","Pouso Alegre","31007","EXTREMO SUL"
316443,"São Sebastião da Vargem Alegre","Minas Gerais","Sudeste","31045","Muriae","31045","SUDESTE"
316447,"São Sebastião do Anta","Minas Gerais","Sudeste","31034","Caratinga","31034","VALE DO ACO"
316450,"São Sebastião do Maranhão","Minas Gerais","Sudeste","31102","Pecanha Sao Joao Evangelista Santa Maria Do Suacui","31102","LESTE"
316460,"São Sebastião do Oeste","Minas Gerais","Sudeste","31086","Divinopolis","31086","OESTE"
316470,"São Sebastião do Paraíso","Minas Gerais","Sudeste","31009","Sao Sebastiao Do Paraiso","31009","SUDOESTE"
316480,"São Sebastião do Rio Preto","Minas Gerais","Sudeste","31021","Itabira","31021","CENTRO"
316490,"São Sebastião do Rio Verde","Minas Gerais","Sudeste","31008","Sao Lourenco","31008","SUL"
316500,"São Tiago","Minas Gerais","Sudeste","31015","Sao Joao Del Rei","31015","CENTRO SUL"
316510,"São Tomás de Aquino","Minas Gerais","Sudeste","31009","Sao Sebastiao Do Paraiso","31009","SUDOESTE"
316520,"São Thomé das Letras","Minas Gerais","Sudeste","31010","Tres Coracoes","31010","SUL"
316530,"São Vicente de Minas","Minas Gerais","Sudeste","31015","Sao Joao Del Rei","31015","CENTRO SUL"
316540,"Sapucaí-Mirim","Minas Gerais","Sudeste","31003","Itajuba","31003","EXTREMO SUL"
316550,"Sardoá","Minas Gerais","Sudeste","31036","Governador Valadares","31036","LESTE"
316553,"Sarzedo","Minas Gerais","Sudeste","31018","Contagem","31018","CENTRO"
316556,"Sem-Peixe","Minas Gerais","Sudeste","31060","Ponte Nova","31060","LESTE DO SUL"
316557,"Senador Amaral","Minas Gerais","Sudeste","31007","Pouso Alegre","31007","EXTREMO SUL"
316560,"Senador Cortes","Minas Gerais","Sudeste","31047","Sao Joao Nepomuceno Bicas","31047","SUDESTE"
316570,"Senador Firmino","Minas Gerais","Sudeste","31048","Uba","31048","SUDESTE"
316580,"Senador José Bento","Minas Gerais","Sudeste","31007","Pouso Alegre","31007","EXTREMO SUL"
316590,"Senador Modestino Gonçalves","Minas Gerais","Sudeste","31026","Diamantina Itamarandiba","31026","JEQUITINHONHA"
316600,"Senhora de Oliveira","Minas Gerais","Sudeste","31079","Conselheiro Lafaiete","31079","CENTRO SUL"
316610,"Senhora do Porto","Minas Gerais","Sudeste","31020","Guanhaes","31020","CENTRO"
316620,"Senhora dos Remédios","Minas Gerais","Sudeste","31013","Barbacena","31013","CENTRO SUL"
316630,"Sericita","Minas Gerais","Sudeste","31060","Ponte Nova","31060","LESTE DO SUL"
316640,"Seritinga","Minas Gerais","Sudeste","31008","Sao Lourenco","31008","SUL"
316650,"Serra Azul de Minas","Minas Gerais","Sudeste","31095","Serro","31095","JEQUITINHONHA"
316660,"Serra da Saudade","Minas Gerais","Sudeste","31028","Bom Despacho","31028","OESTE"
316680,"Serra do Salitre","Minas Gerais","Sudeste","31057","Patos De Minas","31057","NOROESTE"
316670,"Serra dos Aimorés","Minas Gerais","Sudeste","31066","Nanuque","31066","NORDESTE"
316690,"Serrania","Minas Gerais","Sudeste","31001","Alfenas Machado","31001","SUDOESTE"
316695,"Serranópolis de Minas","Minas Gerais","Sudeste","31052","Janauba Monte Azul","31052","NORTE"
316700,"Serranos","Minas Gerais","Sudeste","31008","Sao Lourenco","31008","SUL"
316710,"Serro","Minas Gerais","Sudeste","31095","Serro","31095","JEQUITINHONHA"
316720,"Sete Lagoas","Minas Gerais","Sudeste","31024","Sete Lagoas","31024","CENTRO"
316555,"Setubinha","Minas Gerais","Sudeste","31099","Teofilo Otoni Malacacheta","31099","NORDESTE"
316730,"Silveirânia","Minas Gerais","Sudeste","31048","Uba","31048","SUDESTE"
316740,"Silvianópolis","Minas Gerais","Sudeste","31007","Pouso Alegre","31007","EXTREMO SUL"
316750,"Simão Pereira","Minas Gerais","Sudeste","31097","Juiz De Fora","31097","SUDESTE"
316760,"Simonésia","Minas Gerais","Sudeste","31059","Manhuacu","31059","LESTE DO SUL"
316770,"Sobrália","Minas Gerais","Sudeste","31036","Governador Valadares","31036","LESTE"
316780,"Soledade de Minas","Minas Gerais","Sudeste","31008","Sao Lourenco","31008","SUL"
316790,"Tabuleiro","Minas Gerais","Sudeste","31048","Uba","31048","SUDESTE"
316800,"Taiobeiras","Minas Gerais","Sudeste","31085","Taiobeiras","31085","NORTE"
316805,"Taparuba","Minas Gerais","Sudeste","31059","Manhuacu","31059","LESTE DO SUL"
316810,"Tapira","Minas Gerais","Sudeste","31070","Araxa","31070","TRIANGULO DO SUL"
316820,"Tapiraí","Minas Gerais","Sudeste","31030","Formiga","31030","OESTE"
316830,"Taquaraçu de Minas","Minas Gerais","Sudeste","31016","Belo Horizonte Nova Lima Santa Luzia","31016","CENTRO"
316840,"Tarumirim","Minas Gerais","Sudeste","31036","Governador Valadares","31036","LESTE"
316850,"Teixeiras","Minas Gerais","Sudeste","31061","Vicosa","31061","LESTE DO SUL"
316860,"Teófilo Otoni","Minas Gerais","Sudeste","31099","Teofilo Otoni Malacacheta","31099","NORDESTE"
316870,"Timóteo","Minas Gerais","Sudeste","31035","Coronel Fabriciano Timoteo","31035","VALE DO ACO"
316880,"Tiradentes","Minas Gerais","Sudeste","31015","Sao Joao Del Rei","31015","CENTRO SUL"
316890,"Tiros","Minas Gerais","Sudeste","31082","Sao Gotardo","31082","NOROESTE"
316900,"Tocantins","Minas Gerais","Sudeste","31048","Uba","31048","SUDESTE"
316905,"Tocos do Moji","Minas Gerais","Sudeste","31007","Pouso Alegre","31007","EXTREMO SUL"
316910,"Toledo","Minas Gerais","Sudeste","31007","Pouso Alegre","31007","EXTREMO SUL"
316920,"Tombos","Minas Gerais","Sudeste","31042","Carangola","31042","SUDESTE"
316930,"Três Corações","Minas Gerais","Sudeste","31010","Tres Coracoes","31010","SUL"
316935,"Três Marias","Minas Gerais","Sudeste","31019","Curvelo","31019","CENTRO"
316940,"Três Pontas","Minas Gerais","Sudeste","31011","Tres Pontas","31011","SUL"
316950,"Tumiritinga","Minas Gerais","Sudeste","31036","Governador Valadares","31036","LESTE"
316960,"Tupaciguara","Minas Gerais","Sudeste","31075","Uberlandia Araguari","31075","TRIANGULO DO NORTE"
316970,"Turmalina","Minas Gerais","Sudeste","31027","Turmalina Minas Novas Capelinha","31027","JEQUITINHONHA"
316980,"Turvolândia","Minas Gerais","Sudeste","31007","Pouso Alegre","31007","EXTREMO SUL"
316990,"Ubá","Minas Gerais","Sudeste","31048","Uba","31048","SUDESTE"
317000,"Ubaí","Minas Gerais","Sudeste","31101","Brasilia De Minas","31101","NORTE"
317005,"Ubaporanga","Minas Gerais","Sudeste","31034","Caratinga","31034","VALE DO ACO"
317010,"Uberaba","Minas Gerais","Sudeste","31072","Uberaba","31072","TRIANGULO DO SUL"
317020,"Uberlândia","Minas Gerais","Sudeste","31075","Uberlandia Araguari","31075","TRIANGULO DO NORTE"
317030,"Umburatiba","Minas Gerais","Sudeste","31062","Aguas Formosas","31062","NORDESTE"
317040,"Unaí","Minas Gerais","Sudeste","31058","Unai Paracatu","31058","NOROESTE"
317043,"União de Minas","Minas Gerais","Sudeste","31071","Frutal   Iturama","31071","TRIANGULO DO SUL"
317047,"Uruana de Minas","Minas Gerais","Sudeste","31058","Unai Paracatu","31058","NOROESTE"
317050,"Urucânia","Minas Gerais","Sudeste","31060","Ponte Nova","31060","LESTE DO SUL"
317052,"Urucuia","Minas Gerais","Sudeste","31100","Sao Francisco","31100","NORTE"
317057,"Vargem Alegre","Minas Gerais","Sudeste","31034","Caratinga","31034","VALE DO ACO"
317060,"Vargem Bonita","Minas Gerais","Sudeste","31093","Piumhi","31093","SUDOESTE"
317065,"Vargem Grande do Rio Pardo","Minas Gerais","Sudeste","31085","Taiobeiras","31085","NORTE"
317070,"Varginha","Minas Gerais","Sudeste","31012","Varginha","31012","SUL"
317075,"Varjão de Minas","Minas Gerais","Sudeste","31057","Patos De Minas","31057","NOROESTE"
317080,"Várzea da Palma","Minas Gerais","Sudeste","31055","Pirapora","31055","NORTE"
317090,"Varzelândia","Minas Gerais","Sudeste","31101","Brasilia De Minas","31101","NORTE"
317100,"Vazante","Minas Gerais","Sudeste","31057","Patos De Minas","31057","NOROESTE"
317103,"Verdelândia","Minas Gerais","Sudeste","31052","Janauba Monte Azul","31052","NORTE"
317107,"Veredinha","Minas Gerais","Sudeste","31027","Turmalina Minas Novas Capelinha","31027","JEQUITINHONHA"
317110,"Veríssimo","Minas Gerais","Sudeste","31072","Uberaba","31072","TRIANGULO DO SUL"
317115,"Vermelho Novo","Minas Gerais","Sudeste","31034","Caratinga","31034","VALE DO ACO"
317120,"Vespasiano","Minas Gerais","Sudeste","31025","Vespasiano Lagoa Santa","31025","CENTRO"
317130,"Viçosa","Minas Gerais","Sudeste","31061","Vicosa","31061","LESTE DO SUL"
317140,"Vieiras","Minas Gerais","Sudeste","31045","Muriae","31045","SUDESTE"
317160,"Virgem da Lapa","Minas Gerais","Sudeste","31064","Aracuai","31064","JEQUITINHONHA"
317170,"Virgínia","Minas Gerais","Sudeste","31008","Sao Lourenco","31008","SUL"
317180,"Virginópolis","Minas Gerais","Sudeste","31020","Guanhaes","31020","CENTRO"
317190,"Virgolândia","Minas Gerais","Sudeste","31036","Governador Valadares","31036","LESTE"
317200,"Visconde do Rio Branco","Minas Gerais","Sudeste","31048","Uba","31048","SUDESTE"
317210,"Volta Grande","Minas Gerais","Sudeste","31041","Alem Paraiba","31041","SUDESTE"
317220,"Wenceslau Braz","Minas Gerais","Sudeste","31003","Itajuba","31003","EXTREMO SUL"
320010,"Afonso Cláudio","Espírito Santo","Sudeste","32002","Metropolitana","32002","METROPOLITANA"
320016,"Água Doce do Norte","Espírito Santo","Sudeste","32003","Norte","32003","CENTRAL NORTE"
320013,"Águia Branca","Espírito Santo","Sudeste","32001","Central","32001","CENTRAL NORTE"
320020,"Alegre","Espírito Santo","Sudeste","32004","Sul","32004","SUL"
320030,"Alfredo Chaves","Espírito Santo","Sudeste","32004","Sul","32004","SUL"
320035,"Alto Rio Novo","Espírito Santo","Sudeste","32001","Central","32001","CENTRAL NORTE"
320040,"Anchieta","Espírito Santo","Sudeste","32004","Sul","32004","SUL"
320050,"Apiacá","Espírito Santo","Sudeste","32004","Sul","32004","SUL"
320060,"Aracruz","Espírito Santo","Sudeste","32002","Metropolitana","32002","METROPOLITANA"
320070,"Atilio Vivacqua","Espírito Santo","Sudeste","32004","Sul","32004","SUL"
320080,"Baixo Guandu","Espírito Santo","Sudeste","32001","Central","32001","CENTRAL NORTE"
320090,"Barra de São Francisco","Espírito Santo","Sudeste","32003","Norte","32003","CENTRAL NORTE"
320100,"Boa Esperança","Espírito Santo","Sudeste","32003","Norte","32003","CENTRAL NORTE"
320110,"Bom Jesus do Norte","Espírito Santo","Sudeste","32004","Sul","32004","SUL"
320115,"Brejetuba","Espírito Santo","Sudeste","32002","Metropolitana","32002","METROPOLITANA"
320120,"Cachoeiro de Itapemirim","Espírito Santo","Sudeste","32004","Sul","32004","SUL"
320130,"Cariacica","Espírito Santo","Sudeste","32002","Metropolitana","32002","METROPOLITANA"
320140,"Castelo","Espírito Santo","Sudeste","32004","Sul","32004","SUL"
320150,"Colatina","Espírito Santo","Sudeste","32001","Central","32001","CENTRAL NORTE"
320160,"Conceição da Barra","Espírito Santo","Sudeste","32003","Norte","32003","CENTRAL NORTE"
320170,"Conceição do Castelo","Espírito Santo","Sudeste","32002","Metropolitana","32002","METROPOLITANA"
320180,"Divino de São Lourenço","Espírito Santo","Sudeste","32004","Sul","32004","SUL"
320190,"Domingos Martins","Espírito Santo","Sudeste","32002","Metropolitana","32002","METROPOLITANA"
320200,"Dores do Rio Preto","Espírito Santo","Sudeste","32004","Sul","32004","SUL"
320210,"Ecoporanga","Espírito Santo","Sudeste","32003","Norte","32003","CENTRAL NORTE"
320220,"Fundão","Espírito Santo","Sudeste","32002","Metropolitana","32002","METROPOLITANA"
320225,"Governador Lindenberg","Espírito Santo","Sudeste","32001","Central","32001","CENTRAL NORTE"
320230,"Guaçuí","Espírito Santo","Sudeste","32004","Sul","32004","SUL"
320240,"Guarapari","Espírito Santo","Sudeste","32002","Metropolitana","32002","METROPOLITANA"
320245,"Ibatiba","Espírito Santo","Sudeste","32002","Metropolitana","32002","METROPOLITANA"
320250,"Ibiraçu","Espírito Santo","Sudeste","32002","Metropolitana","32002","METROPOLITANA"
320255,"Ibitirama","Espírito Santo","Sudeste","32004","Sul","32004","SUL"
320260,"Iconha","Espírito Santo","Sudeste","32004","Sul","32004","SUL"
320265,"Irupi","Espírito Santo","Sudeste","32004","Sul","32004","SUL"
320270,"Itaguaçu","Espírito Santo","Sudeste","32002","Metropolitana","32002","METROPOLITANA"
320280,"Itapemirim","Espírito Santo","Sudeste","32004","Sul","32004","SUL"
320290,"Itarana","Espírito Santo","Sudeste","32002","Metropolitana","32002","METROPOLITANA"
320300,"Iúna","Espírito Santo","Sudeste","32004","Sul","32004","SUL"
320305,"Jaguaré","Espírito Santo","Sudeste","32003","Norte","32003","CENTRAL NORTE"
320310,"Jerônimo Monteiro","Espírito Santo","Sudeste","32004","Sul","32004","SUL"
320313,"João Neiva","Espírito Santo","Sudeste","32002","Metropolitana","32002","METROPOLITANA"
320316,"Laranja da Terra","Espírito Santo","Sudeste","32002","Metropolitana","32002","METROPOLITANA"
320320,"Linhares","Espírito Santo","Sudeste","32001","Central","32001","CENTRAL NORTE"
320330,"Mantenópolis","Espírito Santo","Sudeste","32001","Central","32001","CENTRAL NORTE"
320332,"Marataízes","Espírito Santo","Sudeste","32004","Sul","32004","SUL"
320334,"Marechal Floriano","Espírito Santo","Sudeste","32002","Metropolitana","32002","METROPOLITANA"
320335,"Marilândia","Espírito Santo","Sudeste","32001","Central","32001","CENTRAL NORTE"
320340,"Mimoso do Sul","Espírito Santo","Sudeste","32004","Sul","32004","SUL"
320350,"Montanha","Espírito Santo","Sudeste","32003","Norte","32003","CENTRAL NORTE"
320360,"Mucurici","Espírito Santo","Sudeste","32003","Norte","32003","CENTRAL NORTE"
320370,"Muniz Freire","Espírito Santo","Sudeste","32004","Sul","32004","SUL"
320380,"Muqui","Espírito Santo","Sudeste","32004","Sul","32004","SUL"
320390,"Nova Venécia","Espírito Santo","Sudeste","32003","Norte","32003","CENTRAL NORTE"
320400,"Pancas","Espírito Santo","Sudeste","32001","Central","32001","CENTRAL NORTE"
320405,"Pedro Canário","Espírito Santo","Sudeste","32003","Norte","32003","CENTRAL NORTE"
320410,"Pinheiros","Espírito Santo","Sudeste","32003","Norte","32003","CENTRAL NORTE"
320420,"Piúma","Espírito Santo","Sudeste","32004","Sul","32004","SUL"
320425,"Ponto Belo","Espírito Santo","Sudeste","32003","Norte","32003","CENTRAL NORTE"
320430,"Presidente Kennedy","Espírito Santo","Sudeste","32004","Sul","32004","SUL"
320435,"Rio Bananal","Espírito Santo","Sudeste","32001","Central","32001","CENTRAL NORTE"
320440,"Rio Novo do Sul","Espírito Santo","Sudeste","32004","Sul","32004","SUL"
320450,"Santa Leopoldina","Espírito Santo","Sudeste","32002","Metropolitana","32002","METROPOLITANA"
320455,"Santa Maria de Jetibá","Espírito Santo","Sudeste","32002","Metropolitana","32002","METROPOLITANA"
320460,"Santa Teresa","Espírito Santo","Sudeste","32002","Metropolitana","32002","METROPOLITANA"
320465,"São Domingos do Norte","Espírito Santo","Sudeste","32001","Central","32001","CENTRAL NORTE"
320470,"São Gabriel da Palha","Espírito Santo","Sudeste","32001","Central","32001","CENTRAL NORTE"
320480,"São José do Calçado","Espírito Santo","Sudeste","32004","Sul","32004","SUL"
320490,"São Mateus","Espírito Santo","Sudeste","32003","Norte","32003","CENTRAL NORTE"
320495,"São Roque do Canaã","Espírito Santo","Sudeste","32001","Central","32001","CENTRAL NORTE"
320500,"Serra","Espírito Santo","Sudeste","32002","Metropolitana","32002","METROPOLITANA"
320501,"Sooretama","Espírito Santo","Sudeste","32001","Central","32001","CENTRAL NORTE"
320503,"Vargem Alta","Espírito Santo","Sudeste","32004","Sul","32004","SUL"
320506,"Venda Nova do Imigrante","Espírito Santo","Sudeste","32002","Metropolitana","32002","METROPOLITANA"
320510,"Viana","Espírito Santo","Sudeste","32002","Metropolitana","32002","METROPOLITANA"
320515,"Vila Pavão","Espírito Santo","Sudeste","32003","Norte","32003","CENTRAL NORTE"
320517,"Vila Valério","Espírito Santo","Sudeste","32001","Central","32001","CENTRAL NORTE"
320520,"Vila Velha","Espírito Santo","Sudeste","32002","Metropolitana","32002","METROPOLITANA"
320530,"Vitória","Espírito Santo","Sudeste","32002","Metropolitana","32002","METROPOLITANA"
330010,"Angra dos Reis","Rio de Janeiro","Sudeste","33001","Baia Da Ilha Grande","33001","MACRORREGIAO I"
330015,"Aperibé","Rio de Janeiro","Sudeste","33007","Noroeste","33007","MACRORREGIAO I"
330020,"Araruama","Rio de Janeiro","Sudeste","33002","Baixada Litoranea","33002","MACRORREGIAO I"
330022,"Areal","Rio de Janeiro","Sudeste","33003","Centro-Sul","33003","MACRORREGIAO I"
330023,"Armação dos Búzios","Rio de Janeiro","Sudeste","33002","Baixada Litoranea","33002","MACRORREGIAO I"
330025,"Arraial do Cabo","Rio de Janeiro","Sudeste","33002","Baixada Litoranea","33002","MACRORREGIAO I"
330030,"Barra do Piraí","Rio de Janeiro","Sudeste","33004","Medio Paraiba","33004","MACRORREGIAO I"
330040,"Barra Mansa","Rio de Janeiro","Sudeste","33004","Medio Paraiba","33004","MACRORREGIAO I"
330045,"Belford Roxo","Rio de Janeiro","Sudeste","33005","Metropolitana I","33005","MACRORREGIAO I"
330050,"Bom Jardim","Rio de Janeiro","Sudeste","33009","Serrana","33009","MACRORREGIAO I"
330060,"Bom Jesus do Itabapoana","Rio de Janeiro","Sudeste","33007","Noroeste","33007","MACRORREGIAO I"
330070,"Cabo Frio","Rio de Janeiro","Sudeste","33002","Baixada Litoranea","33002","MACRORREGIAO I"
330080,"Cachoeiras de Macacu","Rio de Janeiro","Sudeste","33009","Serrana","33009","MACRORREGIAO I"
330090,"Cambuci","Rio de Janeiro","Sudeste","33007","Noroeste","33007","MACRORREGIAO I"
330100,"Campos dos Goytacazes","Rio de Janeiro","Sudeste","33008","Norte","33008","MACRORREGIAO I"
330110,"Cantagalo","Rio de Janeiro","Sudeste","33009","Serrana","33009","MACRORREGIAO I"
330093,"Carapebus","Rio de Janeiro","Sudeste","33008","Norte","33008","MACRORREGIAO I"
330115,"Cardoso Moreira","Rio de Janeiro","Sudeste","33007","Noroeste","33007","MACRORREGIAO I"
330120,"Carmo","Rio de Janeiro","Sudeste","33009","Serrana","33009","MACRORREGIAO I"
330130,"Casimiro de Abreu","Rio de Janeiro","Sudeste","33002","Baixada Litoranea","33002","MACRORREGIAO I"
330095,"Comendador Levy Gasparian","Rio de Janeiro","Sudeste","33003","Centro-Sul","33003","MACRORREGIAO I"
330140,"Conceição de Macabu","Rio de Janeiro","Sudeste","33008","Norte","33008","MACRORREGIAO I"
330150,"Cordeiro","Rio de Janeiro","Sudeste","33009","Serrana","33009","MACRORREGIAO I"
330160,"Duas Barras","Rio de Janeiro","Sudeste","33009","Serrana","33009","MACRORREGIAO I"
330170,"Duque de Caxias","Rio de Janeiro","Sudeste","33005","Metropolitana I","33005","MACRORREGIAO I"
330180,"Engenheiro Paulo de Frontin","Rio de Janeiro","Sudeste","33003","Centro-Sul","33003","MACRORREGIAO I"
330185,"Guapimirim","Rio de Janeiro","Sudeste","33009","Serrana","33009","MACRORREGIAO I"
330187,"Iguaba Grande","Rio de Janeiro","Sudeste","33002","Baixada Litoranea","33002","MACRORREGIAO I"
330190,"Itaboraí","Rio de Janeiro","Sudeste","33006","Metropolitana II","33006","MACRORREGIAO I"
330200,"Itaguaí","Rio de Janeiro","Sudeste","33005","Metropolitana I","33005","MACRORREGIAO I"
330205,"Italva","Rio de Janeiro","Sudeste","33007","Noroeste","33007","MACRORREGIAO I"
330210,"Itaocara","Rio de Janeiro","Sudeste","33007","Noroeste","33007","MACRORREGIAO I"
330220,"Itaperuna","Rio de Janeiro","Sudeste","33007","Noroeste","33007","MACRORREGIAO I"
330225,"Itatiaia","Rio de Janeiro","Sudeste","33004","Medio Paraiba","33004","MACRORREGIAO I"
330227,"Japeri","Rio de Janeiro","Sudeste","33005","Metropolitana I","33005","MACRORREGIAO I"
330230,"Laje do Muriaé","Rio de Janeiro","Sudeste","33007","Noroeste","33007","MACRORREGIAO I"
330240,"Macaé","Rio de Janeiro","Sudeste","33008","Norte","33008","MACRORREGIAO I"
330245,"Macuco","Rio de Janeiro","Sudeste","33009","Serrana","33009","MACRORREGIAO I"
330250,"Magé","Rio de Janeiro","Sudeste","33005","Metropolitana I","33005","MACRORREGIAO I"
330260,"Mangaratiba","Rio de Janeiro","Sudeste","33001","Baia Da Ilha Grande","33001","MACRORREGIAO I"
330270,"Maricá","Rio de Janeiro","Sudeste","33006","Metropolitana II","33006","MACRORREGIAO I"
330280,"Mendes","Rio de Janeiro","Sudeste","33003","Centro-Sul","33003","MACRORREGIAO I"
330285,"Mesquita","Rio de Janeiro","Sudeste","33005","Metropolitana I","33005","MACRORREGIAO I"
330290,"Miguel Pereira","Rio de Janeiro","Sudeste","33003","Centro-Sul","33003","MACRORREGIAO I"
330300,"Miracema","Rio de Janeiro","Sudeste","33007","Noroeste","33007","MACRORREGIAO I"
330310,"Natividade","Rio de Janeiro","Sudeste","33007","Noroeste","33007","MACRORREGIAO I"
330320,"Nilópolis","Rio de Janeiro","Sudeste","33005","Metropolitana I","33005","MACRORREGIAO I"
330330,"Niterói","Rio de Janeiro","Sudeste","33006","Metropolitana II","33006","MACRORREGIAO I"
330340,"Nova Friburgo","Rio de Janeiro","Sudeste","33009","Serrana","33009","MACRORREGIAO I"
330350,"Nova Iguaçu","Rio de Janeiro","Sudeste","33005","Metropolitana I","33005","MACRORREGIAO I"
330360,"Paracambi","Rio de Janeiro","Sudeste","33003","Centro-Sul","33003","MACRORREGIAO I"
330370,"Paraíba do Sul","Rio de Janeiro","Sudeste","33003","Centro-Sul","33003","MACRORREGIAO I"
330380,"Paraty","Rio de Janeiro","Sudeste","33001","Baia Da Ilha Grande","33001","MACRORREGIAO I"
330385,"Paty do Alferes","Rio de Janeiro","Sudeste","33003","Centro-Sul","33003","MACRORREGIAO I"
330390,"Petrópolis","Rio de Janeiro","Sudeste","33009","Serrana","33009","MACRORREGIAO I"
330395,"Pinheiral","Rio de Janeiro","Sudeste","33004","Medio Paraiba","33004","MACRORREGIAO I"
330400,"Piraí","Rio de Janeiro","Sudeste","33004","Medio Paraiba","33004","MACRORREGIAO I"
330410,"Porciúncula","Rio de Janeiro","Sudeste","33007","Noroeste","33007","MACRORREGIAO I"
330411,"Porto Real","Rio de Janeiro","Sudeste","33004","Medio Paraiba","33004","MACRORREGIAO I"
330412,"Quatis","Rio de Janeiro","Sudeste","33004","Medio Paraiba","33004","MACRORREGIAO I"
330414,"Queimados","Rio de Janeiro","Sudeste","33005","Metropolitana I","33005","MACRORREGIAO I"
330415,"Quissamã","Rio de Janeiro","Sudeste","33008","Norte","33008","MACRORREGIAO I"
330420,"Resende","Rio de Janeiro","Sudeste","33004","Medio Paraiba","33004","MACRORREGIAO I"
330430,"Rio Bonito","Rio de Janeiro","Sudeste","33006","Metropolitana II","33006","MACRORREGIAO I"
330440,"Rio Claro","Rio de Janeiro","Sudeste","33004","Medio Paraiba","33004","MACRORREGIAO I"
330450,"Rio das Flores","Rio de Janeiro","Sudeste","33004","Medio Paraiba","33004","MACRORREGIAO I"
330452,"Rio das Ostras","Rio de Janeiro","Sudeste","33002","Baixada Litoranea","33002","MACRORREGIAO I"
330455,"Rio de Janeiro","Rio de Janeiro","Sudeste","33005","Metropolitana I","33005","MACRORREGIAO I"
330460,"Santa Maria Madalena","Rio de Janeiro","Sudeste","33009","Serrana","33009","MACRORREGIAO I"
330470,"Santo Antônio de Pádua","Rio de Janeiro","Sudeste","33007","Noroeste","33007","MACRORREGIAO I"
330480,"São Fidélis","Rio de Janeiro","Sudeste","33008","Norte","33008","MACRORREGIAO I"
330475,"São Francisco de Itabapoana","Rio de Janeiro","Sudeste","33008","Norte","33008","MACRORREGIAO I"
330490,"São Gonçalo","Rio de Janeiro","Sudeste","33006","Metropolitana II","33006","MACRORREGIAO I"
330500,"São João da Barra","Rio de Janeiro","Sudeste","33008","Norte","33008","MACRORREGIAO I"
330510,"São João de Meriti","Rio de Janeiro","Sudeste","33005","Metropolitana I","33005","MACRORREGIAO I"
330513,"São José de Ubá","Rio de Janeiro","Sudeste","33007","Noroeste","33007","MACRORREGIAO I"
330515,"São José do Vale do Rio Preto","Rio de Janeiro","Sudeste","33009","Serrana","33009","MACRORREGIAO I"
330520,"São Pedro da Aldeia","Rio de Janeiro","Sudeste","33002","Baixada Litoranea","33002","MACRORREGIAO I"
330530,"São Sebastião do Alto","Rio de Janeiro","Sudeste","33009","Serrana","33009","MACRORREGIAO I"
330540,"Sapucaia","Rio de Janeiro","Sudeste","33003","Centro-Sul","33003","MACRORREGIAO I"
330550,"Saquarema","Rio de Janeiro","Sudeste","33002","Baixada Litoranea","33002","MACRORREGIAO I"
330555,"Seropédica","Rio de Janeiro","Sudeste","33005","Metropolitana I","33005","MACRORREGIAO I"
330560,"Silva Jardim","Rio de Janeiro","Sudeste","33006","Metropolitana II","33006","MACRORREGIAO I"
330570,"Sumidouro","Rio de Janeiro","Sudeste","33009","Serrana","33009","MACRORREGIAO I"
330575,"Tanguá","Rio de Janeiro","Sudeste","33006","Metropolitana II","33006","MACRORREGIAO I"
330580,"Teresópolis","Rio de Janeiro","Sudeste","33009","Serrana","33009","MACRORREGIAO I"
330590,"Trajano de Moraes","Rio de Janeiro","Sudeste","33009","Serrana","33009","MACRORREGIAO I"
330600,"Três Rios","Rio de Janeiro","Sudeste","33003","Centro-Sul","33003","MACRORREGIAO I"
330610,"Valença","Rio de Janeiro","Sudeste","33004","Medio Paraiba","33004","MACRORREGIAO I"
330615,"Varre-Sai","Rio de Janeiro","Sudeste","33007","Noroeste","33007","MACRORREGIAO I"
330620,"Vassouras","Rio de Janeiro","Sudeste","33003","Centro-Sul","33003","MACRORREGIAO I"
330630,"Volta Redonda","Rio de Janeiro","Sudeste","33004","Medio Paraiba","33004","MACRORREGIAO I"
350010,"Adamantina","São Paulo","Sudeste","35091","Adamantina","35091","RRAS10"
350020,"Adolfo","São Paulo","Sudeste","35156","Jose Bonifacio","35156","RRAS12"
350030,"Aguaí","São Paulo","Sudeste","35142","Mantiqueira","35142","RRAS15"
350040,"Águas da Prata","São Paulo","Sudeste","35142","Mantiqueira","35142","RRAS15"
350050,"Águas de Lindóia","São Paulo","Sudeste","35074","Circuito Das Aguas","35074","RRAS15"
350055,"Águas de Santa Bárbara","São Paulo","Sudeste","35061","Vale Do Jurumirim","35061","RRAS9"
350060,"Águas de São Pedro","São Paulo","Sudeste","35103","Piracicaba","35103","RRAS14"
350070,"Agudos","São Paulo","Sudeste","35062","Bauru","35062","RRAS9"
350075,"Alambari","São Paulo","Sudeste","35161","Itapetininga","35161","RRAS8"
350080,"Alfredo Marcondes","São Paulo","Sudeste","35112","Alta Sorocabana","35112","RRAS11"
350090,"Altair","São Paulo","Sudeste","35051","Norte - Barretos","35051","RRAS13"
350100,"Altinópolis","São Paulo","Sudeste","35133","Vale Das Cachoeiras","35133","RRAS13"
350110,"Alto Alegre","São Paulo","Sudeste","35023","Consorcios Do Drs II","35023","RRAS12"
350115,"Alumínio","São Paulo","Sudeste","35163","Sorocaba","35163","RRAS8"
350120,"Álvares Florence","São Paulo","Sudeste","35157","Votuporanga","35157","RRAS12"
350130,"Álvares Machado","São Paulo","Sudeste","35112","Alta Sorocabana","35112","RRAS11"
350140,"Álvaro de Carvalho","São Paulo","Sudeste","35093","Marilia","35093","RRAS10"
350150,"Alvinlândia","São Paulo","Sudeste","35093","Marilia","35093","RRAS10"
350160,"Americana","São Paulo","Sudeste","35072","Regiao Metropolitana De Campinas","35072","RRAS15"
350170,"Américo Brasiliense","São Paulo","Sudeste","35031","Central Do Drs III","35031","RRAS 18"
350180,"Américo de Campos","São Paulo","Sudeste","35157","Votuporanga","35157","RRAS12"
350190,"Amparo","São Paulo","Sudeste","35074","Circuito Das Aguas","35074","RRAS15"
350200,"Analândia","São Paulo","Sudeste","35104","Rio Claro","35104","RRAS14"
350210,"Andradina","São Paulo","Sudeste","35022","Lagos Do Drs II","35022","RRAS12"
350220,"Angatuba","São Paulo","Sudeste","35161","Itapetininga","35161","RRAS8"
350230,"Anhembi","São Paulo","Sudeste","35063","Polo Cuesta","35063","RRAS9"
350240,"Anhumas","São Paulo","Sudeste","35112","Alta Sorocabana","35112","RRAS11"
350250,"Aparecida","São Paulo","Sudeste","35172","Circuito Da Fe E Vale Historico","35172","RRAS17"
350260,"Aparecida d'Oeste","São Paulo","Sudeste","35153","Jales","35153","RRAS12"
350270,"Apiaí","São Paulo","Sudeste","35162","Itapeva","35162","RRAS8"
350275,"Araçariguama","São Paulo","Sudeste","35163","Sorocaba","35163","RRAS8"
350280,"Araçatuba","São Paulo","Sudeste","35021","Central Do Drs II","35021","RRAS12"
350290,"Araçoiaba da Serra","São Paulo","Sudeste","35163","Sorocaba","35163","RRAS8"
350300,"Aramina","São Paulo","Sudeste","35083","Alta Mogiana","35083","RRAS13"
350310,"Arandu","São Paulo","Sudeste","35061","Vale Do Jurumirim","35061","RRAS9"
350315,"Arapeí","São Paulo","Sudeste","35172","Circuito Da Fe E Vale Historico","35172","RRAS17"
350320,"Araraquara","São Paulo","Sudeste","35031","Central Do Drs III","35031","RRAS 18"
350330,"Araras","São Paulo","Sudeste","35101","Araras","35101","RRAS14"
350335,"Arco-Íris","São Paulo","Sudeste","35095","Tupa","35095","RRAS10"
350340,"Arealva","São Paulo","Sudeste","35062","Bauru","35062","RRAS9"
350350,"Areias","São Paulo","Sudeste","35172","Circuito Da Fe E Vale Historico","35172","RRAS17"
350360,"Areiópolis","São Paulo","Sudeste","35063","Polo Cuesta","35063","RRAS9"
350370,"Ariranha","São Paulo","Sudeste","35151","Catanduva","35151","RRAS12"
350380,"Artur Nogueira","São Paulo","Sudeste","35072","Regiao Metropolitana De Campinas","35072","RRAS15"
350390,"Arujá","São Paulo","Sudeste","35011","Alto Do Tiete","35011","RRAS2"
350395,"Aspásia","São Paulo","Sudeste","35153","Jales","35153","RRAS12"
350400,"Assis","São Paulo","Sudeste","35092","Assis","35092","RRAS10"
350410,"Atibaia","São Paulo","Sudeste","35071","Braganca","35071","RRAS16"
350420,"Auriflama","São Paulo","Sudeste","35021","Central Do Drs II","35021","RRAS12"
350430,"Avaí","São Paulo","Sudeste","35062","Bauru","35062","RRAS9"
350440,"Avanhandava","São Paulo","Sudeste","35023","Consorcios Do Drs II","35023","RRAS12"
350450,"Avaré","São Paulo","Sudeste","35061","Vale Do Jurumirim","35061","RRAS9"
350460,"Bady Bassitt","São Paulo","Sudeste","35155","Sao Jose Do Rio Preto","35155","RRAS12"
350470,"Balbinos","São Paulo","Sudeste","35062","Bauru","35062","RRAS9"
350480,"Bálsamo","São Paulo","Sudeste","35155","Sao Jose Do Rio Preto","35155","RRAS12"
350490,"Bananal","São Paulo","Sudeste","35172","Circuito Da Fe E Vale Historico","35172","RRAS17"
350500,"Barão de Antonina","São Paulo","Sudeste","35061","Vale Do Jurumirim","35061","RRAS9"
350510,"Barbosa","São Paulo","Sudeste","35023","Consorcios Do Drs II","35023","RRAS12"
350520,"Bariri","São Paulo","Sudeste","35064","Jau","35064","RRAS9"
350530,"Barra Bonita","São Paulo","Sudeste","35064","Jau","35064","RRAS9"
350535,"Barra do Chapéu","São Paulo","Sudeste","35162","Itapeva","35162","RRAS8"
350540,"Barra do Turvo","São Paulo","Sudeste","35121","Vale Do Ribeira","35121","RRAS7"
350550,"Barretos","São Paulo","Sudeste","35051","Norte - Barretos","35051","RRAS13"
350560,"Barrinha","São Paulo","Sudeste","35131","Horizonte Verde","35131","RRAS13"
350570,"Barueri","São Paulo","Sudeste","35014","Rota Dos Bandeirantes","35014","RRAS5"
350580,"Bastos","São Paulo","Sudeste","35095","Tupa","35095","RRAS10"
350590,"Batatais","São Paulo","Sudeste","35133","Vale Das Cachoeiras","35133","RRAS13"
350600,"Bauru","São Paulo","Sudeste","35062","Bauru","35062","RRAS9"
350610,"Bebedouro","São Paulo","Sudeste","35052","Sul - Barretos","35052","RRAS13"
350620,"Bento de Abreu","São Paulo","Sudeste","35021","Central Do Drs II","35021","RRAS12"
350630,"Bernardino de Campos","São Paulo","Sudeste","35094","Ourinhos","35094","RRAS10"
350635,"Bertioga","São Paulo","Sudeste","35041","Baixada Santista","35041","RRAS7"
350640,"Bilac","São Paulo","Sudeste","35021","Central Do Drs II","35021","RRAS12"
350650,"Birigui","São Paulo","Sudeste","35023","Consorcios Do Drs II","35023","RRAS12"
350660,"Biritiba-Mirim","São Paulo","Sudeste","35011","Alto Do Tiete","35011","RRAS2"
350670,"Boa Esperança do Sul","São Paulo","Sudeste","35031","Central Do Drs III","35031","RRAS 18"
350680,"Bocaina","São Paulo","Sudeste","35064","Jau","35064","RRAS9"
350690,"Bofete","São Paulo","Sudeste","35063","Polo Cuesta","35063","RRAS9"
350700,"Boituva","São Paulo","Sudeste","35163","Sorocaba","35163","RRAS8"
350710,"Bom Jesus dos Perdões","São Paulo","Sudeste","35071","Braganca","35071","RRAS16"
350715,"Bom Sucesso de Itararé","São Paulo","Sudeste","35162","Itapeva","35162","RRAS8"
350720,"Borá","São Paulo","Sudeste","35092","Assis","35092","RRAS10"
350730,"Boracéia","São Paulo","Sudeste","35064","Jau","35064","RRAS9"
350740,"Borborema","São Paulo","Sudeste","35033","Noroeste Do Drs III","35033","RRAS 18"
350745,"Borebi","São Paulo","Sudeste","35062","Bauru","35062","RRAS9"
350750,"Botucatu","São Paulo","Sudeste","35063","Polo Cuesta","35063","RRAS9"
350760,"Bragança Paulista","São Paulo","Sudeste","35071","Braganca","35071","RRAS16"
350770,"Braúna","São Paulo","Sudeste","35023","Consorcios Do Drs II","35023","RRAS12"
350775,"Brejo Alegre","São Paulo","Sudeste","35023","Consorcios Do Drs II","35023","RRAS12"
350780,"Brodowski","São Paulo","Sudeste","35133","Vale Das Cachoeiras","35133","RRAS13"
350790,"Brotas","São Paulo","Sudeste","35064","Jau","35064","RRAS9"
350800,"Buri","São Paulo","Sudeste","35162","Itapeva","35162","RRAS8"
350810,"Buritama","São Paulo","Sudeste","35023","Consorcios Do Drs II","35023","RRAS12"
350820,"Buritizal","São Paulo","Sudeste","35083","Alta Mogiana","35083","RRAS13"
350830,"Cabrália Paulista","São Paulo","Sudeste","35062","Bauru","35062","RRAS9"
350840,"Cabreúva","São Paulo","Sudeste","35073","Jundiai","35073","RRAS16"
350850,"Caçapava","São Paulo","Sudeste","35171","Alto Vale Do Paraiba","35171","RRAS17"
350860,"Cachoeira Paulista","São Paulo","Sudeste","35172","Circuito Da Fe E Vale Historico","35172","RRAS17"
350870,"Caconde","São Paulo","Sudeste","35143","Rio Pardo","35143","RRAS15"
350880,"Cafelândia","São Paulo","Sudeste","35065","Lins","35065","RRAS9"
350890,"Caiabu","São Paulo","Sudeste","35112","Alta Sorocabana","35112","RRAS11"
350900,"Caieiras","São Paulo","Sudeste","35012","Franco Da Rocha","35012","RRAS3"
350910,"Caiuá","São Paulo","Sudeste","35114","Extremo Oeste Paulista","35114","RRAS11"
350920,"Cajamar","São Paulo","Sudeste","35012","Franco Da Rocha","35012","RRAS3"
350925,"Cajati","São Paulo","Sudeste","35121","Vale Do Ribeira","35121","RRAS7"
350930,"Cajobi","São Paulo","Sudeste","35051","Norte - Barretos","35051","RRAS13"
350940,"Cajuru","São Paulo","Sudeste","35133","Vale Das Cachoeiras","35133","RRAS13"
350945,"Campina do Monte Alegre","São Paulo","Sudeste","35161","Itapetininga","35161","RRAS8"
350950,"Campinas","São Paulo","Sudeste","35072","Regiao Metropolitana De Campinas","35072","RRAS15"
350960,"Campo Limpo Paulista","São Paulo","Sudeste","35073","Jundiai","35073","RRAS16"
350970,"Campos do Jordão","São Paulo","Sudeste","35174","Vale Do Paraiba Regiao Serrana","35174","RRAS17"
350980,"Campos Novos Paulista","São Paulo","Sudeste","35093","Marilia","35093","RRAS10"
350990,"Cananéia","São Paulo","Sudeste","35121","Vale Do Ribeira","35121","RRAS7"
350995,"Canas","São Paulo","Sudeste","35172","Circuito Da Fe E Vale Historico","35172","RRAS17"
351000,"Cândido Mota","São Paulo","Sudeste","35092","Assis","35092","RRAS10"
351010,"Cândido Rodrigues","São Paulo","Sudeste","35033","Noroeste Do Drs III","35033","RRAS 18"
351015,"Canitar","São Paulo","Sudeste","35094","Ourinhos","35094","RRAS10"
351020,"Capão Bonito","São Paulo","Sudeste","35161","Itapetininga","35161","RRAS8"
351030,"Capela do Alto","São Paulo","Sudeste","35163","Sorocaba","35163","RRAS8"
351040,"Capivari","São Paulo","Sudeste","35103","Piracicaba","35103","RRAS14"
351050,"Caraguatatuba","São Paulo","Sudeste","35173","Litoral Norte","35173","RRAS17"
351060,"Carapicuíba","São Paulo","Sudeste","35014","Rota Dos Bandeirantes","35014","RRAS5"
351070,"Cardoso","São Paulo","Sudeste","35157","Votuporanga","35157","RRAS12"
351080,"Casa Branca","São Paulo","Sudeste","35143","Rio Pardo","35143","RRAS15"
351090,"Cássia dos Coqueiros","São Paulo","Sudeste","35133","Vale Das Cachoeiras","35133","RRAS13"
351100,"Castilho","São Paulo","Sudeste","35022","Lagos Do Drs II","35022","RRAS12"
351110,"Catanduva","São Paulo","Sudeste","35151","Catanduva","35151","RRAS12"
351120,"Catiguá","São Paulo","Sudeste","35151","Catanduva","35151","RRAS12"
351130,"Cedral","São Paulo","Sudeste","35155","Sao Jose Do Rio Preto","35155","RRAS12"
351140,"Cerqueira César","São Paulo","Sudeste","35061","Vale Do Jurumirim","35061","RRAS9"
351150,"Cerquilho","São Paulo","Sudeste","35161","Itapetininga","35161","RRAS8"
351160,"Cesário Lange","São Paulo","Sudeste","35161","Itapetininga","35161","RRAS8"
351170,"Charqueada","São Paulo","Sudeste","35103","Piracicaba","35103","RRAS14"
355720,"Chavantes","São Paulo","Sudeste","35094","Ourinhos","35094","RRAS10"
351190,"Clementina","São Paulo","Sudeste","35023","Consorcios Do Drs II","35023","RRAS12"
351200,"Colina","São Paulo","Sudeste","35051","Norte - Barretos","35051","RRAS13"
351210,"Colômbia","São Paulo","Sudeste","35051","Norte - Barretos","35051","RRAS13"
351220,"Conchal","São Paulo","Sudeste","35101","Araras","35101","RRAS14"
351230,"Conchas","São Paulo","Sudeste","35063","Polo Cuesta","35063","RRAS9"
351240,"Cordeirópolis","São Paulo","Sudeste","35102","Limeira","35102","RRAS14"
351250,"Coroados","São Paulo","Sudeste","35023","Consorcios Do Drs II","35023","RRAS12"
351260,"Coronel Macedo","São Paulo","Sudeste","35061","Vale Do Jurumirim","35061","RRAS9"
351270,"Corumbataí","São Paulo","Sudeste","35104","Rio Claro","35104","RRAS14"
351280,"Cosmópolis","São Paulo","Sudeste","35072","Regiao Metropolitana De Campinas","35072","RRAS15"
351290,"Cosmorama","São Paulo","Sudeste","35157","Votuporanga","35157","RRAS12"
351300,"Cotia","São Paulo","Sudeste","35013","Mananciais","35013","RRAS4"
351310,"Cravinhos","São Paulo","Sudeste","35132","Aquifero Guarani","35132","RRAS13"
351320,"Cristais Paulista","São Paulo","Sudeste","35081","Tres Colinas","35081","RRAS13"
351330,"Cruzália","São Paulo","Sudeste","35092","Assis","35092","RRAS10"
351340,"Cruzeiro","São Paulo","Sudeste","35172","Circuito Da Fe E Vale Historico","35172","RRAS17"
351350,"Cubatão","São Paulo","Sudeste","35041","Baixada Santista","35041","RRAS7"
351360,"Cunha","São Paulo","Sudeste","35172","Circuito Da Fe E Vale Historico","35172","RRAS17"
351370,"Descalvado","São Paulo","Sudeste","35032","Coracao Do Drs III","35032","RRAS 18"
351380,"Diadema","São Paulo","Sudeste","35015","Grande Abc","35015","RRAS1"
351385,"Dirce Reis","São Paulo","Sudeste","35153","Jales","35153","RRAS12"
351390,"Divinolândia","São Paulo","Sudeste","35143","Rio Pardo","35143","RRAS15"
351400,"Dobrada","São Paulo","Sudeste","35033","Noroeste Do Drs III","35033","RRAS 18"
351410,"Dois Córregos","São Paulo","Sudeste","35064","Jau","35064","RRAS9"
351420,"Dolcinópolis","São Paulo","Sudeste","35153","Jales","35153","RRAS12"
351430,"Dourado","São Paulo","Sudeste","35032","Coracao Do Drs III","35032","RRAS 18"
351440,"Dracena","São Paulo","Sudeste","35111","Alta Paulista","35111","RRAS11"
351450,"Duartina","São Paulo","Sudeste","35062","Bauru","35062","RRAS9"
351460,"Dumont","São Paulo","Sudeste","35131","Horizonte Verde","35131","RRAS13"
351470,"Echaporã","São Paulo","Sudeste","35093","Marilia","35093","RRAS10"
351480,"Eldorado","São Paulo","Sudeste","35121","Vale Do Ribeira","35121","RRAS7"
351490,"Elias Fausto","São Paulo","Sudeste","35103","Piracicaba","35103","RRAS14"
351492,"Elisiário","São Paulo","Sudeste","35151","Catanduva","35151","RRAS12"
351495,"Embaúba","São Paulo","Sudeste","35151","Catanduva","35151","RRAS12"
351500,"Embu das Artes","São Paulo","Sudeste","35013","Mananciais","35013","RRAS4"
351510,"Embu-Guaçu","São Paulo","Sudeste","35013","Mananciais","35013","RRAS4"
351512,"Emilianópolis","São Paulo","Sudeste","35112","Alta Sorocabana","35112","RRAS11"
351515,"Engenheiro Coelho","São Paulo","Sudeste","35102","Limeira","35102","RRAS14"
351518,"Espírito Santo do Pinhal","São Paulo","Sudeste","35142","Mantiqueira","35142","RRAS15"
351519,"Espírito Santo do Turvo","São Paulo","Sudeste","35094","Ourinhos","35094","RRAS10"
355730,"Estiva Gerbi","São Paulo","Sudeste","35141","Baixa Mogiana","35141","RRAS15"
351520,"Estrela d'Oeste","São Paulo","Sudeste","35154","Fernandopolis","35154","RRAS12"
351530,"Estrela do Norte","São Paulo","Sudeste","35112","Alta Sorocabana","35112","RRAS11"
351535,"Euclides da Cunha Paulista","São Paulo","Sudeste","35115","Pontal Do Paranapanema","35115","RRAS11"
351540,"Fartura","São Paulo","Sudeste","35061","Vale Do Jurumirim","35061","RRAS9"
351560,"Fernando Prestes","São Paulo","Sudeste","35151","Catanduva","35151","RRAS12"
351550,"Fernandópolis","São Paulo","Sudeste","35154","Fernandopolis","35154","RRAS12"
351565,"Fernão","São Paulo","Sudeste","35093","Marilia","35093","RRAS10"
351570,"Ferraz de Vasconcelos","São Paulo","Sudeste","35011","Alto Do Tiete","35011","RRAS2"
351580,"Flora Rica","São Paulo","Sudeste","35111","Alta Paulista","35111","RRAS11"
351590,"Floreal","São Paulo","Sudeste","35157","Votuporanga","35157","RRAS12"
351600,"Flórida Paulista","São Paulo","Sudeste","35091","Adamantina","35091","RRAS10"
351610,"Florínia","São Paulo","Sudeste","35092","Assis","35092","RRAS10"
351620,"Franca","São Paulo","Sudeste","35081","Tres Colinas","35081","RRAS13"
351630,"Francisco Morato","São Paulo","Sudeste","35012","Franco Da Rocha","35012","RRAS3"
351640,"Franco da Rocha","São Paulo","Sudeste","35012","Franco Da Rocha","35012","RRAS3"
351650,"Gabriel Monteiro","São Paulo","Sudeste","35023","Consorcios Do Drs II","35023","RRAS12"
351660,"Gália","São Paulo","Sudeste","35093","Marilia","35093","RRAS10"
351670,"Garça","São Paulo","Sudeste","35093","Marilia","35093","RRAS10"
351680,"Gastão Vidigal","São Paulo","Sudeste","35157","Votuporanga","35157","RRAS12"
351685,"Gavião Peixoto","São Paulo","Sudeste","35031","Central Do Drs III","35031","RRAS 18"
351690,"General Salgado","São Paulo","Sudeste","35157","Votuporanga","35157","RRAS12"
351700,"Getulina","São Paulo","Sudeste","35065","Lins","35065","RRAS9"
351710,"Glicério","São Paulo","Sudeste","35023","Consorcios Do Drs II","35023","RRAS12"
351720,"Guaiçara","São Paulo","Sudeste","35065","Lins","35065","RRAS9"
351730,"Guaimbê","São Paulo","Sudeste","35093","Marilia","35093","RRAS10"
351740,"Guaíra","São Paulo","Sudeste","35051","Norte - Barretos","35051","RRAS13"
351750,"Guapiaçu","São Paulo","Sudeste","35155","Sao Jose Do Rio Preto","35155","RRAS12"
351760,"Guapiara","São Paulo","Sudeste","35162","Itapeva","35162","RRAS8"
351770,"Guará","São Paulo","Sudeste","35083","Alta Mogiana","35083","RRAS13"
351780,"Guaraçaí","São Paulo","Sudeste","35022","Lagos Do Drs II","35022","RRAS12"
351790,"Guaraci","São Paulo","Sudeste","35051","Norte - Barretos","35051","RRAS13"
351800,"Guarani d'Oeste","São Paulo","Sudeste","35154","Fernandopolis","35154","RRAS12"
351810,"Guarantã","São Paulo","Sudeste","35093","Marilia","35093","RRAS10"
351820,"Guararapes","São Paulo","Sudeste","35021","Central Do Drs II","35021","RRAS12"
351830,"Guararema","São Paulo","Sudeste","35011","Alto Do Tiete","35011","RRAS2"
351840,"Guaratinguetá","São Paulo","Sudeste","35172","Circuito Da Fe E Vale Historico","35172","RRAS17"
351850,"Guareí","São Paulo","Sudeste","35161","Itapetininga","35161","RRAS8"
351860,"Guariba","São Paulo","Sudeste","35131","Horizonte Verde","35131","RRAS13"
351870,"Guarujá","São Paulo","Sudeste","35041","Baixada Santista","35041","RRAS7"
351880,"Guarulhos","São Paulo","Sudeste","35011","Alto Do Tiete","35011","RRAS2"
351885,"Guatapará","São Paulo","Sudeste","35132","Aquifero Guarani","35132","RRAS13"
351890,"Guzolândia","São Paulo","Sudeste","35021","Central Do Drs II","35021","RRAS12"
351900,"Herculândia","São Paulo","Sudeste","35095","Tupa","35095","RRAS10"
351905,"Holambra","São Paulo","Sudeste","35072","Regiao Metropolitana De Campinas","35072","RRAS15"
351907,"Hortolândia","São Paulo","Sudeste","35072","Regiao Metropolitana De Campinas","35072","RRAS15"
351910,"Iacanga","São Paulo","Sudeste","35062","Bauru","35062","RRAS9"
351920,"Iacri","São Paulo","Sudeste","35095","Tupa","35095","RRAS10"
351925,"Iaras","São Paulo","Sudeste","35061","Vale Do Jurumirim","35061","RRAS9"
351930,"Ibaté","São Paulo","Sudeste","35032","Coracao Do Drs III","35032","RRAS 18"
351940,"Ibirá","São Paulo","Sudeste","35155","Sao Jose Do Rio Preto","35155","RRAS12"
351950,"Ibirarema","São Paulo","Sudeste","35094","Ourinhos","35094","RRAS10"
351960,"Ibitinga","São Paulo","Sudeste","35033","Noroeste Do Drs III","35033","RRAS 18"
351970,"Ibiúna","São Paulo","Sudeste","35163","Sorocaba","35163","RRAS8"
351980,"Icém","São Paulo","Sudeste","35155","Sao Jose Do Rio Preto","35155","RRAS12"
351990,"Iepê","São Paulo","Sudeste","35113","Alto Capivari","35113","RRAS11"
352000,"Igaraçu do Tietê","São Paulo","Sudeste","35064","Jau","35064","RRAS9"
352010,"Igarapava","São Paulo","Sudeste","35083","Alta Mogiana","35083","RRAS13"
352020,"Igaratá","São Paulo","Sudeste","35171","Alto Vale Do Paraiba","35171","RRAS17"
352030,"Iguape","São Paulo","Sudeste","35121","Vale Do Ribeira","35121","RRAS7"
352042,"Ilha Comprida","São Paulo","Sudeste","35121","Vale Do Ribeira","35121","RRAS7"
352044,"Ilha Solteira","São Paulo","Sudeste","35022","Lagos Do Drs II","35022","RRAS12"
352040,"Ilhabela","São Paulo","Sudeste","35173","Litoral Norte","35173","RRAS17"
352050,"Indaiatuba","São Paulo","Sudeste","35072","Regiao Metropolitana De Campinas","35072","RRAS15"
352060,"Indiana","São Paulo","Sudeste","35112","Alta Sorocabana","35112","RRAS11"
352070,"Indiaporã","São Paulo","Sudeste","35154","Fernandopolis","35154","RRAS12"
352080,"Inúbia Paulista","São Paulo","Sudeste","35091","Adamantina","35091","RRAS10"
352090,"Ipaussu","São Paulo","Sudeste","35094","Ourinhos","35094","RRAS10"
352100,"Iperó","São Paulo","Sudeste","35163","Sorocaba","35163","RRAS8"
352110,"Ipeúna","São Paulo","Sudeste","35104","Rio Claro","35104","RRAS14"
352115,"Ipiguá","São Paulo","Sudeste","35155","Sao Jose Do Rio Preto","35155","RRAS12"
352120,"Iporanga","São Paulo","Sudeste","35121","Vale Do Ribeira","35121","RRAS7"
352130,"Ipuã","São Paulo","Sudeste","35082","Alta Anhanguera","35082","RRAS13"
352140,"Iracemápolis","São Paulo","Sudeste","35102","Limeira","35102","RRAS14"
352150,"Irapuã","São Paulo","Sudeste","35151","Catanduva","35151","RRAS12"
352160,"Irapuru","São Paulo","Sudeste","35111","Alta Paulista","35111","RRAS11"
352170,"Itaberá","São Paulo","Sudeste","35162","Itapeva","35162","RRAS8"
352180,"Itaí","São Paulo","Sudeste","35061","Vale Do Jurumirim","35061","RRAS9"
352190,"Itajobi","São Paulo","Sudeste","35151","Catanduva","35151","RRAS12"
352200,"Itaju","São Paulo","Sudeste","35064","Jau","35064","RRAS9"
352210,"Itanhaém","São Paulo","Sudeste","35041","Baixada Santista","35041","RRAS7"
352215,"Itaóca","São Paulo","Sudeste","35162","Itapeva","35162","RRAS8"
352220,"Itapecerica da Serra","São Paulo","Sudeste","35013","Mananciais","35013","RRAS4"
352230,"Itapetininga","São Paulo","Sudeste","35161","Itapetininga","35161","RRAS8"
352240,"Itapeva","São Paulo","Sudeste","35162","Itapeva","35162","RRAS8"
352250,"Itapevi","São Paulo","Sudeste","35014","Rota Dos Bandeirantes","35014","RRAS5"
352260,"Itapira","São Paulo","Sudeste","35141","Baixa Mogiana","35141","RRAS15"
352265,"Itapirapuã Paulista","São Paulo","Sudeste","35162","Itapeva","35162","RRAS8"
352270,"Itápolis","São Paulo","Sudeste","35033","Noroeste Do Drs III","35033","RRAS 18"
352280,"Itaporanga","São Paulo","Sudeste","35061","Vale Do Jurumirim","35061","RRAS9"
352290,"Itapuí","São Paulo","Sudeste","35064","Jau","35064","RRAS9"
352300,"Itapura","São Paulo","Sudeste","35022","Lagos Do Drs II","35022","RRAS12"
352310,"Itaquaquecetuba","São Paulo","Sudeste","35011","Alto Do Tiete","35011","RRAS2"
352320,"Itararé","São Paulo","Sudeste","35162","Itapeva","35162","RRAS8"
352330,"Itariri","São Paulo","Sudeste","35121","Vale Do Ribeira","35121","RRAS7"
352340,"Itatiba","São Paulo","Sudeste","35072","Regiao Metropolitana De Campinas","35072","RRAS15"
352350,"Itatinga","São Paulo","Sudeste","35063","Polo Cuesta","35063","RRAS9"
352360,"Itirapina","São Paulo","Sudeste","35104","Rio Claro","35104","RRAS14"
352370,"Itirapuã","São Paulo","Sudeste","35081","Tres Colinas","35081","RRAS13"
352380,"Itobi","São Paulo","Sudeste","35143","Rio Pardo","35143","RRAS15"
352390,"Itu","São Paulo","Sudeste","35163","Sorocaba","35163","RRAS8"
352400,"Itupeva","São Paulo","Sudeste","35073","Jundiai","35073","RRAS16"
352410,"Ituverava","São Paulo","Sudeste","35083","Alta Mogiana","35083","RRAS13"
352420,"Jaborandi","São Paulo","Sudeste","35051","Norte - Barretos","35051","RRAS13"
352430,"Jaboticabal","São Paulo","Sudeste","35131","Horizonte Verde","35131","RRAS13"
352440,"Jacareí","São Paulo","Sudeste","35171","Alto Vale Do Paraiba","35171","RRAS17"
352450,"Jaci","São Paulo","Sudeste","35156","Jose Bonifacio","35156","RRAS12"
352460,"Jacupiranga","São Paulo","Sudeste","35121","Vale Do Ribeira","35121","RRAS7"
352470,"Jaguariúna","São Paulo","Sudeste","35072","Regiao Metropolitana De Campinas","35072","RRAS15"
352480,"Jales","São Paulo","Sudeste","35153","Jales","35153","RRAS12"
352490,"Jambeiro","São Paulo","Sudeste","35171","Alto Vale Do Paraiba","35171","RRAS17"
352500,"Jandira","São Paulo","Sudeste","35014","Rota Dos Bandeirantes","35014","RRAS5"
352510,"Jardinópolis","São Paulo","Sudeste","35132","Aquifero Guarani","35132","RRAS13"
352520,"Jarinu","São Paulo","Sudeste","35073","Jundiai","35073","RRAS16"
352530,"Jaú","São Paulo","Sudeste","35064","Jau","35064","RRAS9"
352540,"Jeriquara","São Paulo","Sudeste","35081","Tres Colinas","35081","RRAS13"
352550,"Joanópolis","São Paulo","Sudeste","35071","Braganca","35071","RRAS16"
352560,"João Ramalho","São Paulo","Sudeste","35113","Alto Capivari","35113","RRAS11"
352570,"José Bonifácio","São Paulo","Sudeste","35156","Jose Bonifacio","35156","RRAS12"
352580,"Júlio Mesquita","São Paulo","Sudeste","35093","Marilia","35093","RRAS10"
352585,"Jumirim","São Paulo","Sudeste","35163","Sorocaba","35163","RRAS8"
352590,"Jundiaí","São Paulo","Sudeste","35073","Jundiai","35073","RRAS16"
352600,"Junqueirópolis","São Paulo","Sudeste","35111","Alta Paulista","35111","RRAS11"
352610,"Juquiá","São Paulo","Sudeste","35121","Vale Do Ribeira","35121","RRAS7"
352620,"Juquitiba","São Paulo","Sudeste","35013","Mananciais","35013","RRAS4"
352630,"Lagoinha","São Paulo","Sudeste","35174","Vale Do Paraiba Regiao Serrana","35174","RRAS17"
352640,"Laranjal Paulista","São Paulo","Sudeste","35063","Polo Cuesta","35063","RRAS9"
352650,"Lavínia","São Paulo","Sudeste","35022","Lagos Do Drs II","35022","RRAS12"
352660,"Lavrinhas","São Paulo","Sudeste","35172","Circuito Da Fe E Vale Historico","35172","RRAS17"
352670,"Leme","São Paulo","Sudeste","35101","Araras","35101","RRAS14"
352680,"Lençóis Paulista","São Paulo","Sudeste","35062","Bauru","35062","RRAS9"
352690,"Limeira","São Paulo","Sudeste","35102","Limeira","35102","RRAS14"
352700,"Lindóia","São Paulo","Sudeste","35074","Circuito Das Aguas","35074","RRAS15"
352710,"Lins","São Paulo","Sudeste","35065","Lins","35065","RRAS9"
352720,"Lorena","São Paulo","Sudeste","35172","Circuito Da Fe E Vale Historico","35172","RRAS17"
352725,"Lourdes","São Paulo","Sudeste","35023","Consorcios Do Drs II","35023","RRAS12"
352730,"Louveira","São Paulo","Sudeste","35073","Jundiai","35073","RRAS16"
352740,"Lucélia","São Paulo","Sudeste","35091","Adamantina","35091","RRAS10"
352750,"Lucianópolis","São Paulo","Sudeste","35062","Bauru","35062","RRAS9"
352760,"Luís Antônio","São Paulo","Sudeste","35132","Aquifero Guarani","35132","RRAS13"
352770,"Luiziânia","São Paulo","Sudeste","35023","Consorcios Do Drs II","35023","RRAS12"
352780,"Lupércio","São Paulo","Sudeste","35093","Marilia","35093","RRAS10"
352790,"Lutécia","São Paulo","Sudeste","35092","Assis","35092","RRAS10"
352800,"Macatuba","São Paulo","Sudeste","35062","Bauru","35062","RRAS9"
352810,"Macaubal","São Paulo","Sudeste","35157","Votuporanga","35157","RRAS12"
352820,"Macedônia","São Paulo","Sudeste","35154","Fernandopolis","35154","RRAS12"
352830,"Magda","São Paulo","Sudeste","35157","Votuporanga","35157","RRAS12"
352840,"Mairinque","São Paulo","Sudeste","35163","Sorocaba","35163","RRAS8"
352850,"Mairiporã","São Paulo","Sudeste","35012","Franco Da Rocha","35012","RRAS3"
352860,"Manduri","São Paulo","Sudeste","35061","Vale Do Jurumirim","35061","RRAS9"
352870,"Marabá Paulista","São Paulo","Sudeste","35114","Extremo Oeste Paulista","35114","RRAS11"
352880,"Maracaí","São Paulo","Sudeste","35092","Assis","35092","RRAS10"
352885,"Marapoama","São Paulo","Sudeste","35151","Catanduva","35151","RRAS12"
352890,"Mariápolis","São Paulo","Sudeste","35091","Adamantina","35091","RRAS10"
352900,"Marília","São Paulo","Sudeste","35093","Marilia","35093","RRAS10"
352910,"Marinópolis","São Paulo","Sudeste","35153","Jales","35153","RRAS12"
352920,"Martinópolis","São Paulo","Sudeste","35112","Alta Sorocabana","35112","RRAS11"
352930,"Matão","São Paulo","Sudeste","35033","Noroeste Do Drs III","35033","RRAS 18"
352940,"Mauá","São Paulo","Sudeste","35015","Grande Abc","35015","RRAS1"
352950,"Mendonça","São Paulo","Sudeste","35156","Jose Bonifacio","35156","RRAS12"
352960,"Meridiano","São Paulo","Sudeste","35154","Fernandopolis","35154","RRAS12"
352965,"Mesópolis","São Paulo","Sudeste","35153","Jales","35153","RRAS12"
352970,"Miguelópolis","São Paulo","Sudeste","35083","Alta Mogiana","35083","RRAS13"
352980,"Mineiros do Tietê","São Paulo","Sudeste","35064","Jau","35064","RRAS9"
353000,"Mira Estrela","São Paulo","Sudeste","35154","Fernandopolis","35154","RRAS12"
352990,"Miracatu","São Paulo","Sudeste","35121","Vale Do Ribeira","35121","RRAS7"
353010,"Mirandópolis","São Paulo","Sudeste","35022","Lagos Do Drs II","35022","RRAS12"
353020,"Mirante do Paranapanema","São Paulo","Sudeste","35115","Pontal Do Paranapanema","35115","RRAS11"
353030,"Mirassol","São Paulo","Sudeste","35155","Sao Jose Do Rio Preto","35155","RRAS12"
353040,"Mirassolândia","São Paulo","Sudeste","35155","Sao Jose Do Rio Preto","35155","RRAS12"
353050,"Mococa","São Paulo","Sudeste","35143","Rio Pardo","35143","RRAS15"
353060,"Mogi das Cruzes","São Paulo","Sudeste","35011","Alto Do Tiete","35011","RRAS2"
353070,"Mogi Guaçu","São Paulo","Sudeste","35141","Baixa Mogiana","35141","RRAS15"
353080,"Mogi Mirim","São Paulo","Sudeste","35141","Baixa Mogiana","35141","RRAS15"
353090,"Mombuca","São Paulo","Sudeste","35103","Piracicaba","35103","RRAS14"
353100,"Monções","São Paulo","Sudeste","35157","Votuporanga","35157","RRAS12"
353110,"Mongaguá","São Paulo","Sudeste","35041","Baixada Santista","35041","RRAS7"
353120,"Monte Alegre do Sul","São Paulo","Sudeste","35074","Circuito Das Aguas","35074","RRAS15"
353130,"Monte Alto","São Paulo","Sudeste","35131","Horizonte Verde","35131","RRAS13"
353140,"Monte Aprazível","São Paulo","Sudeste","35156","Jose Bonifacio","35156","RRAS12"
353150,"Monte Azul Paulista","São Paulo","Sudeste","35052","Sul - Barretos","35052","RRAS13"
353160,"Monte Castelo","São Paulo","Sudeste","35111","Alta Paulista","35111","RRAS11"
353180,"Monte Mor","São Paulo","Sudeste","35072","Regiao Metropolitana De Campinas","35072","RRAS15"
353170,"Monteiro Lobato","São Paulo","Sudeste","35171","Alto Vale Do Paraiba","35171","RRAS17"
353190,"Morro Agudo","São Paulo","Sudeste","35082","Alta Anhanguera","35082","RRAS13"
353200,"Morungaba","São Paulo","Sudeste","35072","Regiao Metropolitana De Campinas","35072","RRAS15"
353205,"Motuca","São Paulo","Sudeste","35031","Central Do Drs III","35031","RRAS 18"
353210,"Murutinga do Sul","São Paulo","Sudeste","35022","Lagos Do Drs II","35022","RRAS12"
353215,"Nantes","São Paulo","Sudeste","35113","Alto Capivari","35113","RRAS11"
353220,"Narandiba","São Paulo","Sudeste","35112","Alta Sorocabana","35112","RRAS11"
353230,"Natividade da Serra","São Paulo","Sudeste","35174","Vale Do Paraiba Regiao Serrana","35174","RRAS17"
353240,"Nazaré Paulista","São Paulo","Sudeste","35071","Braganca","35071","RRAS16"
353250,"Neves Paulista","São Paulo","Sudeste","35155","Sao Jose Do Rio Preto","35155","RRAS12"
353260,"Nhandeara","São Paulo","Sudeste","35157","Votuporanga","35157","RRAS12"
353270,"Nipoã","São Paulo","Sudeste","35156","Jose Bonifacio","35156","RRAS12"
353280,"Nova Aliança","São Paulo","Sudeste","35155","Sao Jose Do Rio Preto","35155","RRAS12"
353282,"Nova Campina","São Paulo","Sudeste","35162","Itapeva","35162","RRAS8"
353284,"Nova Canaã Paulista","São Paulo","Sudeste","35152","Santa Fe Do Sul","35152","RRAS12"
353286,"Nova Castilho","São Paulo","Sudeste","35021","Central Do Drs II","35021","RRAS12"
353290,"Nova Europa","São Paulo","Sudeste","35033","Noroeste Do Drs III","35033","RRAS 18"
353300,"Nova Granada","São Paulo","Sudeste","35155","Sao Jose Do Rio Preto","35155","RRAS12"
353310,"Nova Guataporanga","São Paulo","Sudeste","35111","Alta Paulista","35111","RRAS11"
353320,"Nova Independência","São Paulo","Sudeste","35022","Lagos Do Drs II","35022","RRAS12"
353330,"Nova Luzitânia","São Paulo","Sudeste","35021","Central Do Drs II","35021","RRAS12"
353340,"Nova Odessa","São Paulo","Sudeste","35072","Regiao Metropolitana De Campinas","35072","RRAS15"
353325,"Novais","São Paulo","Sudeste","35151","Catanduva","35151","RRAS12"
353350,"Novo Horizonte","São Paulo","Sudeste","35151","Catanduva","35151","RRAS12"
353360,"Nuporanga","São Paulo","Sudeste","35082","Alta Anhanguera","35082","RRAS13"
353370,"Ocauçu","São Paulo","Sudeste","35093","Marilia","35093","RRAS10"
353380,"Óleo","São Paulo","Sudeste","35094","Ourinhos","35094","RRAS10"
353390,"Olímpia","São Paulo","Sudeste","35051","Norte - Barretos","35051","RRAS13"
353400,"Onda Verde","São Paulo","Sudeste","35155","Sao Jose Do Rio Preto","35155","RRAS12"
353410,"Oriente","São Paulo","Sudeste","35093","Marilia","35093","RRAS10"
353420,"Orindiúva","São Paulo","Sudeste","35155","Sao Jose Do Rio Preto","35155","RRAS12"
353430,"Orlândia","São Paulo","Sudeste","35082","Alta Anhanguera","35082","RRAS13"
353440,"Osasco","São Paulo","Sudeste","35014","Rota Dos Bandeirantes","35014","RRAS5"
353450,"Oscar Bressane","São Paulo","Sudeste","35093","Marilia","35093","RRAS10"
353460,"Osvaldo Cruz","São Paulo","Sudeste","35091","Adamantina","35091","RRAS10"
353470,"Ourinhos","São Paulo","Sudeste","35094","Ourinhos","35094","RRAS10"
353480,"Ouro Verde","São Paulo","Sudeste","35111","Alta Paulista","35111","RRAS11"
353475,"Ouroeste","São Paulo","Sudeste","35154","Fernandopolis","35154","RRAS12"
353490,"Pacaembu","São Paulo","Sudeste","35091","Adamantina","35091","RRAS10"
353500,"Palestina","São Paulo","Sudeste","35155","Sao Jose Do Rio Preto","35155","RRAS12"
353510,"Palmares Paulista","São Paulo","Sudeste","35151","Catanduva","35151","RRAS12"
353520,"Palmeira d'Oeste","São Paulo","Sudeste","35153","Jales","35153","RRAS12"
353530,"Palmital","São Paulo","Sudeste","35092","Assis","35092","RRAS10"
353540,"Panorama","São Paulo","Sudeste","35111","Alta Paulista","35111","RRAS11"
353550,"Paraguaçu Paulista","São Paulo","Sudeste","35092","Assis","35092","RRAS10"
353560,"Paraibuna","São Paulo","Sudeste","35171","Alto Vale Do Paraiba","35171","RRAS17"
353570,"Paraíso","São Paulo","Sudeste","35151","Catanduva","35151","RRAS12"
353580,"Paranapanema","São Paulo","Sudeste","35061","Vale Do Jurumirim","35061","RRAS9"
353590,"Paranapuã","São Paulo","Sudeste","35153","Jales","35153","RRAS12"
353600,"Parapuã","São Paulo","Sudeste","35095","Tupa","35095","RRAS10"
353610,"Pardinho","São Paulo","Sudeste","35063","Polo Cuesta","35063","RRAS9"
353620,"Pariquera-Açu","São Paulo","Sudeste","35121","Vale Do Ribeira","35121","RRAS7"
353625,"Parisi","São Paulo","Sudeste","35157","Votuporanga","35157","RRAS12"
353630,"Patrocínio Paulista","São Paulo","Sudeste","35081","Tres Colinas","35081","RRAS13"
353640,"Paulicéia","São Paulo","Sudeste","35111","Alta Paulista","35111","RRAS11"
353650,"Paulínia","São Paulo","Sudeste","35072","Regiao Metropolitana De Campinas","35072","RRAS15"
353657,"Paulistânia","São Paulo","Sudeste","35062","Bauru","35062","RRAS9"
353660,"Paulo de Faria","São Paulo","Sudeste","35155","Sao Jose Do Rio Preto","35155","RRAS12"
353670,"Pederneiras","São Paulo","Sudeste","35062","Bauru","35062","RRAS9"
353680,"Pedra Bela","São Paulo","Sudeste","35071","Braganca","35071","RRAS16"
353690,"Pedranópolis","São Paulo","Sudeste","35154","Fernandopolis","35154","RRAS12"
353700,"Pedregulho","São Paulo","Sudeste","35081","Tres Colinas","35081","RRAS13"
353710,"Pedreira","São Paulo","Sudeste","35072","Regiao Metropolitana De Campinas","35072","RRAS15"
353715,"Pedrinhas Paulista","São Paulo","Sudeste","35092","Assis","35092","RRAS10"
353720,"Pedro de Toledo","São Paulo","Sudeste","35121","Vale Do Ribeira","35121","RRAS7"
353730,"Penápolis","São Paulo","Sudeste","35023","Consorcios Do Drs II","35023","RRAS12"
353740,"Pereira Barreto","São Paulo","Sudeste","35022","Lagos Do Drs II","35022","RRAS12"
353750,"Pereiras","São Paulo","Sudeste","35063","Polo Cuesta","35063","RRAS9"
353760,"Peruíbe","São Paulo","Sudeste","35041","Baixada Santista","35041","RRAS7"
353770,"Piacatu","São Paulo","Sudeste","35023","Consorcios Do Drs II","35023","RRAS12"
353780,"Piedade","São Paulo","Sudeste","35163","Sorocaba","35163","RRAS8"
353790,"Pilar do Sul","São Paulo","Sudeste","35163","Sorocaba","35163","RRAS8"
353800,"Pindamonhangaba","São Paulo","Sudeste","35174","Vale Do Paraiba Regiao Serrana","35174","RRAS17"
353810,"Pindorama","São Paulo","Sudeste","35151","Catanduva","35151","RRAS12"
353820,"Pinhalzinho","São Paulo","Sudeste","35071","Braganca","35071","RRAS16"
353830,"Piquerobi","São Paulo","Sudeste","35114","Extremo Oeste Paulista","35114","RRAS11"
353850,"Piquete","São Paulo","Sudeste","35172","Circuito Da Fe E Vale Historico","35172","RRAS17"
353860,"Piracaia","São Paulo","Sudeste","35071","Braganca","35071","RRAS16"
353870,"Piracicaba","São Paulo","Sudeste","35103","Piracicaba","35103","RRAS14"
353880,"Piraju","São Paulo","Sudeste","35061","Vale Do Jurumirim","35061","RRAS9"
353890,"Pirajuí","São Paulo","Sudeste","35062","Bauru","35062","RRAS9"
353900,"Pirangi","São Paulo","Sudeste","35151","Catanduva","35151","RRAS12"
353910,"Pirapora do Bom Jesus","São Paulo","Sudeste","35014","Rota Dos Bandeirantes","35014","RRAS5"
353920,"Pirapozinho","São Paulo","Sudeste","35112","Alta Sorocabana","35112","RRAS11"
353930,"Pirassununga","São Paulo","Sudeste","35101","Araras","35101","RRAS14"
353940,"Piratininga","São Paulo","Sudeste","35062","Bauru","35062","RRAS9"
353950,"Pitangueiras","São Paulo","Sudeste","35131","Horizonte Verde","35131","RRAS13"
353960,"Planalto","São Paulo","Sudeste","35156","Jose Bonifacio","35156","RRAS12"
353970,"Platina","São Paulo","Sudeste","35092","Assis","35092","RRAS10"
353980,"Poá","São Paulo","Sudeste","35011","Alto Do Tiete","35011","RRAS2"
353990,"Poloni","São Paulo","Sudeste","35156","Jose Bonifacio","35156","RRAS12"
354000,"Pompéia","São Paulo","Sudeste","35093","Marilia","35093","RRAS10"
354010,"Pongaí","São Paulo","Sudeste","35065","Lins","35065","RRAS9"
354020,"Pontal","São Paulo","Sudeste","35131","Horizonte Verde","35131","RRAS13"
354025,"Pontalinda","São Paulo","Sudeste","35153","Jales","35153","RRAS12"
354030,"Pontes Gestal","São Paulo","Sudeste","35157","Votuporanga","35157","RRAS12"
354040,"Populina","São Paulo","Sudeste","35154","Fernandopolis","35154","RRAS12"
354050,"Porangaba","São Paulo","Sudeste","35063","Polo Cuesta","35063","RRAS9"
354060,"Porto Feliz","São Paulo","Sudeste","35163","Sorocaba","35163","RRAS8"
354070,"Porto Ferreira","São Paulo","Sudeste","35032","Coracao Do Drs III","35032","RRAS 18"
354075,"Potim","São Paulo","Sudeste","35172","Circuito Da Fe E Vale Historico","35172","RRAS17"
354080,"Potirendaba","São Paulo","Sudeste","35155","Sao Jose Do Rio Preto","35155","RRAS12"
354085,"Pracinha","São Paulo","Sudeste","35091","Adamantina","35091","RRAS10"
354090,"Pradópolis","São Paulo","Sudeste","35131","Horizonte Verde","35131","RRAS13"
354100,"Praia Grande","São Paulo","Sudeste","35041","Baixada Santista","35041","RRAS7"
354105,"Pratânia","São Paulo","Sudeste","35063","Polo Cuesta","35063","RRAS9"
354110,"Presidente Alves","São Paulo","Sudeste","35062","Bauru","35062","RRAS9"
354120,"Presidente Bernardes","São Paulo","Sudeste","35112","Alta Sorocabana","35112","RRAS11"
354130,"Presidente Epitácio","São Paulo","Sudeste","35114","Extremo Oeste Paulista","35114","RRAS11"
354140,"Presidente Prudente","São Paulo","Sudeste","35112","Alta Sorocabana","35112","RRAS11"
354150,"Presidente Venceslau","São Paulo","Sudeste","35114","Extremo Oeste Paulista","35114","RRAS11"
354160,"Promissão","São Paulo","Sudeste","35065","Lins","35065","RRAS9"
354165,"Quadra","São Paulo","Sudeste","35161","Itapetininga","35161","RRAS8"
354170,"Quatá","São Paulo","Sudeste","35113","Alto Capivari","35113","RRAS11"
354180,"Queiroz","São Paulo","Sudeste","35095","Tupa","35095","RRAS10"
354190,"Queluz","São Paulo","Sudeste","35172","Circuito Da Fe E Vale Historico","35172","RRAS17"
354200,"Quintana","São Paulo","Sudeste","35093","Marilia","35093","RRAS10"
354210,"Rafard","São Paulo","Sudeste","35103","Piracicaba","35103","RRAS14"
354220,"Rancharia","São Paulo","Sudeste","35113","Alto Capivari","35113","RRAS11"
354230,"Redenção da Serra","São Paulo","Sudeste","35174","Vale Do Paraiba Regiao Serrana","35174","RRAS17"
354240,"Regente Feijó","São Paulo","Sudeste","35112","Alta Sorocabana","35112","RRAS11"
354250,"Reginópolis","São Paulo","Sudeste","35062","Bauru","35062","RRAS9"
354260,"Registro","São Paulo","Sudeste","35121","Vale Do Ribeira","35121","RRAS7"
354270,"Restinga","São Paulo","Sudeste","35081","Tres Colinas","35081","RRAS13"
354280,"Ribeira","São Paulo","Sudeste","35162","Itapeva","35162","RRAS8"
354290,"Ribeirão Bonito","São Paulo","Sudeste","35032","Coracao Do Drs III","35032","RRAS 18"
354300,"Ribeirão Branco","São Paulo","Sudeste","35162","Itapeva","35162","RRAS8"
354310,"Ribeirão Corrente","São Paulo","Sudeste","35081","Tres Colinas","35081","RRAS13"
354320,"Ribeirão do Sul","São Paulo","Sudeste","35094","Ourinhos","35094","RRAS10"
354323,"Ribeirão dos Índios","São Paulo","Sudeste","35112","Alta Sorocabana","35112","RRAS11"
354325,"Ribeirão Grande","São Paulo","Sudeste","35161","Itapetininga","35161","RRAS8"
354330,"Ribeirão Pires","São Paulo","Sudeste","35015","Grande Abc","35015","RRAS1"
354340,"Ribeirão Preto","São Paulo","Sudeste","35132","Aquifero Guarani","35132","RRAS13"
354360,"Rifaina","São Paulo","Sudeste","35081","Tres Colinas","35081","RRAS13"
354370,"Rincão","São Paulo","Sudeste","35031","Central Do Drs III","35031","RRAS 18"
354380,"Rinópolis","São Paulo","Sudeste","35095","Tupa","35095","RRAS10"
354390,"Rio Claro","São Paulo","Sudeste","35104","Rio Claro","35104","RRAS14"
354400,"Rio das Pedras","São Paulo","Sudeste","35103","Piracicaba","35103","RRAS14"
354410,"Rio Grande da Serra","São Paulo","Sudeste","35015","Grande Abc","35015","RRAS1"
354420,"Riolândia","São Paulo","Sudeste","35157","Votuporanga","35157","RRAS12"
354350,"Riversul","São Paulo","Sudeste","35162","Itapeva","35162","RRAS8"
354425,"Rosana","São Paulo","Sudeste","35115","Pontal Do Paranapanema","35115","RRAS11"
354430,"Roseira","São Paulo","Sudeste","35172","Circuito Da Fe E Vale Historico","35172","RRAS17"
354440,"Rubiácea","São Paulo","Sudeste","35021","Central Do Drs II","35021","RRAS12"
354450,"Rubinéia","São Paulo","Sudeste","35152","Santa Fe Do Sul","35152","RRAS12"
354460,"Sabino","São Paulo","Sudeste","35065","Lins","35065","RRAS9"
354470,"Sagres","São Paulo","Sudeste","35091","Adamantina","35091","RRAS10"
354480,"Sales","São Paulo","Sudeste","35151","Catanduva","35151","RRAS12"
354490,"Sales Oliveira","São Paulo","Sudeste","35082","Alta Anhanguera","35082","RRAS13"
354500,"Salesópolis","São Paulo","Sudeste","35011","Alto Do Tiete","35011","RRAS2"
354510,"Salmourão","São Paulo","Sudeste","35091","Adamantina","35091","RRAS10"
354515,"Saltinho","São Paulo","Sudeste","35103","Piracicaba","35103","RRAS14"
354520,"Salto","São Paulo","Sudeste","35163","Sorocaba","35163","RRAS8"
354530,"Salto de Pirapora","São Paulo","Sudeste","35163","Sorocaba","35163","RRAS8"
354540,"Salto Grande","São Paulo","Sudeste","35094","Ourinhos","35094","RRAS10"
354550,"Sandovalina","São Paulo","Sudeste","35112","Alta Sorocabana","35112","RRAS11"
354560,"Santa Adélia","São Paulo","Sudeste","35151","Catanduva","35151","RRAS12"
354570,"Santa Albertina","São Paulo","Sudeste","35153","Jales","35153","RRAS12"
354580,"Santa Bárbara d'Oeste","São Paulo","Sudeste","35072","Regiao Metropolitana De Campinas","35072","RRAS15"
354600,"Santa Branca","São Paulo","Sudeste","35171","Alto Vale Do Paraiba","35171","RRAS17"
354610,"Santa Clara d'Oeste","São Paulo","Sudeste","35152","Santa Fe Do Sul","35152","RRAS12"
354620,"Santa Cruz da Conceição","São Paulo","Sudeste","35101","Araras","35101","RRAS14"
354625,"Santa Cruz da Esperança","São Paulo","Sudeste","35133","Vale Das Cachoeiras","35133","RRAS13"
354630,"Santa Cruz das Palmeiras","São Paulo","Sudeste","35142","Mantiqueira","35142","RRAS15"
354640,"Santa Cruz do Rio Pardo","São Paulo","Sudeste","35094","Ourinhos","35094","RRAS10"
354650,"Santa Ernestina","São Paulo","Sudeste","35033","Noroeste Do Drs III","35033","RRAS 18"
354660,"Santa Fé do Sul","São Paulo","Sudeste","35152","Santa Fe Do Sul","35152","RRAS12"
354670,"Santa Gertrudes","São Paulo","Sudeste","35104","Rio Claro","35104","RRAS14"
354680,"Santa Isabel","São Paulo","Sudeste","35011","Alto Do Tiete","35011","RRAS2"
354690,"Santa Lúcia","São Paulo","Sudeste","35031","Central Do Drs III","35031","RRAS 18"
354700,"Santa Maria da Serra","São Paulo","Sudeste","35103","Piracicaba","35103","RRAS14"
354710,"Santa Mercedes","São Paulo","Sudeste","35111","Alta Paulista","35111","RRAS11"
354740,"Santa Rita d'Oeste","São Paulo","Sudeste","35152","Santa Fe Do Sul","35152","RRAS12"
354750,"Santa Rita do Passa Quatro","São Paulo","Sudeste","35132","Aquifero Guarani","35132","RRAS13"
354760,"Santa Rosa de Viterbo","São Paulo","Sudeste","35132","Aquifero Guarani","35132","RRAS13"
354765,"Santa Salete","São Paulo","Sudeste","35153","Jales","35153","RRAS12"
354720,"Santana da Ponte Pensa","São Paulo","Sudeste","35153","Jales","35153","RRAS12"
354730,"Santana de Parnaíba","São Paulo","Sudeste","35014","Rota Dos Bandeirantes","35014","RRAS5"
354770,"Santo Anastácio","São Paulo","Sudeste","35112","Alta Sorocabana","35112","RRAS11"
354780,"Santo André","São Paulo","Sudeste","35015","Grande Abc","35015","RRAS1"
354790,"Santo Antônio da Alegria","São Paulo","Sudeste","35133","Vale Das Cachoeiras","35133","RRAS13"
354800,"Santo Antônio de Posse","São Paulo","Sudeste","35072","Regiao Metropolitana De Campinas","35072","RRAS15"
354805,"Santo Antônio do Aracanguá","São Paulo","Sudeste","35021","Central Do Drs II","35021","RRAS12"
354810,"Santo Antônio do Jardim","São Paulo","Sudeste","35142","Mantiqueira","35142","RRAS15"
354820,"Santo Antônio do Pinhal","São Paulo","Sudeste","35174","Vale Do Paraiba Regiao Serrana","35174","RRAS17"
354830,"Santo Expedito","São Paulo","Sudeste","35112","Alta Sorocabana","35112","RRAS11"
354840,"Santópolis do Aguapeí","São Paulo","Sudeste","35023","Consorcios Do Drs II","35023","RRAS12"
354850,"Santos","São Paulo","Sudeste","35041","Baixada Santista","35041","RRAS7"
354860,"São Bento do Sapucaí","São Paulo","Sudeste","35174","Vale Do Paraiba Regiao Serrana","35174","RRAS17"
354870,"São Bernardo do Campo","São Paulo","Sudeste","35015","Grande Abc","35015","RRAS1"
354880,"São Caetano do Sul","São Paulo","Sudeste","35015","Grande Abc","35015","RRAS1"
354890,"São Carlos","São Paulo","Sudeste","35032","Coracao Do Drs III","35032","RRAS 18"
354900,"São Francisco","São Paulo","Sudeste","35153","Jales","35153","RRAS12"
354910,"São João da Boa Vista","São Paulo","Sudeste","35142","Mantiqueira","35142","RRAS15"
354920,"São João das Duas Pontes","São Paulo","Sudeste","35154","Fernandopolis","35154","RRAS12"
354925,"São João de Iracema","São Paulo","Sudeste","35154","Fernandopolis","35154","RRAS12"
354930,"São João do Pau d'Alho","São Paulo","Sudeste","35111","Alta Paulista","35111","RRAS11"
354940,"São Joaquim da Barra","São Paulo","Sudeste","35082","Alta Anhanguera","35082","RRAS13"
354950,"São José da Bela Vista","São Paulo","Sudeste","35081","Tres Colinas","35081","RRAS13"
354960,"São José do Barreiro","São Paulo","Sudeste","35172","Circuito Da Fe E Vale Historico","35172","RRAS17"
354970,"São José do Rio Pardo","São Paulo","Sudeste","35143","Rio Pardo","35143","RRAS15"
354980,"São José do Rio Preto","São Paulo","Sudeste","35155","Sao Jose Do Rio Preto","35155","RRAS12"
354990,"São José dos Campos","São Paulo","Sudeste","35171","Alto Vale Do Paraiba","35171","RRAS17"
354995,"São Lourenço da Serra","São Paulo","Sudeste","35013","Mananciais","35013","RRAS4"
355000,"São Luís do Paraitinga","São Paulo","Sudeste","35174","Vale Do Paraiba Regiao Serrana","35174","RRAS17"
355010,"São Manuel","São Paulo","Sudeste","35063","Polo Cuesta","35063","RRAS9"
355020,"São Miguel Arcanjo","São Paulo","Sudeste","35161","Itapetininga","35161","RRAS8"
355030,"São Paulo","São Paulo","Sudeste","35016","Sao Paulo","35016","RRAS6"
355040,"São Pedro","São Paulo","Sudeste","35103","Piracicaba","35103","RRAS14"
355050,"São Pedro do Turvo","São Paulo","Sudeste","35094","Ourinhos","35094","RRAS10"
355060,"São Roque","São Paulo","Sudeste","35163","Sorocaba","35163","RRAS8"
355070,"São Sebastião","São Paulo","Sudeste","35173","Litoral Norte","35173","RRAS17"
355080,"São Sebastião da Grama","São Paulo","Sudeste","35143","Rio Pardo","35143","RRAS15"
355090,"São Simão","São Paulo","Sudeste","35132","Aquifero Guarani","35132","RRAS13"
355100,"São Vicente","São Paulo","Sudeste","35041","Baixada Santista","35041","RRAS7"
355110,"Sarapuí","São Paulo","Sudeste","35161","Itapetininga","35161","RRAS8"
355120,"Sarutaiá","São Paulo","Sudeste","35061","Vale Do Jurumirim","35061","RRAS9"
355130,"Sebastianópolis do Sul","São Paulo","Sudeste","35157","Votuporanga","35157","RRAS12"
355140,"Serra Azul","São Paulo","Sudeste","35132","Aquifero Guarani","35132","RRAS13"
355160,"Serra Negra","São Paulo","Sudeste","35074","Circuito Das Aguas","35074","RRAS15"
355150,"Serrana","São Paulo","Sudeste","35132","Aquifero Guarani","35132","RRAS13"
355170,"Sertãozinho","São Paulo","Sudeste","35131","Horizonte Verde","35131","RRAS13"
355180,"Sete Barras","São Paulo","Sudeste","35121","Vale Do Ribeira","35121","RRAS7"
355190,"Severínia","São Paulo","Sudeste","35051","Norte - Barretos","35051","RRAS13"
355200,"Silveiras","São Paulo","Sudeste","35172","Circuito Da Fe E Vale Historico","35172","RRAS17"
355210,"Socorro","São Paulo","Sudeste","35071","Braganca","35071","RRAS16"
355220,"Sorocaba","São Paulo","Sudeste","35163","Sorocaba","35163","RRAS8"
355230,"Sud Mennucci","São Paulo","Sudeste","35022","Lagos Do Drs II","35022","RRAS12"
355240,"Sumaré","São Paulo","Sudeste","35072","Regiao Metropolitana De Campinas","35072","RRAS15"
355255,"Suzanápolis","São Paulo","Sudeste","35022","Lagos Do Drs II","35022","RRAS12"
355250,"Suzano","São Paulo","Sudeste","35011","Alto Do Tiete","35011","RRAS2"
355260,"Tabapuã","São Paulo","Sudeste","35151","Catanduva","35151","RRAS12"
355270,"Tabatinga","São Paulo","Sudeste","35033","Noroeste Do Drs III","35033","RRAS 18"
355280,"Taboão da Serra","São Paulo","Sudeste","35013","Mananciais","35013","RRAS4"
355290,"Taciba","São Paulo","Sudeste","35112","Alta Sorocabana","35112","RRAS11"
355300,"Taguaí","São Paulo","Sudeste","35061","Vale Do Jurumirim","35061","RRAS9"
355310,"Taiaçu","São Paulo","Sudeste","35052","Sul - Barretos","35052","RRAS13"
355320,"Taiúva","São Paulo","Sudeste","35052","Sul - Barretos","35052","RRAS13"
355330,"Tambaú","São Paulo","Sudeste","35142","Mantiqueira","35142","RRAS15"
355340,"Tanabi","São Paulo","Sudeste","35155","Sao Jose Do Rio Preto","35155","RRAS12"
355350,"Tapiraí","São Paulo","Sudeste","35163","Sorocaba","35163","RRAS8"
355360,"Tapiratiba","São Paulo","Sudeste","35143","Rio Pardo","35143","RRAS15"
355365,"Taquaral","São Paulo","Sudeste","35052","Sul - Barretos","35052","RRAS13"
355370,"Taquaritinga","São Paulo","Sudeste","35033","Noroeste Do Drs III","35033","RRAS 18"
355380,"Taquarituba","São Paulo","Sudeste","35061","Vale Do Jurumirim","35061","RRAS9"
355385,"Taquarivaí","São Paulo","Sudeste","35162","Itapeva","35162","RRAS8"
355390,"Tarabai","São Paulo","Sudeste","35112","Alta Sorocabana","35112","RRAS11"
355395,"Tarumã","São Paulo","Sudeste","35092","Assis","35092","RRAS10"
355400,"Tatuí","São Paulo","Sudeste","35161","Itapetininga","35161","RRAS8"
355410,"Taubaté","São Paulo","Sudeste","35174","Vale Do Paraiba Regiao Serrana","35174","RRAS17"
355420,"Tejupá","São Paulo","Sudeste","35061","Vale Do Jurumirim","35061","RRAS9"
355430,"Teodoro Sampaio","São Paulo","Sudeste","35115","Pontal Do Paranapanema","35115","RRAS11"
355440,"Terra Roxa","São Paulo","Sudeste","35052","Sul - Barretos","35052","RRAS13"
355450,"Tietê","São Paulo","Sudeste","35163","Sorocaba","35163","RRAS8"
355460,"Timburi","São Paulo","Sudeste","35094","Ourinhos","35094","RRAS10"
355465,"Torre de Pedra","São Paulo","Sudeste","35063","Polo Cuesta","35063","RRAS9"
355470,"Torrinha","São Paulo","Sudeste","35064","Jau","35064","RRAS9"
355475,"Trabiju","São Paulo","Sudeste","35031","Central Do Drs III","35031","RRAS 18"
355480,"Tremembé","São Paulo","Sudeste","35174","Vale Do Paraiba Regiao Serrana","35174","RRAS17"
355490,"Três Fronteiras","São Paulo","Sudeste","35152","Santa Fe Do Sul","35152","RRAS12"
355495,"Tuiuti","São Paulo","Sudeste","35071","Braganca","35071","RRAS16"
355500,"Tupã","São Paulo","Sudeste","35095","Tupa","35095","RRAS10"
355510,"Tupi Paulista","São Paulo","Sudeste","35111","Alta Paulista","35111","RRAS11"
355520,"Turiúba","São Paulo","Sudeste","35023","Consorcios Do Drs II","35023","RRAS12"
355530,"Turmalina","São Paulo","Sudeste","35154","Fernandopolis","35154","RRAS12"
355535,"Ubarana","São Paulo","Sudeste","35156","Jose Bonifacio","35156","RRAS12"
355540,"Ubatuba","São Paulo","Sudeste","35173","Litoral Norte","35173","RRAS17"
355550,"Ubirajara","São Paulo","Sudeste","35093","Marilia","35093","RRAS10"
355560,"Uchoa","São Paulo","Sudeste","35155","Sao Jose Do Rio Preto","35155","RRAS12"
355570,"União Paulista","São Paulo","Sudeste","35156","Jose Bonifacio","35156","RRAS12"
355580,"Urânia","São Paulo","Sudeste","35153","Jales","35153","RRAS12"
355590,"Uru","São Paulo","Sudeste","35065","Lins","35065","RRAS9"
355600,"Urupês","São Paulo","Sudeste","35151","Catanduva","35151","RRAS12"
355610,"Valentim Gentil","São Paulo","Sudeste","35157","Votuporanga","35157","RRAS12"
355620,"Valinhos","São Paulo","Sudeste","35072","Regiao Metropolitana De Campinas","35072","RRAS15"
355630,"Valparaíso","São Paulo","Sudeste","35021","Central Do Drs II","35021","RRAS12"
355635,"Vargem","São Paulo","Sudeste","35071","Braganca","35071","RRAS16"
355640,"Vargem Grande do Sul","São Paulo","Sudeste","35142","Mantiqueira","35142","RRAS15"
355645,"Vargem Grande Paulista","São Paulo","Sudeste","35013","Mananciais","35013","RRAS4"
355650,"Várzea Paulista","São Paulo","Sudeste","35073","Jundiai","35073","RRAS16"
355660,"Vera Cruz","São Paulo","Sudeste","35093","Marilia","35093","RRAS10"
355670,"Vinhedo","São Paulo","Sudeste","35072","Regiao Metropolitana De Campinas","35072","RRAS15"
355680,"Viradouro","São Paulo","Sudeste","35052","Sul - Barretos","35052","RRAS13"
355690,"Vista Alegre do Alto","São Paulo","Sudeste","35052","Sul - Barretos","35052","RRAS13"
355695,"Vitória Brasil","São Paulo","Sudeste","35153","Jales","35153","RRAS12"
355700,"Votorantim","São Paulo","Sudeste","35163","Sorocaba","35163","RRAS8"
355710,"Votuporanga","São Paulo","Sudeste","35157","Votuporanga","35157","RRAS12"
355715,"Zacarias","São Paulo","Sudeste","35156","Jose Bonifacio","35156","RRAS12"
410010,"Abatiá","Paraná","Sul","41018","18ª Rs Cornelio Procopio","41018","MACRORREGIONAL NORTE"
410020,"Adrianópolis","Paraná","Sul","41002","2ª Rs Metropolitana","41002","MACRORREGIONAL LESTE"
410030,"Agudos do Sul","Paraná","Sul","41002","2ª Rs Metropolitana","41002","MACRORREGIONAL LESTE"
410040,"Almirante Tamandaré","Paraná","Sul","41002","2ª Rs Metropolitana","41002","MACRORREGIONAL LESTE"
410045,"Altamira do Paraná","Paraná","Sul","41011","11ª Rs Campo Mourao","41011","MACRORREGIONAL NOROESTE"
412862,"Alto Paraíso","Paraná","Sul","41012","12ª Rs Umuarama","41012","MACRORREGIONAL NOROESTE"
410060,"Alto Paraná","Paraná","Sul","41014","14ª Rs Paranavai","41014","MACRORREGIONAL NOROESTE"
410070,"Alto Piquiri","Paraná","Sul","41012","12ª Rs Umuarama","41012","MACRORREGIONAL NOROESTE"
410050,"Altônia","Paraná","Sul","41012","12ª Rs Umuarama","41012","MACRORREGIONAL NOROESTE"
410080,"Alvorada do Sul","Paraná","Sul","41017","17ª Rs Londrina","41017","MACRORREGIONAL NORTE"
410090,"Amaporã","Paraná","Sul","41014","14ª Rs Paranavai","41014","MACRORREGIONAL NOROESTE"
410100,"Ampére","Paraná","Sul","41008","8ª Rs Francisco Beltrao","41008","MACRORREGIAO OESTE"
410105,"Anahy","Paraná","Sul","41010","10ª Rs Cascavel","41010","MACRORREGIAO OESTE"
410110,"Andirá","Paraná","Sul","41018","18ª Rs Cornelio Procopio","41018","MACRORREGIONAL NORTE"
410115,"Ângulo","Paraná","Sul","41015","15ª Rs Maringa","41015","MACRORREGIONAL NOROESTE"
410120,"Antonina","Paraná","Sul","41001","1ª Rs Paranagua","41001","MACRORREGIONAL LESTE"
410130,"Antônio Olinto","Paraná","Sul","41006","6ª Rs Uniao Da Vitoria","41006","MACRORREGIONAL LESTE"
410140,"Apucarana","Paraná","Sul","41016","16ª Rs Apucarana","41016","MACRORREGIONAL NORTE"
410150,"Arapongas","Paraná","Sul","41016","16ª Rs Apucarana","41016","MACRORREGIONAL NORTE"
410160,"Arapoti","Paraná","Sul","41003","3ª Rs Ponta Grossa","41003","MACRORREGIONAL LESTE"
410165,"Arapuã","Paraná","Sul","41022","22ª Rs Ivaipora","41022","MACRORREGIONAL NORTE"
410170,"Araruna","Paraná","Sul","41011","11ª Rs Campo Mourao","41011","MACRORREGIONAL NOROESTE"
410180,"Araucária","Paraná","Sul","41002","2ª Rs Metropolitana","41002","MACRORREGIONAL LESTE"
410185,"Ariranha do Ivaí","Paraná","Sul","41022","22ª Rs Ivaipora","41022","MACRORREGIONAL NORTE"
410190,"Assaí","Paraná","Sul","41017","17ª Rs Londrina","41017","MACRORREGIONAL NORTE"
410200,"Assis Chateaubriand","Paraná","Sul","41020","20ª Rs Toledo","41020","MACRORREGIAO OESTE"
410210,"Astorga","Paraná","Sul","41015","15ª Rs Maringa","41015","MACRORREGIONAL NOROESTE"
410220,"Atalaia","Paraná","Sul","41015","15ª Rs Maringa","41015","MACRORREGIONAL NOROESTE"
410230,"Balsa Nova","Paraná","Sul","41002","2ª Rs Metropolitana","41002","MACRORREGIONAL LESTE"
410240,"Bandeirantes","Paraná","Sul","41018","18ª Rs Cornelio Procopio","41018","MACRORREGIONAL NORTE"
410250,"Barbosa Ferraz","Paraná","Sul","41011","11ª Rs Campo Mourao","41011","MACRORREGIONAL NOROESTE"
410270,"Barra do Jacaré","Paraná","Sul","41019","19ª Rs Jacarezinho","41019","MACRORREGIONAL NORTE"
410260,"Barracão","Paraná","Sul","41008","8ª Rs Francisco Beltrao","41008","MACRORREGIAO OESTE"
410275,"Bela Vista da Caroba","Paraná","Sul","41008","8ª Rs Francisco Beltrao","41008","MACRORREGIAO OESTE"
410280,"Bela Vista do Paraíso","Paraná","Sul","41017","17ª Rs Londrina","41017","MACRORREGIONAL NORTE"
410290,"Bituruna","Paraná","Sul","41006","6ª Rs Uniao Da Vitoria","41006","MACRORREGIONAL LESTE"
410300,"Boa Esperança","Paraná","Sul","41011","11ª Rs Campo Mourao","41011","MACRORREGIONAL NOROESTE"
410302,"Boa Esperança do Iguaçu","Paraná","Sul","41008","8ª Rs Francisco Beltrao","41008","MACRORREGIAO OESTE"
410304,"Boa Ventura de São Roque","Paraná","Sul","41005","5ª Rs Guarapuava","41005","MACRORREGIONAL LESTE"
410305,"Boa Vista da Aparecida","Paraná","Sul","41010","10ª Rs Cascavel","41010","MACRORREGIAO OESTE"
410310,"Bocaiúva do Sul","Paraná","Sul","41002","2ª Rs Metropolitana","41002","MACRORREGIONAL LESTE"
410315,"Bom Jesus do Sul","Paraná","Sul","41008","8ª Rs Francisco Beltrao","41008","MACRORREGIAO OESTE"
410320,"Bom Sucesso","Paraná","Sul","41016","16ª Rs Apucarana","41016","MACRORREGIONAL NORTE"
410322,"Bom Sucesso do Sul","Paraná","Sul","41007","7ª Rs Pato Branco","41007","MACRORREGIAO OESTE"
410330,"Borrazópolis","Paraná","Sul","41016","16ª Rs Apucarana","41016","MACRORREGIONAL NORTE"
410335,"Braganey","Paraná","Sul","41010","10ª Rs Cascavel","41010","MACRORREGIAO OESTE"
410337,"Brasilândia do Sul","Paraná","Sul","41012","12ª Rs Umuarama","41012","MACRORREGIONAL NOROESTE"
410340,"Cafeara","Paraná","Sul","41017","17ª Rs Londrina","41017","MACRORREGIONAL NORTE"
410345,"Cafelândia","Paraná","Sul","41010","10ª Rs Cascavel","41010","MACRORREGIAO OESTE"
410347,"Cafezal do Sul","Paraná","Sul","41012","12ª Rs Umuarama","41012","MACRORREGIONAL NOROESTE"
410350,"Califórnia","Paraná","Sul","41016","16ª Rs Apucarana","41016","MACRORREGIONAL NORTE"
410360,"Cambará","Paraná","Sul","41019","19ª Rs Jacarezinho","41019","MACRORREGIONAL NORTE"
410370,"Cambé","Paraná","Sul","41017","17ª Rs Londrina","41017","MACRORREGIONAL NORTE"
410380,"Cambira","Paraná","Sul","41016","16ª Rs Apucarana","41016","MACRORREGIONAL NORTE"
410390,"Campina da Lagoa","Paraná","Sul","41011","11ª Rs Campo Mourao","41011","MACRORREGIONAL NOROESTE"
410395,"Campina do Simão","Paraná","Sul","41005","5ª Rs Guarapuava","41005","MACRORREGIONAL LESTE"
410400,"Campina Grande do Sul","Paraná","Sul","41002","2ª Rs Metropolitana","41002","MACRORREGIONAL LESTE"
410405,"Campo Bonito","Paraná","Sul","41010","10ª Rs Cascavel","41010","MACRORREGIAO OESTE"
410410,"Campo do Tenente","Paraná","Sul","41002","2ª Rs Metropolitana","41002","MACRORREGIONAL LESTE"
410420,"Campo Largo","Paraná","Sul","41002","2ª Rs Metropolitana","41002","MACRORREGIONAL LESTE"
410425,"Campo Magro","Paraná","Sul","41002","2ª Rs Metropolitana","41002","MACRORREGIONAL LESTE"
410430,"Campo Mourão","Paraná","Sul","41011","11ª Rs Campo Mourao","41011","MACRORREGIONAL NOROESTE"
410440,"Cândido de Abreu","Paraná","Sul","41022","22ª Rs Ivaipora","41022","MACRORREGIONAL NORTE"
410442,"Candói","Paraná","Sul","41005","5ª Rs Guarapuava","41005","MACRORREGIONAL LESTE"
410445,"Cantagalo","Paraná","Sul","41005","5ª Rs Guarapuava","41005","MACRORREGIONAL LESTE"
410450,"Capanema","Paraná","Sul","41008","8ª Rs Francisco Beltrao","41008","MACRORREGIAO OESTE"
410460,"Capitão Leônidas Marques","Paraná","Sul","41010","10ª Rs Cascavel","41010","MACRORREGIAO OESTE"
410465,"Carambeí","Paraná","Sul","41003","3ª Rs Ponta Grossa","41003","MACRORREGIONAL LESTE"
410470,"Carlópolis","Paraná","Sul","41019","19ª Rs Jacarezinho","41019","MACRORREGIONAL NORTE"
410480,"Cascavel","Paraná","Sul","41010","10ª Rs Cascavel","41010","MACRORREGIAO OESTE"
410490,"Castro","Paraná","Sul","41003","3ª Rs Ponta Grossa","41003","MACRORREGIONAL LESTE"
410500,"Catanduvas","Paraná","Sul","41010","10ª Rs Cascavel","41010","MACRORREGIAO OESTE"
410510,"Centenário do Sul","Paraná","Sul","41017","17ª Rs Londrina","41017","MACRORREGIONAL NORTE"
410520,"Cerro Azul","Paraná","Sul","41002","2ª Rs Metropolitana","41002","MACRORREGIONAL LESTE"
410530,"Céu Azul","Paraná","Sul","41010","10ª Rs Cascavel","41010","MACRORREGIAO OESTE"
410540,"Chopinzinho","Paraná","Sul","41007","7ª Rs Pato Branco","41007","MACRORREGIAO OESTE"
410550,"Cianorte","Paraná","Sul","41013","13ª Rs Cianorte","41013","MACRORREGIONAL NOROESTE"
410560,"Cidade Gaúcha","Paraná","Sul","41013","13ª Rs Cianorte","41013","MACRORREGIONAL NOROESTE"
410570,"Clevelândia","Paraná","Sul","41007","7ª Rs Pato Branco","41007","MACRORREGIAO OESTE"
410580,"Colombo","Paraná","Sul","41002","2ª Rs Metropolitana","41002","MACRORREGIONAL LESTE"
410590,"Colorado","Paraná","Sul","41015","15ª Rs Maringa","41015","MACRORREGIONAL NOROESTE"
410600,"Congonhinhas","Paraná","Sul","41018","18ª Rs Cornelio Procopio","41018","MACRORREGIONAL NORTE"
410610,"Conselheiro Mairinck","Paraná","Sul","41019","19ª Rs Jacarezinho","41019","MACRORREGIONAL NORTE"
410620,"Contenda","Paraná","Sul","41002","2ª Rs Metropolitana","41002","MACRORREGIONAL LESTE"
410630,"Corbélia","Paraná","Sul","41010","10ª Rs Cascavel","41010","MACRORREGIAO OESTE"
410640,"Cornélio Procópio","Paraná","Sul","41018","18ª Rs Cornelio Procopio","41018","MACRORREGIONAL NORTE"
410645,"Coronel Domingos Soares","Paraná","Sul","41007","7ª Rs Pato Branco","41007","MACRORREGIAO OESTE"
410650,"Coronel Vivida","Paraná","Sul","41007","7ª Rs Pato Branco","41007","MACRORREGIAO OESTE"
410655,"Corumbataí do Sul","Paraná","Sul","41011","11ª Rs Campo Mourao","41011","MACRORREGIONAL NOROESTE"
410680,"Cruz Machado","Paraná","Sul","41006","6ª Rs Uniao Da Vitoria","41006","MACRORREGIONAL LESTE"
410657,"Cruzeiro do Iguaçu","Paraná","Sul","41008","8ª Rs Francisco Beltrao","41008","MACRORREGIAO OESTE"
410660,"Cruzeiro do Oeste","Paraná","Sul","41012","12ª Rs Umuarama","41012","MACRORREGIONAL NOROESTE"
410670,"Cruzeiro do Sul","Paraná","Sul","41014","14ª Rs Paranavai","41014","MACRORREGIONAL NOROESTE"
410685,"Cruzmaltina","Paraná","Sul","41022","22ª Rs Ivaipora","41022","MACRORREGIONAL NORTE"
410690,"Curitiba","Paraná","Sul","41002","2ª Rs Metropolitana","41002","MACRORREGIONAL LESTE"
410700,"Curiúva","Paraná","Sul","41021","21ª Rs Telemaco Borba","41021","MACRORREGIONAL LESTE"
410710,"Diamante do Norte","Paraná","Sul","41014","14ª Rs Paranavai","41014","MACRORREGIONAL NOROESTE"
410712,"Diamante do Sul","Paraná","Sul","41010","10ª Rs Cascavel","41010","MACRORREGIAO OESTE"
410715,"Diamante D'Oeste","Paraná","Sul","41020","20ª Rs Toledo","41020","MACRORREGIAO OESTE"
410720,"Dois Vizinhos","Paraná","Sul","41008","8ª Rs Francisco Beltrao","41008","MACRORREGIAO OESTE"
410725,"Douradina","Paraná","Sul","41012","12ª Rs Umuarama","41012","MACRORREGIONAL NOROESTE"
410730,"Doutor Camargo","Paraná","Sul","41015","15ª Rs Maringa","41015","MACRORREGIONAL NOROESTE"
412863,"Doutor Ulysses","Paraná","Sul","41002","2ª Rs Metropolitana","41002","MACRORREGIONAL LESTE"
410740,"Enéas Marques","Paraná","Sul","41008","8ª Rs Francisco Beltrao","41008","MACRORREGIAO OESTE"
410750,"Engenheiro Beltrão","Paraná","Sul","41011","11ª Rs Campo Mourao","41011","MACRORREGIONAL NOROESTE"
410753,"Entre Rios do Oeste","Paraná","Sul","41020","20ª Rs Toledo","41020","MACRORREGIAO OESTE"
410752,"Esperança Nova","Paraná","Sul","41012","12ª Rs Umuarama","41012","MACRORREGIONAL NOROESTE"
410754,"Espigão Alto do Iguaçu","Paraná","Sul","41010","10ª Rs Cascavel","41010","MACRORREGIAO OESTE"
410755,"Farol","Paraná","Sul","41011","11ª Rs Campo Mourao","41011","MACRORREGIONAL NOROESTE"
410760,"Faxinal","Paraná","Sul","41016","16ª Rs Apucarana","41016","MACRORREGIONAL NORTE"
410765,"Fazenda Rio Grande","Paraná","Sul","41002","2ª Rs Metropolitana","41002","MACRORREGIONAL LESTE"
410770,"Fênix","Paraná","Sul","41011","11ª Rs Campo Mourao","41011","MACRORREGIONAL NOROESTE"
410773,"Fernandes Pinheiro","Paraná","Sul","41004","4ª Rs Irati","41004","MACRORREGIONAL LESTE"
410775,"Figueira","Paraná","Sul","41019","19ª Rs Jacarezinho","41019","MACRORREGIONAL NORTE"
410785,"Flor da Serra do Sul","Paraná","Sul","41008","8ª Rs Francisco Beltrao","41008","MACRORREGIAO OESTE"
410780,"Floraí","Paraná","Sul","41015","15ª Rs Maringa","41015","MACRORREGIONAL NOROESTE"
410790,"Floresta","Paraná","Sul","41015","15ª Rs Maringa","41015","MACRORREGIONAL NOROESTE"
410800,"Florestópolis","Paraná","Sul","41017","17ª Rs Londrina","41017","MACRORREGIONAL NORTE"
410810,"Flórida","Paraná","Sul","41015","15ª Rs Maringa","41015","MACRORREGIONAL NOROESTE"
410820,"Formosa do Oeste","Paraná","Sul","41010","10ª Rs Cascavel","41010","MACRORREGIAO OESTE"
410830,"Foz do Iguaçu","Paraná","Sul","41009","9ª Rs Foz Do Iguacu","41009","MACRORREGIAO OESTE"
410845,"Foz do Jordão","Paraná","Sul","41005","5ª Rs Guarapuava","41005","MACRORREGIONAL LESTE"
410832,"Francisco Alves","Paraná","Sul","41012","12ª Rs Umuarama","41012","MACRORREGIONAL NOROESTE"
410840,"Francisco Beltrão","Paraná","Sul","41008","8ª Rs Francisco Beltrao","41008","MACRORREGIAO OESTE"
410850,"General Carneiro","Paraná","Sul","41006","6ª Rs Uniao Da Vitoria","41006","MACRORREGIONAL LESTE"
410855,"Godoy Moreira","Paraná","Sul","41022","22ª Rs Ivaipora","41022","MACRORREGIONAL NORTE"
410860,"Goioerê","Paraná","Sul","41011","11ª Rs Campo Mourao","41011","MACRORREGIONAL NOROESTE"
410865,"Goioxim","Paraná","Sul","41005","5ª Rs Guarapuava","41005","MACRORREGIONAL LESTE"
410870,"Grandes Rios","Paraná","Sul","41016","16ª Rs Apucarana","41016","MACRORREGIONAL NORTE"
410880,"Guaíra","Paraná","Sul","41020","20ª Rs Toledo","41020","MACRORREGIAO OESTE"
410890,"Guairaçá","Paraná","Sul","41014","14ª Rs Paranavai","41014","MACRORREGIONAL NOROESTE"
410895,"Guamiranga","Paraná","Sul","41004","4ª Rs Irati","41004","MACRORREGIONAL LESTE"
410900,"Guapirama","Paraná","Sul","41019","19ª Rs Jacarezinho","41019","MACRORREGIONAL NORTE"
410910,"Guaporema","Paraná","Sul","41013","13ª Rs Cianorte","41013","MACRORREGIONAL NOROESTE"
410920,"Guaraci","Paraná","Sul","41017","17ª Rs Londrina","41017","MACRORREGIONAL NORTE"
410930,"Guaraniaçu","Paraná","Sul","41010","10ª Rs Cascavel","41010","MACRORREGIAO OESTE"
410940,"Guarapuava","Paraná","Sul","41005","5ª Rs Guarapuava","41005","MACRORREGIONAL LESTE"
410950,"Guaraqueçaba","Paraná","Sul","41001","1ª Rs Paranagua","41001","MACRORREGIONAL LESTE"
410960,"Guaratuba","Paraná","Sul","41001","1ª Rs Paranagua","41001","MACRORREGIONAL LESTE"
410965,"Honório Serpa","Paraná","Sul","41007","7ª Rs Pato Branco","41007","MACRORREGIAO OESTE"
410970,"Ibaiti","Paraná","Sul","41019","19ª Rs Jacarezinho","41019","MACRORREGIONAL NORTE"
410975,"Ibema","Paraná","Sul","41010","10ª Rs Cascavel","41010","MACRORREGIAO OESTE"
410980,"Ibiporã","Paraná","Sul","41017","17ª Rs Londrina","41017","MACRORREGIONAL NORTE"
410990,"Icaraíma","Paraná","Sul","41012","12ª Rs Umuarama","41012","MACRORREGIONAL NOROESTE"
411000,"Iguaraçu","Paraná","Sul","41015","15ª Rs Maringa","41015","MACRORREGIONAL NOROESTE"
411005,"Iguatu","Paraná","Sul","41010","10ª Rs Cascavel","41010","MACRORREGIAO OESTE"
411007,"Imbaú","Paraná","Sul","41021","21ª Rs Telemaco Borba","41021","MACRORREGIONAL LESTE"
411010,"Imbituva","Paraná","Sul","41004","4ª Rs Irati","41004","MACRORREGIONAL LESTE"
411020,"Inácio Martins","Paraná","Sul","41004","4ª Rs Irati","41004","MACRORREGIONAL LESTE"
411030,"Inajá","Paraná","Sul","41014","14ª Rs Paranavai","41014","MACRORREGIONAL NOROESTE"
411040,"Indianópolis","Paraná","Sul","41013","13ª Rs Cianorte","41013","MACRORREGIONAL NOROESTE"
411050,"Ipiranga","Paraná","Sul","41003","3ª Rs Ponta Grossa","41003","MACRORREGIONAL LESTE"
411060,"Iporã","Paraná","Sul","41012","12ª Rs Umuarama","41012","MACRORREGIONAL NOROESTE"
411065,"Iracema do Oeste","Paraná","Sul","41010","10ª Rs Cascavel","41010","MACRORREGIAO OESTE"
411070,"Irati","Paraná","Sul","41004","4ª Rs Irati","41004","MACRORREGIONAL LESTE"
411080,"Iretama","Paraná","Sul","41011","11ª Rs Campo Mourao","41011","MACRORREGIONAL NOROESTE"
411090,"Itaguajé","Paraná","Sul","41015","15ª Rs Maringa","41015","MACRORREGIONAL NOROESTE"
411095,"Itaipulândia","Paraná","Sul","41009","9ª Rs Foz Do Iguacu","41009","MACRORREGIAO OESTE"
411100,"Itambaracá","Paraná","Sul","41018","18ª Rs Cornelio Procopio","41018","MACRORREGIONAL NORTE"
411110,"Itambé","Paraná","Sul","41015","15ª Rs Maringa","41015","MACRORREGIONAL NOROESTE"
411120,"Itapejara d'Oeste","Paraná","Sul","41007","7ª Rs Pato Branco","41007","MACRORREGIAO OESTE"
411125,"Itaperuçu","Paraná","Sul","41002","2ª Rs Metropolitana","41002","MACRORREGIONAL LESTE"
411130,"Itaúna do Sul","Paraná","Sul","41014","14ª Rs Paranavai","41014","MACRORREGIONAL NOROESTE"
411140,"Ivaí","Paraná","Sul","41003","3ª Rs Ponta Grossa","41003","MACRORREGIONAL LESTE"
411150,"Ivaiporã","Paraná","Sul","41022","22ª Rs Ivaipora","41022","MACRORREGIONAL NORTE"
411155,"Ivaté","Paraná","Sul","41012","12ª Rs Umuarama","41012","MACRORREGIONAL NOROESTE"
411160,"Ivatuba","Paraná","Sul","41015","15ª Rs Maringa","41015","MACRORREGIONAL NOROESTE"
411170,"Jaboti","Paraná","Sul","41019","19ª Rs Jacarezinho","41019","MACRORREGIONAL NORTE"
411180,"Jacarezinho","Paraná","Sul","41019","19ª Rs Jacarezinho","41019","MACRORREGIONAL NORTE"
411190,"Jaguapitã","Paraná","Sul","41017","17ª Rs Londrina","41017","MACRORREGIONAL NORTE"
411200,"Jaguariaíva","Paraná","Sul","41003","3ª Rs Ponta Grossa","41003","MACRORREGIONAL LESTE"
411210,"Jandaia do Sul","Paraná","Sul","41016","16ª Rs Apucarana","41016","MACRORREGIONAL NORTE"
411220,"Janiópolis","Paraná","Sul","41011","11ª Rs Campo Mourao","41011","MACRORREGIONAL NOROESTE"
411230,"Japira","Paraná","Sul","41019","19ª Rs Jacarezinho","41019","MACRORREGIONAL NORTE"
411240,"Japurá","Paraná","Sul","41013","13ª Rs Cianorte","41013","MACRORREGIONAL NOROESTE"
411250,"Jardim Alegre","Paraná","Sul","41022","22ª Rs Ivaipora","41022","MACRORREGIONAL NORTE"
411260,"Jardim Olinda","Paraná","Sul","41014","14ª Rs Paranavai","41014","MACRORREGIONAL NOROESTE"
411270,"Jataizinho","Paraná","Sul","41017","17ª Rs Londrina","41017","MACRORREGIONAL NORTE"
411275,"Jesuítas","Paraná","Sul","41010","10ª Rs Cascavel","41010","MACRORREGIAO OESTE"
411280,"Joaquim Távora","Paraná","Sul","41019","19ª Rs Jacarezinho","41019","MACRORREGIONAL NORTE"
411290,"Jundiaí do Sul","Paraná","Sul","41019","19ª Rs Jacarezinho","41019","MACRORREGIONAL NORTE"
411295,"Juranda","Paraná","Sul","41011","11ª Rs Campo Mourao","41011","MACRORREGIONAL NOROESTE"
411300,"Jussara","Paraná","Sul","41013","13ª Rs Cianorte","41013","MACRORREGIONAL NOROESTE"
411310,"Kaloré","Paraná","Sul","41016","16ª Rs Apucarana","41016","MACRORREGIONAL NORTE"
411320,"Lapa","Paraná","Sul","41002","2ª Rs Metropolitana","41002","MACRORREGIONAL LESTE"
411325,"Laranjal","Paraná","Sul","41005","5ª Rs Guarapuava","41005","MACRORREGIONAL LESTE"
411330,"Laranjeiras do Sul","Paraná","Sul","41005","5ª Rs Guarapuava","41005","MACRORREGIONAL LESTE"
411340,"Leópolis","Paraná","Sul","41018","18ª Rs Cornelio Procopio","41018","MACRORREGIONAL NORTE"
411342,"Lidianópolis","Paraná","Sul","41022","22ª Rs Ivaipora","41022","MACRORREGIONAL NORTE"
411345,"Lindoeste","Paraná","Sul","41010","10ª Rs Cascavel","41010","MACRORREGIAO OESTE"
411350,"Loanda","Paraná","Sul","41014","14ª Rs Paranavai","41014","MACRORREGIONAL NOROESTE"
411360,"Lobato","Paraná","Sul","41015","15ª Rs Maringa","41015","MACRORREGIONAL NOROESTE"
411370,"Londrina","Paraná","Sul","41017","17ª Rs Londrina","41017","MACRORREGIONAL NORTE"
411373,"Luiziana","Paraná","Sul","41011","11ª Rs Campo Mourao","41011","MACRORREGIONAL NOROESTE"
411375,"Lunardelli","Paraná","Sul","41022","22ª Rs Ivaipora","41022","MACRORREGIONAL NORTE"
411380,"Lupionópolis","Paraná","Sul","41017","17ª Rs Londrina","41017","MACRORREGIONAL NORTE"
411390,"Mallet","Paraná","Sul","41004","4ª Rs Irati","41004","MACRORREGIONAL LESTE"
411400,"Mamborê","Paraná","Sul","41011","11ª Rs Campo Mourao","41011","MACRORREGIONAL NOROESTE"
411410,"Mandaguaçu","Paraná","Sul","41015","15ª Rs Maringa","41015","MACRORREGIONAL NOROESTE"
411420,"Mandaguari","Paraná","Sul","41015","15ª Rs Maringa","41015","MACRORREGIONAL NOROESTE"
411430,"Mandirituba","Paraná","Sul","41002","2ª Rs Metropolitana","41002","MACRORREGIONAL LESTE"
411435,"Manfrinópolis","Paraná","Sul","41008","8ª Rs Francisco Beltrao","41008","MACRORREGIAO OESTE"
411440,"Mangueirinha","Paraná","Sul","41007","7ª Rs Pato Branco","41007","MACRORREGIAO OESTE"
411450,"Manoel Ribas","Paraná","Sul","41022","22ª Rs Ivaipora","41022","MACRORREGIONAL NORTE"
411460,"Marechal Cândido Rondon","Paraná","Sul","41020","20ª Rs Toledo","41020","MACRORREGIAO OESTE"
411470,"Maria Helena","Paraná","Sul","41012","12ª Rs Umuarama","41012","MACRORREGIONAL NOROESTE"
411480,"Marialva","Paraná","Sul","41015","15ª Rs Maringa","41015","MACRORREGIONAL NOROESTE"
411490,"Marilândia do Sul","Paraná","Sul","41016","16ª Rs Apucarana","41016","MACRORREGIONAL NORTE"
411500,"Marilena","Paraná","Sul","41014","14ª Rs Paranavai","41014","MACRORREGIONAL NOROESTE"
411510,"Mariluz","Paraná","Sul","41012","12ª Rs Umuarama","41012","MACRORREGIONAL NOROESTE"
411520,"Maringá","Paraná","Sul","41015","15ª Rs Maringa","41015","MACRORREGIONAL NOROESTE"
411530,"Mariópolis","Paraná","Sul","41007","7ª Rs Pato Branco","41007","MACRORREGIAO OESTE"
411535,"Maripá","Paraná","Sul","41020","20ª Rs Toledo","41020","MACRORREGIAO OESTE"
411540,"Marmeleiro","Paraná","Sul","41008","8ª Rs Francisco Beltrao","41008","MACRORREGIAO OESTE"
411545,"Marquinho","Paraná","Sul","41005","5ª Rs Guarapuava","41005","MACRORREGIONAL LESTE"
411550,"Marumbi","Paraná","Sul","41016","16ª Rs Apucarana","41016","MACRORREGIONAL NORTE"
411560,"Matelândia","Paraná","Sul","41009","9ª Rs Foz Do Iguacu","41009","MACRORREGIAO OESTE"
411570,"Matinhos","Paraná","Sul","41001","1ª Rs Paranagua","41001","MACRORREGIONAL LESTE"
411573,"Mato Rico","Paraná","Sul","41022","22ª Rs Ivaipora","41022","MACRORREGIONAL NORTE"
411575,"Mauá da Serra","Paraná","Sul","41016","16ª Rs Apucarana","41016","MACRORREGIONAL NORTE"
411580,"Medianeira","Paraná","Sul","41009","9ª Rs Foz Do Iguacu","41009","MACRORREGIAO OESTE"
411585,"Mercedes","Paraná","Sul","41020","20ª Rs Toledo","41020","MACRORREGIAO OESTE"
411590,"Mirador","Paraná","Sul","41014","14ª Rs Paranavai","41014","MACRORREGIONAL NOROESTE"
411600,"Miraselva","Paraná","Sul","41017","17ª Rs Londrina","41017","MACRORREGIONAL NORTE"
411605,"Missal","Paraná","Sul","41009","9ª Rs Foz Do Iguacu","41009","MACRORREGIAO OESTE"
411610,"Moreira Sales","Paraná","Sul","41011","11ª Rs Campo Mourao","41011","MACRORREGIONAL NOROESTE"
411620,"Morretes","Paraná","Sul","41001","1ª Rs Paranagua","41001","MACRORREGIONAL LESTE"
411630,"Munhoz de Melo","Paraná","Sul","41015","15ª Rs Maringa","41015","MACRORREGIONAL NOROESTE"
411640,"Nossa Senhora das Graças","Paraná","Sul","41015","15ª Rs Maringa","41015","MACRORREGIONAL NOROESTE"
411650,"Nova Aliança do Ivaí","Paraná","Sul","41014","14ª Rs Paranavai","41014","MACRORREGIONAL NOROESTE"
411660,"Nova América da Colina","Paraná","Sul","41018","18ª Rs Cornelio Procopio","41018","MACRORREGIONAL NORTE"
411670,"Nova Aurora","Paraná","Sul","41010","10ª Rs Cascavel","41010","MACRORREGIAO OESTE"
411680,"Nova Cantu","Paraná","Sul","41011","11ª Rs Campo Mourao","41011","MACRORREGIONAL NOROESTE"
411690,"Nova Esperança","Paraná","Sul","41015","15ª Rs Maringa","41015","MACRORREGIONAL NOROESTE"
411695,"Nova Esperança do Sudoeste","Paraná","Sul","41008","8ª Rs Francisco Beltrao","41008","MACRORREGIAO OESTE"
411700,"Nova Fátima","Paraná","Sul","41018","18ª Rs Cornelio Procopio","41018","MACRORREGIONAL NORTE"
411705,"Nova Laranjeiras","Paraná","Sul","41005","5ª Rs Guarapuava","41005","MACRORREGIONAL LESTE"
411710,"Nova Londrina","Paraná","Sul","41014","14ª Rs Paranavai","41014","MACRORREGIONAL NOROESTE"
411720,"Nova Olímpia","Paraná","Sul","41012","12ª Rs Umuarama","41012","MACRORREGIONAL NOROESTE"
411725,"Nova Prata do Iguaçu","Paraná","Sul","41008","8ª Rs Francisco Beltrao","41008","MACRORREGIAO OESTE"
411721,"Nova Santa Bárbara","Paraná","Sul","41018","18ª Rs Cornelio Procopio","41018","MACRORREGIONAL NORTE"
411722,"Nova Santa Rosa","Paraná","Sul","41020","20ª Rs Toledo","41020","MACRORREGIAO OESTE"
411727,"Nova Tebas","Paraná","Sul","41022","22ª Rs Ivaipora","41022","MACRORREGIONAL NORTE"
411729,"Novo Itacolomi","Paraná","Sul","41016","16ª Rs Apucarana","41016","MACRORREGIONAL NORTE"
411730,"Ortigueira","Paraná","Sul","41021","21ª Rs Telemaco Borba","41021","MACRORREGIONAL LESTE"
411740,"Ourizona","Paraná","Sul","41015","15ª Rs Maringa","41015","MACRORREGIONAL NOROESTE"
411745,"Ouro Verde do Oeste","Paraná","Sul","41020","20ª Rs Toledo","41020","MACRORREGIAO OESTE"
411750,"Paiçandu","Paraná","Sul","41015","15ª Rs Maringa","41015","MACRORREGIONAL NOROESTE"
411760,"Palmas","Paraná","Sul","41007","7ª Rs Pato Branco","41007","MACRORREGIAO OESTE"
411770,"Palmeira","Paraná","Sul","41003","3ª Rs Ponta Grossa","41003","MACRORREGIONAL LESTE"
411780,"Palmital","Paraná","Sul","41005","5ª Rs Guarapuava","41005","MACRORREGIONAL LESTE"
411790,"Palotina","Paraná","Sul","41020","20ª Rs Toledo","41020","MACRORREGIAO OESTE"
411800,"Paraíso do Norte","Paraná","Sul","41014","14ª Rs Paranavai","41014","MACRORREGIONAL NOROESTE"
411810,"Paranacity","Paraná","Sul","41015","15ª Rs Maringa","41015","MACRORREGIONAL NOROESTE"
411820,"Paranaguá","Paraná","Sul","41001","1ª Rs Paranagua","41001","MACRORREGIONAL LESTE"
411830,"Paranapoema","Paraná","Sul","41014","14ª Rs Paranavai","41014","MACRORREGIONAL NOROESTE"
411840,"Paranavaí","Paraná","Sul","41014","14ª Rs Paranavai","41014","MACRORREGIONAL NOROESTE"
411845,"Pato Bragado","Paraná","Sul","41020","20ª Rs Toledo","41020","MACRORREGIAO OESTE"
411850,"Pato Branco","Paraná","Sul","41007","7ª Rs Pato Branco","41007","MACRORREGIAO OESTE"
411860,"Paula Freitas","Paraná","Sul","41006","6ª Rs Uniao Da Vitoria","41006","MACRORREGIONAL LESTE"
411870,"Paulo Frontin","Paraná","Sul","41006","6ª Rs Uniao Da Vitoria","41006","MACRORREGIONAL LESTE"
411880,"Peabiru","Paraná","Sul","41011","11ª Rs Campo Mourao","41011","MACRORREGIONAL NOROESTE"
411885,"Perobal","Paraná","Sul","41012","12ª Rs Umuarama","41012","MACRORREGIONAL NOROESTE"
411890,"Pérola","Paraná","Sul","41012","12ª Rs Umuarama","41012","MACRORREGIONAL NOROESTE"
411900,"Pérola d'Oeste","Paraná","Sul","41008","8ª Rs Francisco Beltrao","41008","MACRORREGIAO OESTE"
411910,"Piên","Paraná","Sul","41002","2ª Rs Metropolitana","41002","MACRORREGIONAL LESTE"
411915,"Pinhais","Paraná","Sul","41002","2ª Rs Metropolitana","41002","MACRORREGIONAL LESTE"
411925,"Pinhal de São Bento","Paraná","Sul","41008","8ª Rs Francisco Beltrao","41008","MACRORREGIAO OESTE"
411920,"Pinhalão","Paraná","Sul","41019","19ª Rs Jacarezinho","41019","MACRORREGIONAL NORTE"
411930,"Pinhão","Paraná","Sul","41005","5ª Rs Guarapuava","41005","MACRORREGIONAL LESTE"
411940,"Piraí do Sul","Paraná","Sul","41003","3ª Rs Ponta Grossa","41003","MACRORREGIONAL LESTE"
411950,"Piraquara","Paraná","Sul","41002","2ª Rs Metropolitana","41002","MACRORREGIONAL LESTE"
411960,"Pitanga","Paraná","Sul","41005","5ª Rs Guarapuava","41005","MACRORREGIONAL LESTE"
411965,"Pitangueiras","Paraná","Sul","41017","17ª Rs Londrina","41017","MACRORREGIONAL NORTE"
411970,"Planaltina do Paraná","Paraná","Sul","41014","14ª Rs Paranavai","41014","MACRORREGIONAL NOROESTE"
411980,"Planalto","Paraná","Sul","41008","8ª Rs Francisco Beltrao","41008","MACRORREGIAO OESTE"
411990,"Ponta Grossa","Paraná","Sul","41003","3ª Rs Ponta Grossa","41003","MACRORREGIONAL LESTE"
411995,"Pontal do Paraná","Paraná","Sul","41001","1ª Rs Paranagua","41001","MACRORREGIONAL LESTE"
412000,"Porecatu","Paraná","Sul","41017","17ª Rs Londrina","41017","MACRORREGIONAL NORTE"
412010,"Porto Amazonas","Paraná","Sul","41003","3ª Rs Ponta Grossa","41003","MACRORREGIONAL LESTE"
412015,"Porto Barreiro","Paraná","Sul","41005","5ª Rs Guarapuava","41005","MACRORREGIONAL LESTE"
412020,"Porto Rico","Paraná","Sul","41014","14ª Rs Paranavai","41014","MACRORREGIONAL NOROESTE"
412030,"Porto Vitória","Paraná","Sul","41006","6ª Rs Uniao Da Vitoria","41006","MACRORREGIONAL LESTE"
412033,"Prado Ferreira","Paraná","Sul","41017","17ª Rs Londrina","41017","MACRORREGIONAL NORTE"
412035,"Pranchita","Paraná","Sul","41008","8ª Rs Francisco Beltrao","41008","MACRORREGIAO OESTE"
412040,"Presidente Castelo Branco","Paraná","Sul","41015","15ª Rs Maringa","41015","MACRORREGIONAL NOROESTE"
412050,"Primeiro de Maio","Paraná","Sul","41017","17ª Rs Londrina","41017","MACRORREGIONAL NORTE"
412060,"Prudentópolis","Paraná","Sul","41005","5ª Rs Guarapuava","41005","MACRORREGIONAL LESTE"
412065,"Quarto Centenário","Paraná","Sul","41011","11ª Rs Campo Mourao","41011","MACRORREGIONAL NOROESTE"
412070,"Quatiguá","Paraná","Sul","41019","19ª Rs Jacarezinho","41019","MACRORREGIONAL NORTE"
412080,"Quatro Barras","Paraná","Sul","41002","2ª Rs Metropolitana","41002","MACRORREGIONAL LESTE"
412085,"Quatro Pontes","Paraná","Sul","41020","20ª Rs Toledo","41020","MACRORREGIAO OESTE"
412090,"Quedas do Iguaçu","Paraná","Sul","41010","10ª Rs Cascavel","41010","MACRORREGIAO OESTE"
412100,"Querência do Norte","Paraná","Sul","41014","14ª Rs Paranavai","41014","MACRORREGIONAL NOROESTE"
412110,"Quinta do Sol","Paraná","Sul","41011","11ª Rs Campo Mourao","41011","MACRORREGIONAL NOROESTE"
412120,"Quitandinha","Paraná","Sul","41002","2ª Rs Metropolitana","41002","MACRORREGIONAL LESTE"
412125,"Ramilândia","Paraná","Sul","41009","9ª Rs Foz Do Iguacu","41009","MACRORREGIAO OESTE"
412130,"Rancho Alegre","Paraná","Sul","41018","18ª Rs Cornelio Procopio","41018","MACRORREGIONAL NORTE"
412135,"Rancho Alegre D'Oeste","Paraná","Sul","41011","11ª Rs Campo Mourao","41011","MACRORREGIONAL NOROESTE"
412140,"Realeza","Paraná","Sul","41008","8ª Rs Francisco Beltrao","41008","MACRORREGIAO OESTE"
412150,"Rebouças","Paraná","Sul","41004","4ª Rs Irati","41004","MACRORREGIONAL LESTE"
412160,"Renascença","Paraná","Sul","41008","8ª Rs Francisco Beltrao","41008","MACRORREGIAO OESTE"
412170,"Reserva","Paraná","Sul","41021","21ª Rs Telemaco Borba","41021","MACRORREGIONAL LESTE"
412175,"Reserva do Iguaçu","Paraná","Sul","41005","5ª Rs Guarapuava","41005","MACRORREGIONAL LESTE"
412180,"Ribeirão Claro","Paraná","Sul","41019","19ª Rs Jacarezinho","41019","MACRORREGIONAL NORTE"
412190,"Ribeirão do Pinhal","Paraná","Sul","41018","18ª Rs Cornelio Procopio","41018","MACRORREGIONAL NORTE"
412200,"Rio Azul","Paraná","Sul","41004","4ª Rs Irati","41004","MACRORREGIONAL LESTE"
412210,"Rio Bom","Paraná","Sul","41016","16ª Rs Apucarana","41016","MACRORREGIONAL NORTE"
412215,"Rio Bonito do Iguaçu","Paraná","Sul","41005","5ª Rs Guarapuava","41005","MACRORREGIONAL LESTE"
412217,"Rio Branco do Ivaí","Paraná","Sul","41022","22ª Rs Ivaipora","41022","MACRORREGIONAL NORTE"
412220,"Rio Branco do Sul","Paraná","Sul","41002","2ª Rs Metropolitana","41002","MACRORREGIONAL LESTE"
412230,"Rio Negro","Paraná","Sul","41002","2ª Rs Metropolitana","41002","MACRORREGIONAL LESTE"
412240,"Rolândia","Paraná","Sul","41017","17ª Rs Londrina","41017","MACRORREGIONAL NORTE"
412250,"Roncador","Paraná","Sul","41011","11ª Rs Campo Mourao","41011","MACRORREGIONAL NOROESTE"
412260,"Rondon","Paraná","Sul","41013","13ª Rs Cianorte","41013","MACRORREGIONAL NOROESTE"
412265,"Rosário do Ivaí","Paraná","Sul","41022","22ª Rs Ivaipora","41022","MACRORREGIONAL NORTE"
412270,"Sabáudia","Paraná","Sul","41016","16ª Rs Apucarana","41016","MACRORREGIONAL NORTE"
412280,"Salgado Filho","Paraná","Sul","41008","8ª Rs Francisco Beltrao","41008","MACRORREGIAO OESTE"
412290,"Salto do Itararé","Paraná","Sul","41019","19ª Rs Jacarezinho","41019","MACRORREGIONAL NORTE"
412300,"Salto do Lontra","Paraná","Sul","41008","8ª Rs Francisco Beltrao","41008","MACRORREGIAO OESTE"
412310,"Santa Amélia","Paraná","Sul","41018","18ª Rs Cornelio Procopio","41018","MACRORREGIONAL NORTE"
412320,"Santa Cecília do Pavão","Paraná","Sul","41018","18ª Rs Cornelio Procopio","41018","MACRORREGIONAL NORTE"
412330,"Santa Cruz de Monte Castelo","Paraná","Sul","41014","14ª Rs Paranavai","41014","MACRORREGIONAL NOROESTE"
412340,"Santa Fé","Paraná","Sul","41015","15ª Rs Maringa","41015","MACRORREGIONAL NOROESTE"
412350,"Santa Helena","Paraná","Sul","41020","20ª Rs Toledo","41020","MACRORREGIAO OESTE"
412360,"Santa Inês","Paraná","Sul","41015","15ª Rs Maringa","41015","MACRORREGIONAL NOROESTE"
412370,"Santa Isabel do Ivaí","Paraná","Sul","41014","14ª Rs Paranavai","41014","MACRORREGIONAL NOROESTE"
412380,"Santa Izabel do Oeste","Paraná","Sul","41008","8ª Rs Francisco Beltrao","41008","MACRORREGIAO OESTE"
412382,"Santa Lúcia","Paraná","Sul","41010","10ª Rs Cascavel","41010","MACRORREGIAO OESTE"
412385,"Santa Maria do Oeste","Paraná","Sul","41022","22ª Rs Ivaipora","41022","MACRORREGIONAL NORTE"
412390,"Santa Mariana","Paraná","Sul","41018","18ª Rs Cornelio Procopio","41018","MACRORREGIONAL NORTE"
412395,"Santa Mônica","Paraná","Sul","41014","14ª Rs Paranavai","41014","MACRORREGIONAL NOROESTE"
412402,"Santa Tereza do Oeste","Paraná","Sul","41010","10ª Rs Cascavel","41010","MACRORREGIAO OESTE"
412405,"Santa Terezinha de Itaipu","Paraná","Sul","41009","9ª Rs Foz Do Iguacu","41009","MACRORREGIAO OESTE"
412400,"Santana do Itararé","Paraná","Sul","41019","19ª Rs Jacarezinho","41019","MACRORREGIONAL NORTE"
412410,"Santo Antônio da Platina","Paraná","Sul","41019","19ª Rs Jacarezinho","41019","MACRORREGIONAL NORTE"
412420,"Santo Antônio do Caiuá","Paraná","Sul","41014","14ª Rs Paranavai","41014","MACRORREGIONAL NOROESTE"
412430,"Santo Antônio do Paraíso","Paraná","Sul","41018","18ª Rs Cornelio Procopio","41018","MACRORREGIONAL NORTE"
412440,"Santo Antônio do Sudoeste","Paraná","Sul","41008","8ª Rs Francisco Beltrao","41008","MACRORREGIAO OESTE"
412450,"Santo Inácio","Paraná","Sul","41015","15ª Rs Maringa","41015","MACRORREGIONAL NOROESTE"
412460,"São Carlos do Ivaí","Paraná","Sul","41014","14ª Rs Paranavai","41014","MACRORREGIONAL NOROESTE"
412470,"São Jerônimo da Serra","Paraná","Sul","41018","18ª Rs Cornelio Procopio","41018","MACRORREGIONAL NORTE"
412480,"São João","Paraná","Sul","41007","7ª Rs Pato Branco","41007","MACRORREGIAO OESTE"
412490,"São João do Caiuá","Paraná","Sul","41014","14ª Rs Paranavai","41014","MACRORREGIONAL NOROESTE"
412500,"São João do Ivaí","Paraná","Sul","41022","22ª Rs Ivaipora","41022","MACRORREGIONAL NORTE"
412510,"São João do Triunfo","Paraná","Sul","41003","3ª Rs Ponta Grossa","41003","MACRORREGIONAL LESTE"
412520,"São Jorge d'Oeste","Paraná","Sul","41008","8ª Rs Francisco Beltrao","41008","MACRORREGIAO OESTE"
412530,"São Jorge do Ivaí","Paraná","Sul","41015","15ª Rs Maringa","41015","MACRORREGIONAL NOROESTE"
412535,"São Jorge do Patrocínio","Paraná","Sul","41012","12ª Rs Umuarama","41012","MACRORREGIONAL NOROESTE"
412540,"São José da Boa Vista","Paraná","Sul","41019","19ª Rs Jacarezinho","41019","MACRORREGIONAL NORTE"
412545,"São José das Palmeiras","Paraná","Sul","41020","20ª Rs Toledo","41020","MACRORREGIAO OESTE"
412550,"São José dos Pinhais","Paraná","Sul","41002","2ª Rs Metropolitana","41002","MACRORREGIONAL LESTE"
412555,"São Manoel do Paraná","Paraná","Sul","41013","13ª Rs Cianorte","41013","MACRORREGIONAL NOROESTE"
412560,"São Mateus do Sul","Paraná","Sul","41006","6ª Rs Uniao Da Vitoria","41006","MACRORREGIONAL LESTE"
412570,"São Miguel do Iguaçu","Paraná","Sul","41009","9ª Rs Foz Do Iguacu","41009","MACRORREGIAO OESTE"
412575,"São Pedro do Iguaçu","Paraná","Sul","41020","20ª Rs Toledo","41020","MACRORREGIAO OESTE"
412580,"São Pedro do Ivaí","Paraná","Sul","41016","16ª Rs Apucarana","41016","MACRORREGIONAL NORTE"
412590,"São Pedro do Paraná","Paraná","Sul","41014","14ª Rs Paranavai","41014","MACRORREGIONAL NOROESTE"
412600,"São Sebastião da Amoreira","Paraná","Sul","41018","18ª Rs Cornelio Procopio","41018","MACRORREGIONAL NORTE"
412610,"São Tomé","Paraná","Sul","41013","13ª Rs Cianorte","41013","MACRORREGIONAL NOROESTE"
412620,"Sapopema","Paraná","Sul","41018","18ª Rs Cornelio Procopio","41018","MACRORREGIONAL NORTE"
412625,"Sarandi","Paraná","Sul","41015","15ª Rs Maringa","41015","MACRORREGIONAL NOROESTE"
412627,"Saudade do Iguaçu","Paraná","Sul","41007","7ª Rs Pato Branco","41007","MACRORREGIAO OESTE"
412630,"Sengés","Paraná","Sul","41003","3ª Rs Ponta Grossa","41003","MACRORREGIONAL LESTE"
412635,"Serranópolis do Iguaçu","Paraná","Sul","41009","9ª Rs Foz Do Iguacu","41009","MACRORREGIAO OESTE"
412640,"Sertaneja","Paraná","Sul","41018","18ª Rs Cornelio Procopio","41018","MACRORREGIONAL NORTE"
412650,"Sertanópolis","Paraná","Sul","41017","17ª Rs Londrina","41017","MACRORREGIONAL NORTE"
412660,"Siqueira Campos","Paraná","Sul","41019","19ª Rs Jacarezinho","41019","MACRORREGIONAL NORTE"
412665,"Sulina","Paraná","Sul","41007","7ª Rs Pato Branco","41007","MACRORREGIAO OESTE"
412667,"Tamarana","Paraná","Sul","41017","17ª Rs Londrina","41017","MACRORREGIONAL NORTE"
412670,"Tamboara","Paraná","Sul","41014","14ª Rs Paranavai","41014","MACRORREGIONAL NOROESTE"
412680,"Tapejara","Paraná","Sul","41013","13ª Rs Cianorte","41013","MACRORREGIONAL NOROESTE"
412690,"Tapira","Paraná","Sul","41012","12ª Rs Umuarama","41012","MACRORREGIONAL NOROESTE"
412700,"Teixeira Soares","Paraná","Sul","41004","4ª Rs Irati","41004","MACRORREGIONAL LESTE"
412710,"Telêmaco Borba","Paraná","Sul","41021","21ª Rs Telemaco Borba","41021","MACRORREGIONAL LESTE"
412720,"Terra Boa","Paraná","Sul","41011","11ª Rs Campo Mourao","41011","MACRORREGIONAL NOROESTE"
412730,"Terra Rica","Paraná","Sul","41014","14ª Rs Paranavai","41014","MACRORREGIONAL NOROESTE"
412740,"Terra Roxa","Paraná","Sul","41020","20ª Rs Toledo","41020","MACRORREGIAO OESTE"
412750,"Tibagi","Paraná","Sul","41021","21ª Rs Telemaco Borba","41021","MACRORREGIONAL LESTE"
412760,"Tijucas do Sul","Paraná","Sul","41002","2ª Rs Metropolitana","41002","MACRORREGIONAL LESTE"
412770,"Toledo","Paraná","Sul","41020","20ª Rs Toledo","41020","MACRORREGIAO OESTE"
412780,"Tomazina","Paraná","Sul","41019","19ª Rs Jacarezinho","41019","MACRORREGIONAL NORTE"
412785,"Três Barras do Paraná","Paraná","Sul","41010","10ª Rs Cascavel","41010","MACRORREGIAO OESTE"
412788,"Tunas do Paraná","Paraná","Sul","41002","2ª Rs Metropolitana","41002","MACRORREGIONAL LESTE"
412790,"Tuneiras do Oeste","Paraná","Sul","41013","13ª Rs Cianorte","41013","MACRORREGIONAL NOROESTE"
412795,"Tupãssi","Paraná","Sul","41020","20ª Rs Toledo","41020","MACRORREGIAO OESTE"
412796,"Turvo","Paraná","Sul","41005","5ª Rs Guarapuava","41005","MACRORREGIONAL LESTE"
412800,"Ubiratã","Paraná","Sul","41011","11ª Rs Campo Mourao","41011","MACRORREGIONAL NOROESTE"
412810,"Umuarama","Paraná","Sul","41012","12ª Rs Umuarama","41012","MACRORREGIONAL NOROESTE"
412820,"União da Vitória","Paraná","Sul","41006","6ª Rs Uniao Da Vitoria","41006","MACRORREGIONAL LESTE"
412830,"Uniflor","Paraná","Sul","41015","15ª Rs Maringa","41015","MACRORREGIONAL NOROESTE"
412840,"Uraí","Paraná","Sul","41018","18ª Rs Cornelio Procopio","41018","MACRORREGIONAL NORTE"
412853,"Ventania","Paraná","Sul","41021","21ª Rs Telemaco Borba","41021","MACRORREGIONAL LESTE"
412855,"Vera Cruz do Oeste","Paraná","Sul","41010","10ª Rs Cascavel","41010","MACRORREGIAO OESTE"
412860,"Verê","Paraná","Sul","41008","8ª Rs Francisco Beltrao","41008","MACRORREGIAO OESTE"
412865,"Virmond","Paraná","Sul","41005","5ª Rs Guarapuava","41005","MACRORREGIONAL LESTE"
412870,"Vitorino","Paraná","Sul","41007","7ª Rs Pato Branco","41007","MACRORREGIAO OESTE"
412850,"Wenceslau Braz","Paraná","Sul","41019","19ª Rs Jacarezinho","41019","MACRORREGIONAL NORTE"
412880,"Xambrê","Paraná","Sul","41012","12ª Rs Umuarama","41012","MACRORREGIONAL NOROESTE"
420005,"Abdon Batista","Santa Catarina","Sul","42008","Meio Oeste","42008","MEIO OESTE"
420010,"Abelardo Luz","Santa Catarina","Sul","42003","Xanxere","42003","GRANDE OESTE"
420020,"Agrolândia","Santa Catarina","Sul","42004","Alto Vale Do Itajai","42004","VALE DO ITAJAI"
420030,"Agronômica","Santa Catarina","Sul","42004","Alto Vale Do Itajai","42004","VALE DO ITAJAI"
420040,"Água Doce","Santa Catarina","Sul","42008","Meio Oeste","42008","MEIO OESTE"
420050,"Águas de Chapecó","Santa Catarina","Sul","42002","Oeste","42002","GRANDE OESTE"
420055,"Águas Frias","Santa Catarina","Sul","42002","Oeste","42002","GRANDE OESTE"
420060,"Águas Mornas","Santa Catarina","Sul","42007","Grande Florianopolis","42007","GRANDE FLORIANOPOLIS"
420070,"Alfredo Wagner","Santa Catarina","Sul","42007","Grande Florianopolis","42007","GRANDE FLORIANOPOLIS"
420075,"Alto Bela Vista","Santa Catarina","Sul","42010","Alto Uruguai Catarinense","42010","MEIO OESTE"
420080,"Anchieta","Santa Catarina","Sul","42001","Extremo Oeste","42001","GRANDE OESTE"
420090,"Angelina","Santa Catarina","Sul","42007","Grande Florianopolis","42007","GRANDE FLORIANOPOLIS"
420100,"Anita Garibaldi","Santa Catarina","Sul","42013","Serra Catarinense","42013","SERRA CATARINENSE"
420110,"Anitápolis","Santa Catarina","Sul","42007","Grande Florianopolis","42007","GRANDE FLORIANOPOLIS"
420120,"Antônio Carlos","Santa Catarina","Sul","42007","Grande Florianopolis","42007","GRANDE FLORIANOPOLIS"
420125,"Apiúna","Santa Catarina","Sul","42006","Medio Vale Do Itajai","42006","VALE DO ITAJAI"
420127,"Arabutã","Santa Catarina","Sul","42010","Alto Uruguai Catarinense","42010","MEIO OESTE"
420130,"Araquari","Santa Catarina","Sul","42011","Nordeste","42011","PLANALTO NORTE E NORDESTE"
420140,"Araranguá","Santa Catarina","Sul","42014","Extremo Sul Catarinense","42014","SUL"
420150,"Armazém","Santa Catarina","Sul","42016","Laguna","42016","SUL"
420160,"Arroio Trinta","Santa Catarina","Sul","42009","Alto Vale Do Rio Do Peixe","42009","MEIO OESTE"
420165,"Arvoredo","Santa Catarina","Sul","42002","Oeste","42002","GRANDE OESTE"
420170,"Ascurra","Santa Catarina","Sul","42006","Medio Vale Do Itajai","42006","VALE DO ITAJAI"
420180,"Atalanta","Santa Catarina","Sul","42004","Alto Vale Do Itajai","42004","VALE DO ITAJAI"
420190,"Aurora","Santa Catarina","Sul","42004","Alto Vale Do Itajai","42004","VALE DO ITAJAI"
420195,"Balneário Arroio do Silva","Santa Catarina","Sul","42014","Extremo Sul Catarinense","42014","SUL"
420205,"Balneário Barra do Sul","Santa Catarina","Sul","42011","Nordeste","42011","PLANALTO NORTE E NORDESTE"
420200,"Balneário Camboriú","Santa Catarina","Sul","42005","Foz Do Rio Itajai","42005","FOZ DO RIO ITAJAI"
420207,"Balneário Gaivota","Santa Catarina","Sul","42014","Extremo Sul Catarinense","42014","SUL"
421280,"Balneário Piçarras","Santa Catarina","Sul","42005","Foz Do Rio Itajai","42005","FOZ DO RIO ITAJAI"
420208,"Bandeirante","Santa Catarina","Sul","42001","Extremo Oeste","42001","GRANDE OESTE"
420209,"Barra Bonita","Santa Catarina","Sul","42001","Extremo Oeste","42001","GRANDE OESTE"
420210,"Barra Velha","Santa Catarina","Sul","42017","Vale Do Itapocu","42017","PLANALTO NORTE E NORDESTE"
420213,"Bela Vista do Toldo","Santa Catarina","Sul","42012","Planalto Norte","42012","PLANALTO NORTE E NORDESTE"
420215,"Belmonte","Santa Catarina","Sul","42001","Extremo Oeste","42001","GRANDE OESTE"
420220,"Benedito Novo","Santa Catarina","Sul","42006","Medio Vale Do Itajai","42006","VALE DO ITAJAI"
420230,"Biguaçu","Santa Catarina","Sul","42007","Grande Florianopolis","42007","GRANDE FLORIANOPOLIS"
420240,"Blumenau","Santa Catarina","Sul","42006","Medio Vale Do Itajai","42006","VALE DO ITAJAI"
420243,"Bocaina do Sul","Santa Catarina","Sul","42013","Serra Catarinense","42013","SERRA CATARINENSE"
420250,"Bom Jardim da Serra","Santa Catarina","Sul","42013","Serra Catarinense","42013","SERRA CATARINENSE"
420253,"Bom Jesus","Santa Catarina","Sul","42003","Xanxere","42003","GRANDE OESTE"
420257,"Bom Jesus do Oeste","Santa Catarina","Sul","42001","Extremo Oeste","42001","GRANDE OESTE"
420260,"Bom Retiro","Santa Catarina","Sul","42013","Serra Catarinense","42013","SERRA CATARINENSE"
420245,"Bombinhas","Santa Catarina","Sul","42005","Foz Do Rio Itajai","42005","FOZ DO RIO ITAJAI"
420270,"Botuverá","Santa Catarina","Sul","42006","Medio Vale Do Itajai","42006","VALE DO ITAJAI"
420280,"Braço do Norte","Santa Catarina","Sul","42016","Laguna","42016","SUL"
420285,"Braço do Trombudo","Santa Catarina","Sul","42004","Alto Vale Do Itajai","42004","VALE DO ITAJAI"
420287,"Brunópolis","Santa Catarina","Sul","42008","Meio Oeste","42008","MEIO OESTE"
420290,"Brusque","Santa Catarina","Sul","42006","Medio Vale Do Itajai","42006","VALE DO ITAJAI"
420300,"Caçador","Santa Catarina","Sul","42009","Alto Vale Do Rio Do Peixe","42009","MEIO OESTE"
420310,"Caibi","Santa Catarina","Sul","42002","Oeste","42002","GRANDE OESTE"
420315,"Calmon","Santa Catarina","Sul","42009","Alto Vale Do Rio Do Peixe","42009","MEIO OESTE"
420320,"Camboriú","Santa Catarina","Sul","42005","Foz Do Rio Itajai","42005","FOZ DO RIO ITAJAI"
420330,"Campo Alegre","Santa Catarina","Sul","42012","Planalto Norte","42012","PLANALTO NORTE E NORDESTE"
420340,"Campo Belo do Sul","Santa Catarina","Sul","42013","Serra Catarinense","42013","SERRA CATARINENSE"
420350,"Campo Erê","Santa Catarina","Sul","42003","Xanxere","42003","GRANDE OESTE"
420360,"Campos Novos","Santa Catarina","Sul","42008","Meio Oeste","42008","MEIO OESTE"
420370,"Canelinha","Santa Catarina","Sul","42007","Grande Florianopolis","42007","GRANDE FLORIANOPOLIS"
420380,"Canoinhas","Santa Catarina","Sul","42012","Planalto Norte","42012","PLANALTO NORTE E NORDESTE"
420325,"Capão Alto","Santa Catarina","Sul","42013","Serra Catarinense","42013","SERRA CATARINENSE"
420390,"Capinzal","Santa Catarina","Sul","42008","Meio Oeste","42008","MEIO OESTE"
420395,"Capivari de Baixo","Santa Catarina","Sul","42016","Laguna","42016","SUL"
420400,"Catanduvas","Santa Catarina","Sul","42008","Meio Oeste","42008","MEIO OESTE"
420410,"Caxambu do Sul","Santa Catarina","Sul","42002","Oeste","42002","GRANDE OESTE"
420415,"Celso Ramos","Santa Catarina","Sul","42008","Meio Oeste","42008","MEIO OESTE"
420417,"Cerro Negro","Santa Catarina","Sul","42013","Serra Catarinense","42013","SERRA CATARINENSE"
420419,"Chapadão do Lageado","Santa Catarina","Sul","42004","Alto Vale Do Itajai","42004","VALE DO ITAJAI"
420420,"Chapecó","Santa Catarina","Sul","42002","Oeste","42002","GRANDE OESTE"
420425,"Cocal do Sul","Santa Catarina","Sul","42015","Carbonifera","42015","SUL"
420430,"Concórdia","Santa Catarina","Sul","42010","Alto Uruguai Catarinense","42010","MEIO OESTE"
420435,"Cordilheira Alta","Santa Catarina","Sul","42002","Oeste","42002","GRANDE OESTE"
420440,"Coronel Freitas","Santa Catarina","Sul","42002","Oeste","42002","GRANDE OESTE"
420445,"Coronel Martins","Santa Catarina","Sul","42003","Xanxere","42003","GRANDE OESTE"
420455,"Correia Pinto","Santa Catarina","Sul","42013","Serra Catarinense","42013","SERRA CATARINENSE"
420450,"Corupá","Santa Catarina","Sul","42017","Vale Do Itapocu","42017","PLANALTO NORTE E NORDESTE"
420460,"Criciúma","Santa Catarina","Sul","42015","Carbonifera","42015","SUL"
420470,"Cunha Porã","Santa Catarina","Sul","42002","Oeste","42002","GRANDE OESTE"
420475,"Cunhataí","Santa Catarina","Sul","42002","Oeste","42002","GRANDE OESTE"
420480,"Curitibanos","Santa Catarina","Sul","42009","Alto Vale Do Rio Do Peixe","42009","MEIO OESTE"
420490,"Descanso","Santa Catarina","Sul","42001","Extremo Oeste","42001","GRANDE OESTE"
420500,"Dionísio Cerqueira","Santa Catarina","Sul","42001","Extremo Oeste","42001","GRANDE OESTE"
420510,"Dona Emma","Santa Catarina","Sul","42004","Alto Vale Do Itajai","42004","VALE DO ITAJAI"
420515,"Doutor Pedrinho","Santa Catarina","Sul","42006","Medio Vale Do Itajai","42006","VALE DO ITAJAI"
420517,"Entre Rios","Santa Catarina","Sul","42003","Xanxere","42003","GRANDE OESTE"
420519,"Ermo","Santa Catarina","Sul","42014","Extremo Sul Catarinense","42014","SUL"
420520,"Erval Velho","Santa Catarina","Sul","42008","Meio Oeste","42008","MEIO OESTE"
420530,"Faxinal dos Guedes","Santa Catarina","Sul","42003","Xanxere","42003","GRANDE OESTE"
420535,"Flor do Sertão","Santa Catarina","Sul","42001","Extremo Oeste","42001","GRANDE OESTE"
420540,"Florianópolis","Santa Catarina","Sul","42007","Grande Florianopolis","42007","GRANDE FLORIANOPOLIS"
420543,"Formosa do Sul","Santa Catarina","Sul","42002","Oeste","42002","GRANDE OESTE"
420545,"Forquilhinha","Santa Catarina","Sul","42015","Carbonifera","42015","SUL"
420550,"Fraiburgo","Santa Catarina","Sul","42009","Alto Vale Do Rio Do Peixe","42009","MEIO OESTE"
420555,"Frei Rogério","Santa Catarina","Sul","42009","Alto Vale Do Rio Do Peixe","42009","MEIO OESTE"
420560,"Galvão","Santa Catarina","Sul","42003","Xanxere","42003","GRANDE OESTE"
420570,"Garopaba","Santa Catarina","Sul","42007","Grande Florianopolis","42007","GRANDE FLORIANOPOLIS"
420580,"Garuva","Santa Catarina","Sul","42011","Nordeste","42011","PLANALTO NORTE E NORDESTE"
420590,"Gaspar","Santa Catarina","Sul","42006","Medio Vale Do Itajai","42006","VALE DO ITAJAI"
420600,"Governador Celso Ramos","Santa Catarina","Sul","42007","Grande Florianopolis","42007","GRANDE FLORIANOPOLIS"
420610,"Grão Pará","Santa Catarina","Sul","42016","Laguna","42016","SUL"
420620,"Gravatal","Santa Catarina","Sul","42016","Laguna","42016","SUL"
420630,"Guabiruba","Santa Catarina","Sul","42006","Medio Vale Do Itajai","42006","VALE DO ITAJAI"
420640,"Guaraciaba","Santa Catarina","Sul","42001","Extremo Oeste","42001","GRANDE OESTE"
420650,"Guaramirim","Santa Catarina","Sul","42017","Vale Do Itapocu","42017","PLANALTO NORTE E NORDESTE"
420660,"Guarujá do Sul","Santa Catarina","Sul","42001","Extremo Oeste","42001","GRANDE OESTE"
420665,"Guatambú","Santa Catarina","Sul","42002","Oeste","42002","GRANDE OESTE"
420670,"Herval d'Oeste","Santa Catarina","Sul","42008","Meio Oeste","42008","MEIO OESTE"
420675,"Ibiam","Santa Catarina","Sul","42009","Alto Vale Do Rio Do Peixe","42009","MEIO OESTE"
420680,"Ibicaré","Santa Catarina","Sul","42008","Meio Oeste","42008","MEIO OESTE"
420690,"Ibirama","Santa Catarina","Sul","42004","Alto Vale Do Itajai","42004","VALE DO ITAJAI"
420700,"Içara","Santa Catarina","Sul","42015","Carbonifera","42015","SUL"
420710,"Ilhota","Santa Catarina","Sul","42005","Foz Do Rio Itajai","42005","FOZ DO RIO ITAJAI"
420720,"Imaruí","Santa Catarina","Sul","42016","Laguna","42016","SUL"
420730,"Imbituba","Santa Catarina","Sul","42016","Laguna","42016","SUL"
420740,"Imbuia","Santa Catarina","Sul","42004","Alto Vale Do Itajai","42004","VALE DO ITAJAI"
420750,"Indaial","Santa Catarina","Sul","42006","Medio Vale Do Itajai","42006","VALE DO ITAJAI"
420757,"Iomerê","Santa Catarina","Sul","42009","Alto Vale Do Rio Do Peixe","42009","MEIO OESTE"
420760,"Ipira","Santa Catarina","Sul","42010","Alto Uruguai Catarinense","42010","MEIO OESTE"
420765,"Iporã do Oeste","Santa Catarina","Sul","42001","Extremo Oeste","42001","GRANDE OESTE"
420768,"Ipuaçu","Santa Catarina","Sul","42003","Xanxere","42003","GRANDE OESTE"
420770,"Ipumirim","Santa Catarina","Sul","42010","Alto Uruguai Catarinense","42010","MEIO OESTE"
420775,"Iraceminha","Santa Catarina","Sul","42001","Extremo Oeste","42001","GRANDE OESTE"
420780,"Irani","Santa Catarina","Sul","42010","Alto Uruguai Catarinense","42010","MEIO OESTE"
420785,"Irati","Santa Catarina","Sul","42002","Oeste","42002","GRANDE OESTE"
420790,"Irineópolis","Santa Catarina","Sul","42012","Planalto Norte","42012","PLANALTO NORTE E NORDESTE"
420800,"Itá","Santa Catarina","Sul","42010","Alto Uruguai Catarinense","42010","MEIO OESTE"
420810,"Itaiópolis","Santa Catarina","Sul","42012","Planalto Norte","42012","PLANALTO NORTE E NORDESTE"
420820,"Itajaí","Santa Catarina","Sul","42005","Foz Do Rio Itajai","42005","FOZ DO RIO ITAJAI"
420830,"Itapema","Santa Catarina","Sul","42005","Foz Do Rio Itajai","42005","FOZ DO RIO ITAJAI"
420840,"Itapiranga","Santa Catarina","Sul","42001","Extremo Oeste","42001","GRANDE OESTE"
420845,"Itapoá","Santa Catarina","Sul","42011","Nordeste","42011","PLANALTO NORTE E NORDESTE"
420850,"Ituporanga","Santa Catarina","Sul","42004","Alto Vale Do Itajai","42004","VALE DO ITAJAI"
420860,"Jaborá","Santa Catarina","Sul","42008","Meio Oeste","42008","MEIO OESTE"
420870,"Jacinto Machado","Santa Catarina","Sul","42014","Extremo Sul Catarinense","42014","SUL"
420880,"Jaguaruna","Santa Catarina","Sul","42016","Laguna","42016","SUL"
420890,"Jaraguá do Sul","Santa Catarina","Sul","42017","Vale Do Itapocu","42017","PLANALTO NORTE E NORDESTE"
420895,"Jardinópolis","Santa Catarina","Sul","42002","Oeste","42002","GRANDE OESTE"
420900,"Joaçaba","Santa Catarina","Sul","42008","Meio Oeste","42008","MEIO OESTE"
420910,"Joinville","Santa Catarina","Sul","42011","Nordeste","42011","PLANALTO NORTE E NORDESTE"
420915,"José Boiteux","Santa Catarina","Sul","42004","Alto Vale Do Itajai","42004","VALE DO ITAJAI"
420917,"Jupiá","Santa Catarina","Sul","42003","Xanxere","42003","GRANDE OESTE"
420920,"Lacerdópolis","Santa Catarina","Sul","42008","Meio Oeste","42008","MEIO OESTE"
420930,"Lages","Santa Catarina","Sul","42013","Serra Catarinense","42013","SERRA CATARINENSE"
420940,"Laguna","Santa Catarina","Sul","42016","Laguna","42016","SUL"
420945,"Lajeado Grande","Santa Catarina","Sul","42003","Xanxere","42003","GRANDE OESTE"
420950,"Laurentino","Santa Catarina","Sul","42004","Alto Vale Do Itajai","42004","VALE DO ITAJAI"
420960,"Lauro Muller","Santa Catarina","Sul","42015","Carbonifera","42015","SUL"
420970,"Lebon Régis","Santa Catarina","Sul","42009","Alto Vale Do Rio Do Peixe","42009","MEIO OESTE"
420980,"Leoberto Leal","Santa Catarina","Sul","42007","Grande Florianopolis","42007","GRANDE FLORIANOPOLIS"
420985,"Lindóia do Sul","Santa Catarina","Sul","42010","Alto Uruguai Catarinense","42010","MEIO OESTE"
420990,"Lontras","Santa Catarina","Sul","42004","Alto Vale Do Itajai","42004","VALE DO ITAJAI"
421000,"Luiz Alves","Santa Catarina","Sul","42005","Foz Do Rio Itajai","42005","FOZ DO RIO ITAJAI"
421003,"Luzerna","Santa Catarina","Sul","42008","Meio Oeste","42008","MEIO OESTE"
421005,"Macieira","Santa Catarina","Sul","42009","Alto Vale Do Rio Do Peixe","42009","MEIO OESTE"
421010,"Mafra","Santa Catarina","Sul","42012","Planalto Norte","42012","PLANALTO NORTE E NORDESTE"
421020,"Major Gercino","Santa Catarina","Sul","42007","Grande Florianopolis","42007","GRANDE FLORIANOPOLIS"
421030,"Major Vieira","Santa Catarina","Sul","42012","Planalto Norte","42012","PLANALTO NORTE E NORDESTE"
421040,"Maracajá","Santa Catarina","Sul","42014","Extremo Sul Catarinense","42014","SUL"
421050,"Maravilha","Santa Catarina","Sul","42001","Extremo Oeste","42001","GRANDE OESTE"
421055,"Marema","Santa Catarina","Sul","42003","Xanxere","42003","GRANDE OESTE"
421060,"Massaranduba","Santa Catarina","Sul","42017","Vale Do Itapocu","42017","PLANALTO NORTE E NORDESTE"
421070,"Matos Costa","Santa Catarina","Sul","42009","Alto Vale Do Rio Do Peixe","42009","MEIO OESTE"
421080,"Meleiro","Santa Catarina","Sul","42014","Extremo Sul Catarinense","42014","SUL"
421085,"Mirim Doce","Santa Catarina","Sul","42004","Alto Vale Do Itajai","42004","VALE DO ITAJAI"
421090,"Modelo","Santa Catarina","Sul","42001","Extremo Oeste","42001","GRANDE OESTE"
421100,"Mondaí","Santa Catarina","Sul","42001","Extremo Oeste","42001","GRANDE OESTE"
421105,"Monte Carlo","Santa Catarina","Sul","42008","Meio Oeste","42008","MEIO OESTE"
421110,"Monte Castelo","Santa Catarina","Sul","42012","Planalto Norte","42012","PLANALTO NORTE E NORDESTE"
421120,"Morro da Fumaça","Santa Catarina","Sul","42015","Carbonifera","42015","SUL"
421125,"Morro Grande","Santa Catarina","Sul","42014","Extremo Sul Catarinense","42014","SUL"
421130,"Navegantes","Santa Catarina","Sul","42005","Foz Do Rio Itajai","42005","FOZ DO RIO ITAJAI"
421140,"Nova Erechim","Santa Catarina","Sul","42002","Oeste","42002","GRANDE OESTE"
421145,"Nova Itaberaba","Santa Catarina","Sul","42002","Oeste","42002","GRANDE OESTE"
421150,"Nova Trento","Santa Catarina","Sul","42007","Grande Florianopolis","42007","GRANDE FLORIANOPOLIS"
421160,"Nova Veneza","Santa Catarina","Sul","42015","Carbonifera","42015","SUL"
421165,"Novo Horizonte","Santa Catarina","Sul","42003","Xanxere","42003","GRANDE OESTE"
421170,"Orleans","Santa Catarina","Sul","42015","Carbonifera","42015","SUL"
421175,"Otacílio Costa","Santa Catarina","Sul","42013","Serra Catarinense","42013","SERRA CATARINENSE"
421180,"Ouro","Santa Catarina","Sul","42008","Meio Oeste","42008","MEIO OESTE"
421185,"Ouro Verde","Santa Catarina","Sul","42003","Xanxere","42003","GRANDE OESTE"
421187,"Paial","Santa Catarina","Sul","42002","Oeste","42002","GRANDE OESTE"
421189,"Painel","Santa Catarina","Sul","42013","Serra Catarinense","42013","SERRA CATARINENSE"
421190,"Palhoça","Santa Catarina","Sul","42007","Grande Florianopolis","42007","GRANDE FLORIANOPOLIS"
421200,"Palma Sola","Santa Catarina","Sul","42001","Extremo Oeste","42001","GRANDE OESTE"
421205,"Palmeira","Santa Catarina","Sul","42013","Serra Catarinense","42013","SERRA CATARINENSE"
421210,"Palmitos","Santa Catarina","Sul","42002","Oeste","42002","GRANDE OESTE"
421220,"Papanduva","Santa Catarina","Sul","42012","Planalto Norte","42012","PLANALTO NORTE E NORDESTE"
421223,"Paraíso","Santa Catarina","Sul","42001","Extremo Oeste","42001","GRANDE OESTE"
421225,"Passo de Torres","Santa Catarina","Sul","42014","Extremo Sul Catarinense","42014","SUL"
421227,"Passos Maia","Santa Catarina","Sul","42003","Xanxere","42003","GRANDE OESTE"
421230,"Paulo Lopes","Santa Catarina","Sul","42007","Grande Florianopolis","42007","GRANDE FLORIANOPOLIS"
421240,"Pedras Grandes","Santa Catarina","Sul","42016","Laguna","42016","SUL"
421250,"Penha","Santa Catarina","Sul","42005","Foz Do Rio Itajai","42005","FOZ DO RIO ITAJAI"
421260,"Peritiba","Santa Catarina","Sul","42010","Alto Uruguai Catarinense","42010","MEIO OESTE"
421270,"Petrolândia","Santa Catarina","Sul","42004","Alto Vale Do Itajai","42004","VALE DO ITAJAI"
421290,"Pinhalzinho","Santa Catarina","Sul","42002","Oeste","42002","GRANDE OESTE"
421300,"Pinheiro Preto","Santa Catarina","Sul","42009","Alto Vale Do Rio Do Peixe","42009","MEIO OESTE"
421310,"Piratuba","Santa Catarina","Sul","42010","Alto Uruguai Catarinense","42010","MEIO OESTE"
421315,"Planalto Alegre","Santa Catarina","Sul","42002","Oeste","42002","GRANDE OESTE"
421320,"Pomerode","Santa Catarina","Sul","42006","Medio Vale Do Itajai","42006","VALE DO ITAJAI"
421330,"Ponte Alta","Santa Catarina","Sul","42013","Serra Catarinense","42013","SERRA CATARINENSE"
421335,"Ponte Alta do Norte","Santa Catarina","Sul","42009","Alto Vale Do Rio Do Peixe","42009","MEIO OESTE"
421340,"Ponte Serrada","Santa Catarina","Sul","42003","Xanxere","42003","GRANDE OESTE"
421350,"Porto Belo","Santa Catarina","Sul","42005","Foz Do Rio Itajai","42005","FOZ DO RIO ITAJAI"
421360,"Porto União","Santa Catarina","Sul","42012","Planalto Norte","42012","PLANALTO NORTE E NORDESTE"
421370,"Pouso Redondo","Santa Catarina","Sul","42004","Alto Vale Do Itajai","42004","VALE DO ITAJAI"
421380,"Praia Grande","Santa Catarina","Sul","42014","Extremo Sul Catarinense","42014","SUL"
421390,"Presidente Castello Branco","Santa Catarina","Sul","42010","Alto Uruguai Catarinense","42010","MEIO OESTE"
421400,"Presidente Getúlio","Santa Catarina","Sul","42004","Alto Vale Do Itajai","42004","VALE DO ITAJAI"
421410,"Presidente Nereu","Santa Catarina","Sul","42004","Alto Vale Do Itajai","42004","VALE DO ITAJAI"
421415,"Princesa","Santa Catarina","Sul","42001","Extremo Oeste","42001","GRANDE OESTE"
421420,"Quilombo","Santa Catarina","Sul","42002","Oeste","42002","GRANDE OESTE"
421430,"Rancho Queimado","Santa Catarina","Sul","42007","Grande Florianopolis","42007","GRANDE FLORIANOPOLIS"
421440,"Rio das Antas","Santa Catarina","Sul","42009","Alto Vale Do Rio Do Peixe","42009","MEIO OESTE"
421450,"Rio do Campo","Santa Catarina","Sul","42004","Alto Vale Do Itajai","42004","VALE DO ITAJAI"
421460,"Rio do Oeste","Santa Catarina","Sul","42004","Alto Vale Do Itajai","42004","VALE DO ITAJAI"
421480,"Rio do Sul","Santa Catarina","Sul","42004","Alto Vale Do Itajai","42004","VALE DO ITAJAI"
421470,"Rio dos Cedros","Santa Catarina","Sul","42006","Medio Vale Do Itajai","42006","VALE DO ITAJAI"
421490,"Rio Fortuna","Santa Catarina","Sul","42016","Laguna","42016","SUL"
421500,"Rio Negrinho","Santa Catarina","Sul","42012","Planalto Norte","42012","PLANALTO NORTE E NORDESTE"
421505,"Rio Rufino","Santa Catarina","Sul","42013","Serra Catarinense","42013","SERRA CATARINENSE"
421507,"Riqueza","Santa Catarina","Sul","42002","Oeste","42002","GRANDE OESTE"
421510,"Rodeio","Santa Catarina","Sul","42006","Medio Vale Do Itajai","42006","VALE DO ITAJAI"
421520,"Romelândia","Santa Catarina","Sul","42001","Extremo Oeste","42001","GRANDE OESTE"
421530,"Salete","Santa Catarina","Sul","42004","Alto Vale Do Itajai","42004","VALE DO ITAJAI"
421535,"Saltinho","Santa Catarina","Sul","42001","Extremo Oeste","42001","GRANDE OESTE"
421540,"Salto Veloso","Santa Catarina","Sul","42009","Alto Vale Do Rio Do Peixe","42009","MEIO OESTE"
421545,"Sangão","Santa Catarina","Sul","42016","Laguna","42016","SUL"
421550,"Santa Cecília","Santa Catarina","Sul","42009","Alto Vale Do Rio Do Peixe","42009","MEIO OESTE"
421555,"Santa Helena","Santa Catarina","Sul","42001","Extremo Oeste","42001","GRANDE OESTE"
421560,"Santa Rosa de Lima","Santa Catarina","Sul","42016","Laguna","42016","SUL"
421565,"Santa Rosa do Sul","Santa Catarina","Sul","42014","Extremo Sul Catarinense","42014","SUL"
421567,"Santa Terezinha","Santa Catarina","Sul","42004","Alto Vale Do Itajai","42004","VALE DO ITAJAI"
421568,"Santa Terezinha do Progresso","Santa Catarina","Sul","42001","Extremo Oeste","42001","GRANDE OESTE"
421569,"Santiago do Sul","Santa Catarina","Sul","42002","Oeste","42002","GRANDE OESTE"
421570,"Santo Amaro da Imperatriz","Santa Catarina","Sul","42007","Grande Florianopolis","42007","GRANDE FLORIANOPOLIS"
421580,"São Bento do Sul","Santa Catarina","Sul","42012","Planalto Norte","42012","PLANALTO NORTE E NORDESTE"
421575,"São Bernardino","Santa Catarina","Sul","42003","Xanxere","42003","GRANDE OESTE"
421590,"São Bonifácio","Santa Catarina","Sul","42007","Grande Florianopolis","42007","GRANDE FLORIANOPOLIS"
421600,"São Carlos","Santa Catarina","Sul","42002","Oeste","42002","GRANDE OESTE"
421605,"São Cristovão do Sul","Santa Catarina","Sul","42009","Alto Vale Do Rio Do Peixe","42009","MEIO OESTE"
421610,"São Domingos","Santa Catarina","Sul","42003","Xanxere","42003","GRANDE OESTE"
421620,"São Francisco do Sul","Santa Catarina","Sul","42011","Nordeste","42011","PLANALTO NORTE E NORDESTE"
421630,"São João Batista","Santa Catarina","Sul","42007","Grande Florianopolis","42007","GRANDE FLORIANOPOLIS"
421635,"São João do Itaperiú","Santa Catarina","Sul","42017","Vale Do Itapocu","42017","PLANALTO NORTE E NORDESTE"
421625,"São João do Oeste","Santa Catarina","Sul","42001","Extremo Oeste","42001","GRANDE OESTE"
421640,"São João do Sul","Santa Catarina","Sul","42014","Extremo Sul Catarinense","42014","SUL"
421650,"São Joaquim","Santa Catarina","Sul","42013","Serra Catarinense","42013","SERRA CATARINENSE"
421660,"São José","Santa Catarina","Sul","42007","Grande Florianopolis","42007","GRANDE FLORIANOPOLIS"
421670,"São José do Cedro","Santa Catarina","Sul","42001","Extremo Oeste","42001","GRANDE OESTE"
421680,"São José do Cerrito","Santa Catarina","Sul","42013","Serra Catarinense","42013","SERRA CATARINENSE"
421690,"São Lourenço do Oeste","Santa Catarina","Sul","42003","Xanxere","42003","GRANDE OESTE"
421700,"São Ludgero","Santa Catarina","Sul","42016","Laguna","42016","SUL"
421710,"São Martinho","Santa Catarina","Sul","42016","Laguna","42016","SUL"
421715,"São Miguel da Boa Vista","Santa Catarina","Sul","42001","Extremo Oeste","42001","GRANDE OESTE"
421720,"São Miguel do Oeste","Santa Catarina","Sul","42001","Extremo Oeste","42001","GRANDE OESTE"
421725,"São Pedro de Alcântara","Santa Catarina","Sul","42007","Grande Florianopolis","42007","GRANDE FLORIANOPOLIS"
421730,"Saudades","Santa Catarina","Sul","42001","Extremo Oeste","42001","GRANDE OESTE"
421740,"Schroeder","Santa Catarina","Sul","42017","Vale Do Itapocu","42017","PLANALTO NORTE E NORDESTE"
421750,"Seara","Santa Catarina","Sul","42010","Alto Uruguai Catarinense","42010","MEIO OESTE"
421755,"Serra Alta","Santa Catarina","Sul","42002","Oeste","42002","GRANDE OESTE"
421760,"Siderópolis","Santa Catarina","Sul","42015","Carbonifera","42015","SUL"
421770,"Sombrio","Santa Catarina","Sul","42014","Extremo Sul Catarinense","42014","SUL"
421775,"Sul Brasil","Santa Catarina","Sul","42002","Oeste","42002","GRANDE OESTE"
421780,"Taió","Santa Catarina","Sul","42004","Alto Vale Do Itajai","42004","VALE DO ITAJAI"
421790,"Tangará","Santa Catarina","Sul","42009","Alto Vale Do Rio Do Peixe","42009","MEIO OESTE"
421795,"Tigrinhos","Santa Catarina","Sul","42001","Extremo Oeste","42001","GRANDE OESTE"
421800,"Tijucas","Santa Catarina","Sul","42007","Grande Florianopolis","42007","GRANDE FLORIANOPOLIS"
421810,"Timbé do Sul","Santa Catarina","Sul","42014","Extremo Sul Catarinense","42014","SUL"
421820,"Timbó","Santa Catarina","Sul","42006","Medio Vale Do Itajai","42006","VALE DO ITAJAI"
421825,"Timbó Grande","Santa Catarina","Sul","42009","Alto Vale Do Rio Do Peixe","42009","MEIO OESTE"
421830,"Três Barras","Santa Catarina","Sul","42012","Planalto Norte","42012","PLANALTO NORTE E NORDESTE"
421835,"Treviso","Santa Catarina","Sul","42015","Carbonifera","42015","SUL"
421840,"Treze de Maio","Santa Catarina","Sul","42016","Laguna","42016","SUL"
421850,"Treze Tílias","Santa Catarina","Sul","42008","Meio Oeste","42008","MEIO OESTE"
421860,"Trombudo Central","Santa Catarina","Sul","42004","Alto Vale Do Itajai","42004","VALE DO ITAJAI"
421870,"Tubarão","Santa Catarina","Sul","42016","Laguna","42016","SUL"
421875,"Tunápolis","Santa Catarina","Sul","42001","Extremo Oeste","42001","GRANDE OESTE"
421880,"Turvo","Santa Catarina","Sul","42014","Extremo Sul Catarinense","42014","SUL"
421885,"União do Oeste","Santa Catarina","Sul","42002","Oeste","42002","GRANDE OESTE"
421890,"Urubici","Santa Catarina","Sul","42013","Serra Catarinense","42013","SERRA CATARINENSE"
421895,"Urupema","Santa Catarina","Sul","42013","Serra Catarinense","42013","SERRA CATARINENSE"
421900,"Urussanga","Santa Catarina","Sul","42015","Carbonifera","42015","SUL"
421910,"Vargeão","Santa Catarina","Sul","42003","Xanxere","42003","GRANDE OESTE"
421915,"Vargem","Santa Catarina","Sul","42008","Meio Oeste","42008","MEIO OESTE"
421917,"Vargem Bonita","Santa Catarina","Sul","42008","Meio Oeste","42008","MEIO OESTE"
421920,"Vidal Ramos","Santa Catarina","Sul","42004","Alto Vale Do Itajai","42004","VALE DO ITAJAI"
421930,"Videira","Santa Catarina","Sul","42009","Alto Vale Do Rio Do Peixe","42009","MEIO OESTE"
421935,"Vitor Meireles","Santa Catarina","Sul","42004","Alto Vale Do Itajai","42004","VALE DO ITAJAI"
421940,"Witmarsum","Santa Catarina","Sul","42004","Alto Vale Do Itajai","42004","VALE DO ITAJAI"
421950,"Xanxerê","Santa Catarina","Sul","42003","Xanxere","42003","GRANDE OESTE"
421960,"Xavantina","Santa Catarina","Sul","42010","Alto Uruguai Catarinense","42010","MEIO OESTE"
421970,"Xaxim","Santa Catarina","Sul","42003","Xanxere","42003","GRANDE OESTE"
421985,"Zortéa","Santa Catarina","Sul","42008","Meio Oeste","42008","MEIO OESTE"
430003,"Aceguá","Rio Grande do Sul","Sul","43022","Regiao 22","43022","SUL"
430005,"Água Santa","Rio Grande do Sul","Sul","43018","Regiao 18","43018","NORTE"
430010,"Agudo","Rio Grande do Sul","Sul","43001","Regiao 01","43001","CENTRO-OESTE"
430020,"Ajuricaba","Rio Grande do Sul","Sul","43013","Regiao 13","43013","MISSIONEIRA"
430030,"Alecrim","Rio Grande do Sul","Sul","43014","Regiao 14","43014","MISSIONEIRA"
430040,"Alegrete","Rio Grande do Sul","Sul","43003","Regiao 03","43003","CENTRO-OESTE"
430045,"Alegria","Rio Grande do Sul","Sul","43014","Regiao 14","43014","MISSIONEIRA"
430047,"Almirante Tamandaré do Sul","Rio Grande do Sul","Sul","43017","Regiao 17 - Planalto","43017","NORTE"
430050,"Alpestre","Rio Grande do Sul","Sul","43015","Regiao 15 - Caminho Das Aguas","43015","NORTE"
430055,"Alto Alegre","Rio Grande do Sul","Sul","43019","Regiao 19","43019","NORTE"
430057,"Alto Feliz","Rio Grande do Sul","Sul","43026","Regiao 26","43026","SERRA"
430060,"Alvorada","Rio Grande do Sul","Sul","43010","Regiao 10","43010","METROPOLITANA"
430063,"Amaral Ferrador","Rio Grande do Sul","Sul","43021","Regiao 21","43021","SUL"
430064,"Ametista do Sul","Rio Grande do Sul","Sul","43015","Regiao 15 - Caminho Das Aguas","43015","NORTE"
430066,"André da Rocha","Rio Grande do Sul","Sul","43018","Regiao 18","43018","NORTE"
430070,"Anta Gorda","Rio Grande do Sul","Sul","43029","Regiao 29","43029","VALES"
430080,"Antônio Prado","Rio Grande do Sul","Sul","43026","Regiao 26","43026","SERRA"
430085,"Arambaré","Rio Grande do Sul","Sul","43009","Regiao 09","43009","METROPOLITANA"
430087,"Araricá","Rio Grande do Sul","Sul","43007","Regiao 07","43007","METROPOLITANA"
430090,"Aratiba","Rio Grande do Sul","Sul","43016","Regiao 16","43016","NORTE"
430100,"Arroio do Meio","Rio Grande do Sul","Sul","43029","Regiao 29","43029","VALES"
430107,"Arroio do Padre","Rio Grande do Sul","Sul","43021","Regiao 21","43021","SUL"
430105,"Arroio do Sal","Rio Grande do Sul","Sul","43004","Regiao 04","43004","METROPOLITANA"
430120,"Arroio do Tigre","Rio Grande do Sul","Sul","43027","Regiao 27","43027","VALES"
430110,"Arroio dos Ratos","Rio Grande do Sul","Sul","43009","Regiao 09","43009","METROPOLITANA"
430130,"Arroio Grande","Rio Grande do Sul","Sul","43021","Regiao 21","43021","SUL"
430140,"Arvorezinha","Rio Grande do Sul","Sul","43019","Regiao 19","43019","NORTE"
430150,"Augusto Pestana","Rio Grande do Sul","Sul","43013","Regiao 13","43013","MISSIONEIRA"
430155,"Áurea","Rio Grande do Sul","Sul","43016","Regiao 16","43016","NORTE"
430160,"Bagé","Rio Grande do Sul","Sul","43022","Regiao 22","43022","SUL"
430163,"Balneário Pinhal","Rio Grande do Sul","Sul","43005","Regiao 05","43005","METROPOLITANA"
430165,"Barão","Rio Grande do Sul","Sul","43008","Regiao 08","43008","METROPOLITANA"
430170,"Barão de Cotegipe","Rio Grande do Sul","Sul","43016","Regiao 16","43016","NORTE"
430175,"Barão do Triunfo","Rio Grande do Sul","Sul","43009","Regiao 09","43009","METROPOLITANA"
430185,"Barra do Guarita","Rio Grande do Sul","Sul","43015","Regiao 15 - Caminho Das Aguas","43015","NORTE"
430187,"Barra do Quaraí","Rio Grande do Sul","Sul","43003","Regiao 03","43003","CENTRO-OESTE"
430190,"Barra do Ribeiro","Rio Grande do Sul","Sul","43009","Regiao 09","43009","METROPOLITANA"
430192,"Barra do Rio Azul","Rio Grande do Sul","Sul","43016","Regiao 16","43016","NORTE"
430195,"Barra Funda","Rio Grande do Sul","Sul","43020","Regiao 20 - Rota Da Producao","43020","NORTE"
430180,"Barracão","Rio Grande do Sul","Sul","43018","Regiao 18","43018","NORTE"
430200,"Barros Cassal","Rio Grande do Sul","Sul","43019","Regiao 19","43019","NORTE"
430205,"Benjamin Constant do Sul","Rio Grande do Sul","Sul","43016","Regiao 16","43016","NORTE"
430210,"Bento Gonçalves","Rio Grande do Sul","Sul","43025","Regiao 25","43025","SERRA"
430215,"Boa Vista das Missões","Rio Grande do Sul","Sul","43020","Regiao 20 - Rota Da Producao","43020","NORTE"
430220,"Boa Vista do Buricá","Rio Grande do Sul","Sul","43014","Regiao 14","43014","MISSIONEIRA"
430222,"Boa Vista do Cadeado","Rio Grande do Sul","Sul","43012","Regiao 12","43012","MISSIONEIRA"
430223,"Boa Vista do Incra","Rio Grande do Sul","Sul","43012","Regiao 12","43012","MISSIONEIRA"
430225,"Boa Vista do Sul","Rio Grande do Sul","Sul","43025","Regiao 25","43025","SERRA"
430230,"Bom Jesus","Rio Grande do Sul","Sul","43024","Regiao 24","43024","SERRA"
430235,"Bom Princípio","Rio Grande do Sul","Sul","43026","Regiao 26","43026","SERRA"
430237,"Bom Progresso","Rio Grande do Sul","Sul","43015","Regiao 15 - Caminho Das Aguas","43015","NORTE"
430240,"Bom Retiro do Sul","Rio Grande do Sul","Sul","43030","Regiao 30","43030","VALES"
430245,"Boqueirão do Leão","Rio Grande do Sul","Sul","43029","Regiao 29","43029","VALES"
430250,"Bossoroca","Rio Grande do Sul","Sul","43011","Regiao 11","43011","MISSIONEIRA"
430258,"Bozano","Rio Grande do Sul","Sul","43013","Regiao 13","43013","MISSIONEIRA"
430260,"Braga","Rio Grande do Sul","Sul","43020","Regiao 20 - Rota Da Producao","43020","NORTE"
430265,"Brochier","Rio Grande do Sul","Sul","43008","Regiao 08","43008","METROPOLITANA"
430270,"Butiá","Rio Grande do Sul","Sul","43009","Regiao 09","43009","METROPOLITANA"
430280,"Caçapava do Sul","Rio Grande do Sul","Sul","43027","Regiao 27","43027","VALES"
430290,"Cacequi","Rio Grande do Sul","Sul","43002","Regiao 02","43002","CENTRO-OESTE"
430300,"Cachoeira do Sul","Rio Grande do Sul","Sul","43027","Regiao 27","43027","VALES"
430310,"Cachoeirinha","Rio Grande do Sul","Sul","43010","Regiao 10","43010","METROPOLITANA"
430320,"Cacique Doble","Rio Grande do Sul","Sul","43018","Regiao 18","43018","NORTE"
430330,"Caibaté","Rio Grande do Sul","Sul","43011","Regiao 11","43011","MISSIONEIRA"
430340,"Caiçara","Rio Grande do Sul","Sul","43015","Regiao 15 - Caminho Das Aguas","43015","NORTE"
430350,"Camaquã","Rio Grande do Sul","Sul","43009","Regiao 09","43009","METROPOLITANA"
430355,"Camargo","Rio Grande do Sul","Sul","43017","Regiao 17 - Planalto","43017","NORTE"
430360,"Cambará do Sul","Rio Grande do Sul","Sul","43006","Regiao 06 - Vale Do Paranhana E Costa Serra","43006","METROPOLITANA"
430367,"Campestre da Serra","Rio Grande do Sul","Sul","43024","Regiao 24","43024","SERRA"
430370,"Campina das Missões","Rio Grande do Sul","Sul","43014","Regiao 14","43014","MISSIONEIRA"
430380,"Campinas do Sul","Rio Grande do Sul","Sul","43016","Regiao 16","43016","NORTE"
430390,"Campo Bom","Rio Grande do Sul","Sul","43007","Regiao 07","43007","METROPOLITANA"
430400,"Campo Novo","Rio Grande do Sul","Sul","43013","Regiao 13","43013","MISSIONEIRA"
430410,"Campos Borges","Rio Grande do Sul","Sul","43019","Regiao 19","43019","NORTE"
430420,"Candelária","Rio Grande do Sul","Sul","43028","Regiao 28","43028","VALES"
430430,"Cândido Godói","Rio Grande do Sul","Sul","43014","Regiao 14","43014","MISSIONEIRA"
430435,"Candiota","Rio Grande do Sul","Sul","43022","Regiao 22","43022","SUL"
430440,"Canela","Rio Grande do Sul","Sul","43023","Regiao 23","43023","SERRA"
430450,"Canguçu","Rio Grande do Sul","Sul","43021","Regiao 21","43021","SUL"
430460,"Canoas","Rio Grande do Sul","Sul","43008","Regiao 08","43008","METROPOLITANA"
430461,"Canudos do Vale","Rio Grande do Sul","Sul","43029","Regiao 29","43029","VALES"
430462,"Capão Bonito do Sul","Rio Grande do Sul","Sul","43018","Regiao 18","43018","NORTE"
430463,"Capão da Canoa","Rio Grande do Sul","Sul","43004","Regiao 04","43004","METROPOLITANA"
430465,"Capão do Cipó","Rio Grande do Sul","Sul","43002","Regiao 02","43002","CENTRO-OESTE"
430466,"Capão do Leão","Rio Grande do Sul","Sul","43021","Regiao 21","43021","SUL"
430468,"Capela de Santana","Rio Grande do Sul","Sul","43008","Regiao 08","43008","METROPOLITANA"
430469,"Capitão","Rio Grande do Sul","Sul","43029","Regiao 29","43029","VALES"
430467,"Capivari do Sul","Rio Grande do Sul","Sul","43005","Regiao 05","43005","METROPOLITANA"
430471,"Caraá","Rio Grande do Sul","Sul","43005","Regiao 05","43005","METROPOLITANA"
430470,"Carazinho","Rio Grande do Sul","Sul","43017","Regiao 17 - Planalto","43017","NORTE"
430480,"Carlos Barbosa","Rio Grande do Sul","Sul","43025","Regiao 25","43025","SERRA"
430485,"Carlos Gomes","Rio Grande do Sul","Sul","43016","Regiao 16","43016","NORTE"
430490,"Casca","Rio Grande do Sul","Sul","43017","Regiao 17 - Planalto","43017","NORTE"
430495,"Caseiros","Rio Grande do Sul","Sul","43018","Regiao 18","43018","NORTE"
430500,"Catuípe","Rio Grande do Sul","Sul","43013","Regiao 13","43013","MISSIONEIRA"
430510,"Caxias do Sul","Rio Grande do Sul","Sul","43023","Regiao 23","43023","SERRA"
430511,"Centenário","Rio Grande do Sul","Sul","43016","Regiao 16","43016","NORTE"
430512,"Cerrito","Rio Grande do Sul","Sul","43021","Regiao 21","43021","SUL"
430513,"Cerro Branco","Rio Grande do Sul","Sul","43027","Regiao 27","43027","VALES"
430515,"Cerro Grande","Rio Grande do Sul","Sul","43020","Regiao 20 - Rota Da Producao","43020","NORTE"
430517,"Cerro Grande do Sul","Rio Grande do Sul","Sul","43009","Regiao 09","43009","METROPOLITANA"
430520,"Cerro Largo","Rio Grande do Sul","Sul","43011","Regiao 11","43011","MISSIONEIRA"
430530,"Chapada","Rio Grande do Sul","Sul","43020","Regiao 20 - Rota Da Producao","43020","NORTE"
430535,"Charqueadas","Rio Grande do Sul","Sul","43009","Regiao 09","43009","METROPOLITANA"
430537,"Charrua","Rio Grande do Sul","Sul","43016","Regiao 16","43016","NORTE"
430540,"Chiapetta","Rio Grande do Sul","Sul","43013","Regiao 13","43013","MISSIONEIRA"
430543,"Chuí","Rio Grande do Sul","Sul","43021","Regiao 21","43021","SUL"
430544,"Chuvisca","Rio Grande do Sul","Sul","43009","Regiao 09","43009","METROPOLITANA"
430545,"Cidreira","Rio Grande do Sul","Sul","43005","Regiao 05","43005","METROPOLITANA"
430550,"Ciríaco","Rio Grande do Sul","Sul","43017","Regiao 17 - Planalto","43017","NORTE"
430558,"Colinas","Rio Grande do Sul","Sul","43030","Regiao 30","43030","VALES"
430560,"Colorado","Rio Grande do Sul","Sul","43012","Regiao 12","43012","MISSIONEIRA"
430570,"Condor","Rio Grande do Sul","Sul","43013","Regiao 13","43013","MISSIONEIRA"
430580,"Constantina","Rio Grande do Sul","Sul","43020","Regiao 20 - Rota Da Producao","43020","NORTE"
430583,"Coqueiro Baixo","Rio Grande do Sul","Sul","43029","Regiao 29","43029","VALES"
430585,"Coqueiros do Sul","Rio Grande do Sul","Sul","43017","Regiao 17 - Planalto","43017","NORTE"
430587,"Coronel Barros","Rio Grande do Sul","Sul","43013","Regiao 13","43013","MISSIONEIRA"
430590,"Coronel Bicaco","Rio Grande do Sul","Sul","43020","Regiao 20 - Rota Da Producao","43020","NORTE"
430593,"Coronel Pilar","Rio Grande do Sul","Sul","43025","Regiao 25","43025","SERRA"
430595,"Cotiporã","Rio Grande do Sul","Sul","43025","Regiao 25","43025","SERRA"
430597,"Coxilha","Rio Grande do Sul","Sul","43017","Regiao 17 - Planalto","43017","NORTE"
430600,"Crissiumal","Rio Grande do Sul","Sul","43013","Regiao 13","43013","MISSIONEIRA"
430605,"Cristal","Rio Grande do Sul","Sul","43009","Regiao 09","43009","METROPOLITANA"
430607,"Cristal do Sul","Rio Grande do Sul","Sul","43015","Regiao 15 - Caminho Das Aguas","43015","NORTE"
430610,"Cruz Alta","Rio Grande do Sul","Sul","43012","Regiao 12","43012","MISSIONEIRA"
430613,"Cruzaltense","Rio Grande do Sul","Sul","43016","Regiao 16","43016","NORTE"
430620,"Cruzeiro do Sul","Rio Grande do Sul","Sul","43029","Regiao 29","43029","VALES"
430630,"David Canabarro","Rio Grande do Sul","Sul","43017","Regiao 17 - Planalto","43017","NORTE"
430632,"Derrubadas","Rio Grande do Sul","Sul","43015","Regiao 15 - Caminho Das Aguas","43015","NORTE"
430635,"Dezesseis de Novembro","Rio Grande do Sul","Sul","43011","Regiao 11","43011","MISSIONEIRA"
430637,"Dilermando de Aguiar","Rio Grande do Sul","Sul","43001","Regiao 01","43001","CENTRO-OESTE"
430640,"Dois Irmãos","Rio Grande do Sul","Sul","43007","Regiao 07","43007","METROPOLITANA"
430642,"Dois Irmãos das Missões","Rio Grande do Sul","Sul","43020","Regiao 20 - Rota Da Producao","43020","NORTE"
430645,"Dois Lajeados","Rio Grande do Sul","Sul","43029","Regiao 29","43029","VALES"
430650,"Dom Feliciano","Rio Grande do Sul","Sul","43009","Regiao 09","43009","METROPOLITANA"
430660,"Dom Pedrito","Rio Grande do Sul","Sul","43022","Regiao 22","43022","SUL"
430655,"Dom Pedro de Alcântara","Rio Grande do Sul","Sul","43004","Regiao 04","43004","METROPOLITANA"
430670,"Dona Francisca","Rio Grande do Sul","Sul","43001","Regiao 01","43001","CENTRO-OESTE"
430673,"Doutor Maurício Cardoso","Rio Grande do Sul","Sul","43014","Regiao 14","43014","MISSIONEIRA"
430675,"Doutor Ricardo","Rio Grande do Sul","Sul","43029","Regiao 29","43029","VALES"
430676,"Eldorado do Sul","Rio Grande do Sul","Sul","43009","Regiao 09","43009","METROPOLITANA"
430680,"Encantado","Rio Grande do Sul","Sul","43029","Regiao 29","43029","VALES"
430690,"Encruzilhada do Sul","Rio Grande do Sul","Sul","43027","Regiao 27","43027","VALES"
430692,"Engenho Velho","Rio Grande do Sul","Sul","43020","Regiao 20 - Rota Da Producao","43020","NORTE"
430695,"Entre Rios do Sul","Rio Grande do Sul","Sul","43016","Regiao 16","43016","NORTE"
430693,"Entre-Ijuís","Rio Grande do Sul","Sul","43011","Regiao 11","43011","MISSIONEIRA"
430697,"Erebango","Rio Grande do Sul","Sul","43016","Regiao 16","43016","NORTE"
430700,"Erechim","Rio Grande do Sul","Sul","43016","Regiao 16","43016","NORTE"
430705,"Ernestina","Rio Grande do Sul","Sul","43017","Regiao 17 - Planalto","43017","NORTE"
430720,"Erval Grande","Rio Grande do Sul","Sul","43016","Regiao 16","43016","NORTE"
430730,"Erval Seco","Rio Grande do Sul","Sul","43015","Regiao 15 - Caminho Das Aguas","43015","NORTE"
430740,"Esmeralda","Rio Grande do Sul","Sul","43024","Regiao 24","43024","SERRA"
430745,"Esperança do Sul","Rio Grande do Sul","Sul","43015","Regiao 15 - Caminho Das Aguas","43015","NORTE"
430750,"Espumoso","Rio Grande do Sul","Sul","43019","Regiao 19","43019","NORTE"
430755,"Estação","Rio Grande do Sul","Sul","43016","Regiao 16","43016","NORTE"
430760,"Estância Velha","Rio Grande do Sul","Sul","43007","Regiao 07","43007","METROPOLITANA"
430770,"Esteio","Rio Grande do Sul","Sul","43008","Regiao 08","43008","METROPOLITANA"
430780,"Estrela","Rio Grande do Sul","Sul","43030","Regiao 30","43030","VALES"
430781,"Estrela Velha","Rio Grande do Sul","Sul","43027","Regiao 27","43027","VALES"
430783,"Eugênio de Castro","Rio Grande do Sul","Sul","43011","Regiao 11","43011","MISSIONEIRA"
430786,"Fagundes Varela","Rio Grande do Sul","Sul","43025","Regiao 25","43025","SERRA"
430790,"Farroupilha","Rio Grande do Sul","Sul","43026","Regiao 26","43026","SERRA"
430800,"Faxinal do Soturno","Rio Grande do Sul","Sul","43001","Regiao 01","43001","CENTRO-OESTE"
430805,"Faxinalzinho","Rio Grande do Sul","Sul","43016","Regiao 16","43016","NORTE"
430807,"Fazenda Vilanova","Rio Grande do Sul","Sul","43030","Regiao 30","43030","VALES"
430810,"Feliz","Rio Grande do Sul","Sul","43026","Regiao 26","43026","SERRA"
430820,"Flores da Cunha","Rio Grande do Sul","Sul","43026","Regiao 26","43026","SERRA"
430825,"Floriano Peixoto","Rio Grande do Sul","Sul","43016","Regiao 16","43016","NORTE"
430830,"Fontoura Xavier","Rio Grande do Sul","Sul","43019","Regiao 19","43019","NORTE"
430840,"Formigueiro","Rio Grande do Sul","Sul","43001","Regiao 01","43001","CENTRO-OESTE"
430843,"Forquetinha","Rio Grande do Sul","Sul","43029","Regiao 29","43029","VALES"
430845,"Fortaleza dos Valos","Rio Grande do Sul","Sul","43012","Regiao 12","43012","MISSIONEIRA"
430850,"Frederico Westphalen","Rio Grande do Sul","Sul","43015","Regiao 15 - Caminho Das Aguas","43015","NORTE"
430860,"Garibaldi","Rio Grande do Sul","Sul","43025","Regiao 25","43025","SERRA"
430865,"Garruchos","Rio Grande do Sul","Sul","43011","Regiao 11","43011","MISSIONEIRA"
430870,"Gaurama","Rio Grande do Sul","Sul","43016","Regiao 16","43016","NORTE"
430880,"General Câmara","Rio Grande do Sul","Sul","43009","Regiao 09","43009","METROPOLITANA"
430885,"Gentil","Rio Grande do Sul","Sul","43017","Regiao 17 - Planalto","43017","NORTE"
430890,"Getúlio Vargas","Rio Grande do Sul","Sul","43016","Regiao 16","43016","NORTE"
430900,"Giruá","Rio Grande do Sul","Sul","43014","Regiao 14","43014","MISSIONEIRA"
430905,"Glorinha","Rio Grande do Sul","Sul","43010","Regiao 10","43010","METROPOLITANA"
430910,"Gramado","Rio Grande do Sul","Sul","43023","Regiao 23","43023","SERRA"
430912,"Gramado dos Loureiros","Rio Grande do Sul","Sul","43020","Regiao 20 - Rota Da Producao","43020","NORTE"
430915,"Gramado Xavier","Rio Grande do Sul","Sul","43028","Regiao 28","43028","VALES"
430920,"Gravataí","Rio Grande do Sul","Sul","43010","Regiao 10","43010","METROPOLITANA"
430925,"Guabiju","Rio Grande do Sul","Sul","43025","Regiao 25","43025","SERRA"
430930,"Guaíba","Rio Grande do Sul","Sul","43009","Regiao 09","43009","METROPOLITANA"
430940,"Guaporé","Rio Grande do Sul","Sul","43025","Regiao 25","43025","SERRA"
430950,"Guarani das Missões","Rio Grande do Sul","Sul","43011","Regiao 11","43011","MISSIONEIRA"
430955,"Harmonia","Rio Grande do Sul","Sul","43008","Regiao 08","43008","METROPOLITANA"
430710,"Herval","Rio Grande do Sul","Sul","43021","Regiao 21","43021","SUL"
430957,"Herveiras","Rio Grande do Sul","Sul","43028","Regiao 28","43028","VALES"
430960,"Horizontina","Rio Grande do Sul","Sul","43014","Regiao 14","43014","MISSIONEIRA"
430965,"Hulha Negra","Rio Grande do Sul","Sul","43022","Regiao 22","43022","SUL"
430970,"Humaitá","Rio Grande do Sul","Sul","43013","Regiao 13","43013","MISSIONEIRA"
430975,"Ibarama","Rio Grande do Sul","Sul","43027","Regiao 27","43027","VALES"
430980,"Ibiaçá","Rio Grande do Sul","Sul","43018","Regiao 18","43018","NORTE"
430990,"Ibiraiaras","Rio Grande do Sul","Sul","43018","Regiao 18","43018","NORTE"
430995,"Ibirapuitã","Rio Grande do Sul","Sul","43019","Regiao 19","43019","NORTE"
431000,"Ibirubá","Rio Grande do Sul","Sul","43012","Regiao 12","43012","MISSIONEIRA"
431010,"Igrejinha","Rio Grande do Sul","Sul","43006","Regiao 06 - Vale Do Paranhana E Costa Serra","43006","METROPOLITANA"
431020,"Ijuí","Rio Grande do Sul","Sul","43013","Regiao 13","43013","MISSIONEIRA"
431030,"Ilópolis","Rio Grande do Sul","Sul","43029","Regiao 29","43029","VALES"
431033,"Imbé","Rio Grande do Sul","Sul","43005","Regiao 05","43005","METROPOLITANA"
431036,"Imigrante","Rio Grande do Sul","Sul","43030","Regiao 30","43030","VALES"
431040,"Independência","Rio Grande do Sul","Sul","43014","Regiao 14","43014","MISSIONEIRA"
431041,"Inhacorá","Rio Grande do Sul","Sul","43013","Regiao 13","43013","MISSIONEIRA"
431043,"Ipê","Rio Grande do Sul","Sul","43026","Regiao 26","43026","SERRA"
431046,"Ipiranga do Sul","Rio Grande do Sul","Sul","43016","Regiao 16","43016","NORTE"
431050,"Iraí","Rio Grande do Sul","Sul","43015","Regiao 15 - Caminho Das Aguas","43015","NORTE"
431053,"Itaara","Rio Grande do Sul","Sul","43001","Regiao 01","43001","CENTRO-OESTE"
431055,"Itacurubi","Rio Grande do Sul","Sul","43002","Regiao 02","43002","CENTRO-OESTE"
431057,"Itapuca","Rio Grande do Sul","Sul","43019","Regiao 19","43019","NORTE"
431060,"Itaqui","Rio Grande do Sul","Sul","43003","Regiao 03","43003","CENTRO-OESTE"
431065,"Itati","Rio Grande do Sul","Sul","43004","Regiao 04","43004","METROPOLITANA"
431070,"Itatiba do Sul","Rio Grande do Sul","Sul","43016","Regiao 16","43016","NORTE"
431075,"Ivorá","Rio Grande do Sul","Sul","43001","Regiao 01","43001","CENTRO-OESTE"
431080,"Ivoti","Rio Grande do Sul","Sul","43007","Regiao 07","43007","METROPOLITANA"
431085,"Jaboticaba","Rio Grande do Sul","Sul","43020","Regiao 20 - Rota Da Producao","43020","NORTE"
431087,"Jacuizinho","Rio Grande do Sul","Sul","43012","Regiao 12","43012","MISSIONEIRA"
431090,"Jacutinga","Rio Grande do Sul","Sul","43016","Regiao 16","43016","NORTE"
431100,"Jaguarão","Rio Grande do Sul","Sul","43021","Regiao 21","43021","SUL"
431110,"Jaguari","Rio Grande do Sul","Sul","43002","Regiao 02","43002","CENTRO-OESTE"
431112,"Jaquirana","Rio Grande do Sul","Sul","43024","Regiao 24","43024","SERRA"
431113,"Jari","Rio Grande do Sul","Sul","43002","Regiao 02","43002","CENTRO-OESTE"
431115,"Jóia","Rio Grande do Sul","Sul","43013","Regiao 13","43013","MISSIONEIRA"
431120,"Júlio de Castilhos","Rio Grande do Sul","Sul","43001","Regiao 01","43001","CENTRO-OESTE"
431123,"Lagoa Bonita do Sul","Rio Grande do Sul","Sul","43027","Regiao 27","43027","VALES"
431127,"Lagoa dos Três Cantos","Rio Grande do Sul","Sul","43017","Regiao 17 - Planalto","43017","NORTE"
431130,"Lagoa Vermelha","Rio Grande do Sul","Sul","43018","Regiao 18","43018","NORTE"
431125,"Lagoão","Rio Grande do Sul","Sul","43019","Regiao 19","43019","NORTE"
431140,"Lajeado","Rio Grande do Sul","Sul","43029","Regiao 29","43029","VALES"
431142,"Lajeado do Bugre","Rio Grande do Sul","Sul","43020","Regiao 20 - Rota Da Producao","43020","NORTE"
431150,"Lavras do Sul","Rio Grande do Sul","Sul","43022","Regiao 22","43022","SUL"
431160,"Liberato Salzano","Rio Grande do Sul","Sul","43015","Regiao 15 - Caminho Das Aguas","43015","NORTE"
431162,"Lindolfo Collor","Rio Grande do Sul","Sul","43007","Regiao 07","43007","METROPOLITANA"
431164,"Linha Nova","Rio Grande do Sul","Sul","43023","Regiao 23","43023","SERRA"
431171,"Maçambará","Rio Grande do Sul","Sul","43003","Regiao 03","43003","CENTRO-OESTE"
431170,"Machadinho","Rio Grande do Sul","Sul","43018","Regiao 18","43018","NORTE"
431173,"Mampituba","Rio Grande do Sul","Sul","43004","Regiao 04","43004","METROPOLITANA"
431175,"Manoel Viana","Rio Grande do Sul","Sul","43003","Regiao 03","43003","CENTRO-OESTE"
431177,"Maquiné","Rio Grande do Sul","Sul","43004","Regiao 04","43004","METROPOLITANA"
431179,"Maratá","Rio Grande do Sul","Sul","43008","Regiao 08","43008","METROPOLITANA"
431180,"Marau","Rio Grande do Sul","Sul","43017","Regiao 17 - Planalto","43017","NORTE"
431190,"Marcelino Ramos","Rio Grande do Sul","Sul","43016","Regiao 16","43016","NORTE"
431198,"Mariana Pimentel","Rio Grande do Sul","Sul","43009","Regiao 09","43009","METROPOLITANA"
431200,"Mariano Moro","Rio Grande do Sul","Sul","43016","Regiao 16","43016","NORTE"
431205,"Marques de Souza","Rio Grande do Sul","Sul","43029","Regiao 29","43029","VALES"
431210,"Mata","Rio Grande do Sul","Sul","43002","Regiao 02","43002","CENTRO-OESTE"
431213,"Mato Castelhano","Rio Grande do Sul","Sul","43017","Regiao 17 - Planalto","43017","NORTE"
431215,"Mato Leitão","Rio Grande do Sul","Sul","43028","Regiao 28","43028","VALES"
431217,"Mato Queimado","Rio Grande do Sul","Sul","43011","Regiao 11","43011","MISSIONEIRA"
431220,"Maximiliano de Almeida","Rio Grande do Sul","Sul","43018","Regiao 18","43018","NORTE"
431225,"Minas do Leão","Rio Grande do Sul","Sul","43009","Regiao 09","43009","METROPOLITANA"
431230,"Miraguaí","Rio Grande do Sul","Sul","43020","Regiao 20 - Rota Da Producao","43020","NORTE"
431235,"Montauri","Rio Grande do Sul","Sul","43017","Regiao 17 - Planalto","43017","NORTE"
431237,"Monte Alegre dos Campos","Rio Grande do Sul","Sul","43024","Regiao 24","43024","SERRA"
431238,"Monte Belo do Sul","Rio Grande do Sul","Sul","43025","Regiao 25","43025","SERRA"
431240,"Montenegro","Rio Grande do Sul","Sul","43008","Regiao 08","43008","METROPOLITANA"
431242,"Mormaço","Rio Grande do Sul","Sul","43019","Regiao 19","43019","NORTE"
431244,"Morrinhos do Sul","Rio Grande do Sul","Sul","43004","Regiao 04","43004","METROPOLITANA"
431245,"Morro Redondo","Rio Grande do Sul","Sul","43021","Regiao 21","43021","SUL"
431247,"Morro Reuter","Rio Grande do Sul","Sul","43007","Regiao 07","43007","METROPOLITANA"
431250,"Mostardas","Rio Grande do Sul","Sul","43005","Regiao 05","43005","METROPOLITANA"
431260,"Muçum","Rio Grande do Sul","Sul","43029","Regiao 29","43029","VALES"
431261,"Muitos Capões","Rio Grande do Sul","Sul","43024","Regiao 24","43024","SERRA"
431262,"Muliterno","Rio Grande do Sul","Sul","43017","Regiao 17 - Planalto","43017","NORTE"
431265,"Não-Me-Toque","Rio Grande do Sul","Sul","43017","Regiao 17 - Planalto","43017","NORTE"
431267,"Nicolau Vergueiro","Rio Grande do Sul","Sul","43017","Regiao 17 - Planalto","43017","NORTE"
431270,"Nonoai","Rio Grande do Sul","Sul","43016","Regiao 16","43016","NORTE"
431275,"Nova Alvorada","Rio Grande do Sul","Sul","43017","Regiao 17 - Planalto","43017","NORTE"
431280,"Nova Araçá","Rio Grande do Sul","Sul","43025","Regiao 25","43025","SERRA"
431290,"Nova Bassano","Rio Grande do Sul","Sul","43025","Regiao 25","43025","SERRA"
431295,"Nova Boa Vista","Rio Grande do Sul","Sul","43020","Regiao 20 - Rota Da Producao","43020","NORTE"
431300,"Nova Bréscia","Rio Grande do Sul","Sul","43029","Regiao 29","43029","VALES"
431301,"Nova Candelária","Rio Grande do Sul","Sul","43014","Regiao 14","43014","MISSIONEIRA"
431303,"Nova Esperança do Sul","Rio Grande do Sul","Sul","43002","Regiao 02","43002","CENTRO-OESTE"
431306,"Nova Hartz","Rio Grande do Sul","Sul","43007","Regiao 07","43007","METROPOLITANA"
431308,"Nova Pádua","Rio Grande do Sul","Sul","43026","Regiao 26","43026","SERRA"
431310,"Nova Palma","Rio Grande do Sul","Sul","43001","Regiao 01","43001","CENTRO-OESTE"
431320,"Nova Petrópolis","Rio Grande do Sul","Sul","43023","Regiao 23","43023","SERRA"
431330,"Nova Prata","Rio Grande do Sul","Sul","43025","Regiao 25","43025","SERRA"
431333,"Nova Ramada","Rio Grande do Sul","Sul","43013","Regiao 13","43013","MISSIONEIRA"
431335,"Nova Roma do Sul","Rio Grande do Sul","Sul","43026","Regiao 26","43026","SERRA"
431337,"Nova Santa Rita","Rio Grande do Sul","Sul","43008","Regiao 08","43008","METROPOLITANA"
431349,"Novo Barreiro","Rio Grande do Sul","Sul","43020","Regiao 20 - Rota Da Producao","43020","NORTE"
431339,"Novo Cabrais","Rio Grande do Sul","Sul","43027","Regiao 27","43027","VALES"
431340,"Novo Hamburgo","Rio Grande do Sul","Sul","43007","Regiao 07","43007","METROPOLITANA"
431342,"Novo Machado","Rio Grande do Sul","Sul","43014","Regiao 14","43014","MISSIONEIRA"
431344,"Novo Tiradentes","Rio Grande do Sul","Sul","43015","Regiao 15 - Caminho Das Aguas","43015","NORTE"
431346,"Novo Xingu","Rio Grande do Sul","Sul","43020","Regiao 20 - Rota Da Producao","43020","NORTE"
431350,"Osório","Rio Grande do Sul","Sul","43005","Regiao 05","43005","METROPOLITANA"
431360,"Paim Filho","Rio Grande do Sul","Sul","43018","Regiao 18","43018","NORTE"
431365,"Palmares do Sul","Rio Grande do Sul","Sul","43005","Regiao 05","43005","METROPOLITANA"
431370,"Palmeira das Missões","Rio Grande do Sul","Sul","43020","Regiao 20 - Rota Da Producao","43020","NORTE"
431380,"Palmitinho","Rio Grande do Sul","Sul","43015","Regiao 15 - Caminho Das Aguas","43015","NORTE"
431390,"Panambi","Rio Grande do Sul","Sul","43013","Regiao 13","43013","MISSIONEIRA"
431395,"Pantano Grande","Rio Grande do Sul","Sul","43028","Regiao 28","43028","VALES"
431400,"Paraí","Rio Grande do Sul","Sul","43025","Regiao 25","43025","SERRA"
431402,"Paraíso do Sul","Rio Grande do Sul","Sul","43001","Regiao 01","43001","CENTRO-OESTE"
431403,"Pareci Novo","Rio Grande do Sul","Sul","43008","Regiao 08","43008","METROPOLITANA"
431405,"Parobé","Rio Grande do Sul","Sul","43006","Regiao 06 - Vale Do Paranhana E Costa Serra","43006","METROPOLITANA"
431406,"Passa Sete","Rio Grande do Sul","Sul","43027","Regiao 27","43027","VALES"
431407,"Passo do Sobrado","Rio Grande do Sul","Sul","43028","Regiao 28","43028","VALES"
431410,"Passo Fundo","Rio Grande do Sul","Sul","43017","Regiao 17 - Planalto","43017","NORTE"
431413,"Paulo Bento","Rio Grande do Sul","Sul","43016","Regiao 16","43016","NORTE"
431415,"Paverama","Rio Grande do Sul","Sul","43030","Regiao 30","43030","VALES"
431417,"Pedras Altas","Rio Grande do Sul","Sul","43021","Regiao 21","43021","SUL"
431420,"Pedro Osório","Rio Grande do Sul","Sul","43021","Regiao 21","43021","SUL"
431430,"Pejuçara","Rio Grande do Sul","Sul","43013","Regiao 13","43013","MISSIONEIRA"
431440,"Pelotas","Rio Grande do Sul","Sul","43021","Regiao 21","43021","SUL"
431442,"Picada Café","Rio Grande do Sul","Sul","43023","Regiao 23","43023","SERRA"
431445,"Pinhal","Rio Grande do Sul","Sul","43015","Regiao 15 - Caminho Das Aguas","43015","NORTE"
431446,"Pinhal da Serra","Rio Grande do Sul","Sul","43024","Regiao 24","43024","SERRA"
431447,"Pinhal Grande","Rio Grande do Sul","Sul","43001","Regiao 01","43001","CENTRO-OESTE"
431449,"Pinheirinho do Vale","Rio Grande do Sul","Sul","43015","Regiao 15 - Caminho Das Aguas","43015","NORTE"
431450,"Pinheiro Machado","Rio Grande do Sul","Sul","43021","Regiao 21","43021","SUL"
431455,"Pirapó","Rio Grande do Sul","Sul","43011","Regiao 11","43011","MISSIONEIRA"
431460,"Piratini","Rio Grande do Sul","Sul","43021","Regiao 21","43021","SUL"
431470,"Planalto","Rio Grande do Sul","Sul","43015","Regiao 15 - Caminho Das Aguas","43015","NORTE"
431475,"Poço das Antas","Rio Grande do Sul","Sul","43030","Regiao 30","43030","VALES"
431477,"Pontão","Rio Grande do Sul","Sul","43017","Regiao 17 - Planalto","43017","NORTE"
431478,"Ponte Preta","Rio Grande do Sul","Sul","43016","Regiao 16","43016","NORTE"
431480,"Portão","Rio Grande do Sul","Sul","43007","Regiao 07","43007","METROPOLITANA"
431490,"Porto Alegre","Rio Grande do Sul","Sul","43010","Regiao 10","43010","METROPOLITANA"
431500,"Porto Lucena","Rio Grande do Sul","Sul","43014","Regiao 14","43014","MISSIONEIRA"
431505,"Porto Mauá","Rio Grande do Sul","Sul","43014","Regiao 14","43014","MISSIONEIRA"
431507,"Porto Vera Cruz","Rio Grande do Sul","Sul","43014","Regiao 14","43014","MISSIONEIRA"
431510,"Porto Xavier","Rio Grande do Sul","Sul","43011","Regiao 11","43011","MISSIONEIRA"
431513,"Pouso Novo","Rio Grande do Sul","Sul","43029","Regiao 29","43029","VALES"
431514,"Presidente Lucena","Rio Grande do Sul","Sul","43007","Regiao 07","43007","METROPOLITANA"
431515,"Progresso","Rio Grande do Sul","Sul","43029","Regiao 29","43029","VALES"
431517,"Protásio Alves","Rio Grande do Sul","Sul","43025","Regiao 25","43025","SERRA"
431520,"Putinga","Rio Grande do Sul","Sul","43029","Regiao 29","43029","VALES"
431530,"Quaraí","Rio Grande do Sul","Sul","43003","Regiao 03","43003","CENTRO-OESTE"
431531,"Quatro Irmãos","Rio Grande do Sul","Sul","43016","Regiao 16","43016","NORTE"
431532,"Quevedos","Rio Grande do Sul","Sul","43001","Regiao 01","43001","CENTRO-OESTE"
431535,"Quinze de Novembro","Rio Grande do Sul","Sul","43012","Regiao 12","43012","MISSIONEIRA"
431540,"Redentora","Rio Grande do Sul","Sul","43020","Regiao 20 - Rota Da Producao","43020","NORTE"
431545,"Relvado","Rio Grande do Sul","Sul","43029","Regiao 29","43029","VALES"
431550,"Restinga Sêca","Rio Grande do Sul","Sul","43001","Regiao 01","43001","CENTRO-OESTE"
431555,"Rio dos Índios","Rio Grande do Sul","Sul","43016","Regiao 16","43016","NORTE"
431560,"Rio Grande","Rio Grande do Sul","Sul","43021","Regiao 21","43021","SUL"
431570,"Rio Pardo","Rio Grande do Sul","Sul","43028","Regiao 28","43028","VALES"
431575,"Riozinho","Rio Grande do Sul","Sul","43006","Regiao 06 - Vale Do Paranhana E Costa Serra","43006","METROPOLITANA"
431580,"Roca Sales","Rio Grande do Sul","Sul","43029","Regiao 29","43029","VALES"
431590,"Rodeio Bonito","Rio Grande do Sul","Sul","43015","Regiao 15 - Caminho Das Aguas","43015","NORTE"
431595,"Rolador","Rio Grande do Sul","Sul","43011","Regiao 11","43011","MISSIONEIRA"
431600,"Rolante","Rio Grande do Sul","Sul","43006","Regiao 06 - Vale Do Paranhana E Costa Serra","43006","METROPOLITANA"
431610,"Ronda Alta","Rio Grande do Sul","Sul","43020","Regiao 20 - Rota Da Producao","43020","NORTE"
431620,"Rondinha","Rio Grande do Sul","Sul","43020","Regiao 20 - Rota Da Producao","43020","NORTE"
431630,"Roque Gonzales","Rio Grande do Sul","Sul","43011","Regiao 11","43011","MISSIONEIRA"
431640,"Rosário do Sul","Rio Grande do Sul","Sul","43003","Regiao 03","43003","CENTRO-OESTE"
431642,"Sagrada Família","Rio Grande do Sul","Sul","43020","Regiao 20 - Rota Da Producao","43020","NORTE"
431643,"Saldanha Marinho","Rio Grande do Sul","Sul","43012","Regiao 12","43012","MISSIONEIRA"
431645,"Salto do Jacuí","Rio Grande do Sul","Sul","43012","Regiao 12","43012","MISSIONEIRA"
431647,"Salvador das Missões","Rio Grande do Sul","Sul","43011","Regiao 11","43011","MISSIONEIRA"
431650,"Salvador do Sul","Rio Grande do Sul","Sul","43008","Regiao 08","43008","METROPOLITANA"
431660,"Sananduva","Rio Grande do Sul","Sul","43018","Regiao 18","43018","NORTE"
431670,"Santa Bárbara do Sul","Rio Grande do Sul","Sul","43012","Regiao 12","43012","MISSIONEIRA"
431673,"Santa Cecília do Sul","Rio Grande do Sul","Sul","43018","Regiao 18","43018","NORTE"
431675,"Santa Clara do Sul","Rio Grande do Sul","Sul","43029","Regiao 29","43029","VALES"
431680,"Santa Cruz do Sul","Rio Grande do Sul","Sul","43028","Regiao 28","43028","VALES"
431697,"Santa Margarida do Sul","Rio Grande do Sul","Sul","43003","Regiao 03","43003","CENTRO-OESTE"
431690,"Santa Maria","Rio Grande do Sul","Sul","43001","Regiao 01","43001","CENTRO-OESTE"
431695,"Santa Maria do Herval","Rio Grande do Sul","Sul","43007","Regiao 07","43007","METROPOLITANA"
431720,"Santa Rosa","Rio Grande do Sul","Sul","43014","Regiao 14","43014","MISSIONEIRA"
431725,"Santa Tereza","Rio Grande do Sul","Sul","43025","Regiao 25","43025","SERRA"
431730,"Santa Vitória do Palmar","Rio Grande do Sul","Sul","43021","Regiao 21","43021","SUL"
431700,"Santana da Boa Vista","Rio Grande do Sul","Sul","43021","Regiao 21","43021","SUL"
431710,"Sant'Ana do Livramento","Rio Grande do Sul","Sul","43003","Regiao 03","43003","CENTRO-OESTE"
431740,"Santiago","Rio Grande do Sul","Sul","43002","Regiao 02","43002","CENTRO-OESTE"
431750,"Santo Ângelo","Rio Grande do Sul","Sul","43011","Regiao 11","43011","MISSIONEIRA"
431760,"Santo Antônio da Patrulha","Rio Grande do Sul","Sul","43005","Regiao 05","43005","METROPOLITANA"
431770,"Santo Antônio das Missões","Rio Grande do Sul","Sul","43011","Regiao 11","43011","MISSIONEIRA"
431755,"Santo Antônio do Palma","Rio Grande do Sul","Sul","43017","Regiao 17 - Planalto","43017","NORTE"
431775,"Santo Antônio do Planalto","Rio Grande do Sul","Sul","43017","Regiao 17 - Planalto","43017","NORTE"
431780,"Santo Augusto","Rio Grande do Sul","Sul","43013","Regiao 13","43013","MISSIONEIRA"
431790,"Santo Cristo","Rio Grande do Sul","Sul","43014","Regiao 14","43014","MISSIONEIRA"
431795,"Santo Expedito do Sul","Rio Grande do Sul","Sul","43018","Regiao 18","43018","NORTE"
431800,"São Borja","Rio Grande do Sul","Sul","43011","Regiao 11","43011","MISSIONEIRA"
431805,"São Domingos do Sul","Rio Grande do Sul","Sul","43017","Regiao 17 - Planalto","43017","NORTE"
431810,"São Francisco de Assis","Rio Grande do Sul","Sul","43002","Regiao 02","43002","CENTRO-OESTE"
431820,"São Francisco de Paula","Rio Grande do Sul","Sul","43006","Regiao 06 - Vale Do Paranhana E Costa Serra","43006","METROPOLITANA"
431830,"São Gabriel","Rio Grande do Sul","Sul","43003","Regiao 03","43003","CENTRO-OESTE"
431840,"São Jerônimo","Rio Grande do Sul","Sul","43009","Regiao 09","43009","METROPOLITANA"
431842,"São João da Urtiga","Rio Grande do Sul","Sul","43018","Regiao 18","43018","NORTE"
431843,"São João do Polêsine","Rio Grande do Sul","Sul","43001","Regiao 01","43001","CENTRO-OESTE"
431844,"São Jorge","Rio Grande do Sul","Sul","43025","Regiao 25","43025","SERRA"
431845,"São José das Missões","Rio Grande do Sul","Sul","43020","Regiao 20 - Rota Da Producao","43020","NORTE"
431846,"São José do Herval","Rio Grande do Sul","Sul","43029","Regiao 29","43029","VALES"
431848,"São José do Hortêncio","Rio Grande do Sul","Sul","43007","Regiao 07","43007","METROPOLITANA"
431849,"São José do Inhacorá","Rio Grande do Sul","Sul","43014","Regiao 14","43014","MISSIONEIRA"
431850,"São José do Norte","Rio Grande do Sul","Sul","43021","Regiao 21","43021","SUL"
431860,"São José do Ouro","Rio Grande do Sul","Sul","43018","Regiao 18","43018","NORTE"
431861,"São José do Sul","Rio Grande do Sul","Sul","43008","Regiao 08","43008","METROPOLITANA"
431862,"São José dos Ausentes","Rio Grande do Sul","Sul","43024","Regiao 24","43024","SERRA"
431870,"São Leopoldo","Rio Grande do Sul","Sul","43007","Regiao 07","43007","METROPOLITANA"
431880,"São Lourenço do Sul","Rio Grande do Sul","Sul","43021","Regiao 21","43021","SUL"
431890,"São Luiz Gonzaga","Rio Grande do Sul","Sul","43011","Regiao 11","43011","MISSIONEIRA"
431900,"São Marcos","Rio Grande do Sul","Sul","43026","Regiao 26","43026","SERRA"
431910,"São Martinho","Rio Grande do Sul","Sul","43013","Regiao 13","43013","MISSIONEIRA"
431912,"São Martinho da Serra","Rio Grande do Sul","Sul","43001","Regiao 01","43001","CENTRO-OESTE"
431915,"São Miguel das Missões","Rio Grande do Sul","Sul","43011","Regiao 11","43011","MISSIONEIRA"
431920,"São Nicolau","Rio Grande do Sul","Sul","43011","Regiao 11","43011","MISSIONEIRA"
431930,"São Paulo das Missões","Rio Grande do Sul","Sul","43014","Regiao 14","43014","MISSIONEIRA"
431935,"São Pedro da Serra","Rio Grande do Sul","Sul","43008","Regiao 08","43008","METROPOLITANA"
431936,"São Pedro das Missões","Rio Grande do Sul","Sul","43020","Regiao 20 - Rota Da Producao","43020","NORTE"
431937,"São Pedro do Butiá","Rio Grande do Sul","Sul","43011","Regiao 11","43011","MISSIONEIRA"
431940,"São Pedro do Sul","Rio Grande do Sul","Sul","43001","Regiao 01","43001","CENTRO-OESTE"
431950,"São Sebastião do Caí","Rio Grande do Sul","Sul","43008","Regiao 08","43008","METROPOLITANA"
431960,"São Sepé","Rio Grande do Sul","Sul","43001","Regiao 01","43001","CENTRO-OESTE"
431970,"São Valentim","Rio Grande do Sul","Sul","43016","Regiao 16","43016","NORTE"
431971,"São Valentim do Sul","Rio Grande do Sul","Sul","43029","Regiao 29","43029","VALES"
431973,"São Valério do Sul","Rio Grande do Sul","Sul","43013","Regiao 13","43013","MISSIONEIRA"
431975,"São Vendelino","Rio Grande do Sul","Sul","43026","Regiao 26","43026","SERRA"
431980,"São Vicente do Sul","Rio Grande do Sul","Sul","43002","Regiao 02","43002","CENTRO-OESTE"
431990,"Sapiranga","Rio Grande do Sul","Sul","43007","Regiao 07","43007","METROPOLITANA"
432000,"Sapucaia do Sul","Rio Grande do Sul","Sul","43008","Regiao 08","43008","METROPOLITANA"
432010,"Sarandi","Rio Grande do Sul","Sul","43020","Regiao 20 - Rota Da Producao","43020","NORTE"
432020,"Seberi","Rio Grande do Sul","Sul","43015","Regiao 15 - Caminho Das Aguas","43015","NORTE"
432023,"Sede Nova","Rio Grande do Sul","Sul","43013","Regiao 13","43013","MISSIONEIRA"
432026,"Segredo","Rio Grande do Sul","Sul","43027","Regiao 27","43027","VALES"
432030,"Selbach","Rio Grande do Sul","Sul","43012","Regiao 12","43012","MISSIONEIRA"
432032,"Senador Salgado Filho","Rio Grande do Sul","Sul","43014","Regiao 14","43014","MISSIONEIRA"
432035,"Sentinela do Sul","Rio Grande do Sul","Sul","43009","Regiao 09","43009","METROPOLITANA"
432040,"Serafina Corrêa","Rio Grande do Sul","Sul","43017","Regiao 17 - Planalto","43017","NORTE"
432045,"Sério","Rio Grande do Sul","Sul","43029","Regiao 29","43029","VALES"
432050,"Sertão","Rio Grande do Sul","Sul","43017","Regiao 17 - Planalto","43017","NORTE"
432055,"Sertão Santana","Rio Grande do Sul","Sul","43009","Regiao 09","43009","METROPOLITANA"
432057,"Sete de Setembro","Rio Grande do Sul","Sul","43011","Regiao 11","43011","MISSIONEIRA"
432060,"Severiano de Almeida","Rio Grande do Sul","Sul","43016","Regiao 16","43016","NORTE"
432065,"Silveira Martins","Rio Grande do Sul","Sul","43001","Regiao 01","43001","CENTRO-OESTE"
432067,"Sinimbu","Rio Grande do Sul","Sul","43028","Regiao 28","43028","VALES"
432070,"Sobradinho","Rio Grande do Sul","Sul","43027","Regiao 27","43027","VALES"
432080,"Soledade","Rio Grande do Sul","Sul","43019","Regiao 19","43019","NORTE"
432085,"Tabaí","Rio Grande do Sul","Sul","43008","Regiao 08","43008","METROPOLITANA"
432090,"Tapejara","Rio Grande do Sul","Sul","43018","Regiao 18","43018","NORTE"
432100,"Tapera","Rio Grande do Sul","Sul","43019","Regiao 19","43019","NORTE"
432110,"Tapes","Rio Grande do Sul","Sul","43009","Regiao 09","43009","METROPOLITANA"
432120,"Taquara","Rio Grande do Sul","Sul","43006","Regiao 06 - Vale Do Paranhana E Costa Serra","43006","METROPOLITANA"
432130,"Taquari","Rio Grande do Sul","Sul","43030","Regiao 30","43030","VALES"
432132,"Taquaruçu do Sul","Rio Grande do Sul","Sul","43015","Regiao 15 - Caminho Das Aguas","43015","NORTE"
432135,"Tavares","Rio Grande do Sul","Sul","43005","Regiao 05","43005","METROPOLITANA"
432140,"Tenente Portela","Rio Grande do Sul","Sul","43015","Regiao 15 - Caminho Das Aguas","43015","NORTE"
432143,"Terra de Areia","Rio Grande do Sul","Sul","43004","Regiao 04","43004","METROPOLITANA"
432145,"Teutônia","Rio Grande do Sul","Sul","43030","Regiao 30","43030","VALES"
432146,"Tio Hugo","Rio Grande do Sul","Sul","43019","Regiao 19","43019","NORTE"
432147,"Tiradentes do Sul","Rio Grande do Sul","Sul","43015","Regiao 15 - Caminho Das Aguas","43015","NORTE"
432149,"Toropi","Rio Grande do Sul","Sul","43001","Regiao 01","43001","CENTRO-OESTE"
432150,"Torres","Rio Grande do Sul","Sul","43004","Regiao 04","43004","METROPOLITANA"
432160,"Tramandaí","Rio Grande do Sul","Sul","43005","Regiao 05","43005","METROPOLITANA"
432162,"Travesseiro","Rio Grande do Sul","Sul","43029","Regiao 29","43029","VALES"
432163,"Três Arroios","Rio Grande do Sul","Sul","43016","Regiao 16","43016","NORTE"
432166,"Três Cachoeiras","Rio Grande do Sul","Sul","43004","Regiao 04","43004","METROPOLITANA"
432170,"Três Coroas","Rio Grande do Sul","Sul","43006","Regiao 06 - Vale Do Paranhana E Costa Serra","43006","METROPOLITANA"
432180,"Três de Maio","Rio Grande do Sul","Sul","43014","Regiao 14","43014","MISSIONEIRA"
432183,"Três Forquilhas","Rio Grande do Sul","Sul","43004","Regiao 04","43004","METROPOLITANA"
432185,"Três Palmeiras","Rio Grande do Sul","Sul","43020","Regiao 20 - Rota Da Producao","43020","NORTE"
432190,"Três Passos","Rio Grande do Sul","Sul","43015","Regiao 15 - Caminho Das Aguas","43015","NORTE"
432195,"Trindade do Sul","Rio Grande do Sul","Sul","43020","Regiao 20 - Rota Da Producao","43020","NORTE"
432200,"Triunfo","Rio Grande do Sul","Sul","43008","Regiao 08","43008","METROPOLITANA"
432210,"Tucunduva","Rio Grande do Sul","Sul","43014","Regiao 14","43014","MISSIONEIRA"
432215,"Tunas","Rio Grande do Sul","Sul","43019","Regiao 19","43019","NORTE"
432218,"Tupanci do Sul","Rio Grande do Sul","Sul","43018","Regiao 18","43018","NORTE"
432220,"Tupanciretã","Rio Grande do Sul","Sul","43001","Regiao 01","43001","CENTRO-OESTE"
432225,"Tupandi","Rio Grande do Sul","Sul","43008","Regiao 08","43008","METROPOLITANA"
432230,"Tuparendi","Rio Grande do Sul","Sul","43014","Regiao 14","43014","MISSIONEIRA"
432232,"Turuçu","Rio Grande do Sul","Sul","43021","Regiao 21","43021","SUL"
432234,"Ubiretama","Rio Grande do Sul","Sul","43011","Regiao 11","43011","MISSIONEIRA"
432235,"União da Serra","Rio Grande do Sul","Sul","43025","Regiao 25","43025","SERRA"
432237,"Unistalda","Rio Grande do Sul","Sul","43002","Regiao 02","43002","CENTRO-OESTE"
432240,"Uruguaiana","Rio Grande do Sul","Sul","43003","Regiao 03","43003","CENTRO-OESTE"
432250,"Vacaria","Rio Grande do Sul","Sul","43024","Regiao 24","43024","SERRA"
432253,"Vale do Sol","Rio Grande do Sul","Sul","43028","Regiao 28","43028","VALES"
432254,"Vale Real","Rio Grande do Sul","Sul","43026","Regiao 26","43026","SERRA"
432252,"Vale Verde","Rio Grande do Sul","Sul","43028","Regiao 28","43028","VALES"
432255,"Vanini","Rio Grande do Sul","Sul","43017","Regiao 17 - Planalto","43017","NORTE"
432260,"Venâncio Aires","Rio Grande do Sul","Sul","43028","Regiao 28","43028","VALES"
432270,"Vera Cruz","Rio Grande do Sul","Sul","43028","Regiao 28","43028","VALES"
432280,"Veranópolis","Rio Grande do Sul","Sul","43025","Regiao 25","43025","SERRA"
432285,"Vespasiano Corrêa","Rio Grande do Sul","Sul","43029","Regiao 29","43029","VALES"
432290,"Viadutos","Rio Grande do Sul","Sul","43016","Regiao 16","43016","NORTE"
432300,"Viamão","Rio Grande do Sul","Sul","43010","Regiao 10","43010","METROPOLITANA"
432310,"Vicente Dutra","Rio Grande do Sul","Sul","43015","Regiao 15 - Caminho Das Aguas","43015","NORTE"
432320,"Victor Graeff","Rio Grande do Sul","Sul","43017","Regiao 17 - Planalto","43017","NORTE"
432330,"Vila Flores","Rio Grande do Sul","Sul","43025","Regiao 25","43025","SERRA"
432335,"Vila Lângaro","Rio Grande do Sul","Sul","43018","Regiao 18","43018","NORTE"
432340,"Vila Maria","Rio Grande do Sul","Sul","43017","Regiao 17 - Planalto","43017","NORTE"
432345,"Vila Nova do Sul","Rio Grande do Sul","Sul","43001","Regiao 01","43001","CENTRO-OESTE"
432350,"Vista Alegre","Rio Grande do Sul","Sul","43015","Regiao 15 - Caminho Das Aguas","43015","NORTE"
432360,"Vista Alegre do Prata","Rio Grande do Sul","Sul","43025","Regiao 25","43025","SERRA"
432370,"Vista Gaúcha","Rio Grande do Sul","Sul","43015","Regiao 15 - Caminho Das Aguas","43015","NORTE"
432375,"Vitória das Missões","Rio Grande do Sul","Sul","43011","Regiao 11","43011","MISSIONEIRA"
432377,"Westfália","Rio Grande do Sul","Sul","43030","Regiao 30","43030","VALES"
432380,"Xangri-lá","Rio Grande do Sul","Sul","43004","Regiao 04","43004","METROPOLITANA"
500020,"Água Clara","Mato Grosso do Sul","Centro-Oeste","50013","Leste","50013","COSTA LESTE"
500025,"Alcinópolis","Mato Grosso do Sul","Centro-Oeste","50015","Norte","50015","CENTRO"
500060,"Amambai","Mato Grosso do Sul","Centro-Oeste","50017","Sul Fronteira","50017","CONE SUL"
500070,"Anastácio","Mato Grosso do Sul","Centro-Oeste","50009","Baixo Pantanal","50009","CENTRO"
500080,"Anaurilândia","Mato Grosso do Sul","Centro-Oeste","50016","Sudeste","50016","CONE SUL"
500085,"Angélica","Mato Grosso do Sul","Centro-Oeste","50016","Sudeste","50016","CONE SUL"
500090,"Antônio João","Mato Grosso do Sul","Centro-Oeste","50017","Sul Fronteira","50017","CONE SUL"
500100,"Aparecida do Taboado","Mato Grosso do Sul","Centro-Oeste","50014","Nordeste","50014","COSTA LESTE"
500110,"Aquidauana","Mato Grosso do Sul","Centro-Oeste","50009","Baixo Pantanal","50009","CENTRO"
500124,"Aral Moreira","Mato Grosso do Sul","Centro-Oeste","50017","Sul Fronteira","50017","CONE SUL"
500150,"Bandeirantes","Mato Grosso do Sul","Centro-Oeste","50011","Centro","50011","CENTRO"
500190,"Bataguassu","Mato Grosso do Sul","Centro-Oeste","50013","Leste","50013","COSTA LESTE"
500200,"Batayporã","Mato Grosso do Sul","Centro-Oeste","50016","Sudeste","50016","CONE SUL"
500210,"Bela Vista","Mato Grosso do Sul","Centro-Oeste","50009","Baixo Pantanal","50009","CENTRO"
500215,"Bodoquena","Mato Grosso do Sul","Centro-Oeste","50009","Baixo Pantanal","50009","CENTRO"
500220,"Bonito","Mato Grosso do Sul","Centro-Oeste","50009","Baixo Pantanal","50009","CENTRO"
500230,"Brasilândia","Mato Grosso do Sul","Centro-Oeste","50013","Leste","50013","COSTA LESTE"
500240,"Caarapó","Mato Grosso do Sul","Centro-Oeste","50012","Centro Sul","50012","CONE SUL"
500260,"Camapuã","Mato Grosso do Sul","Centro-Oeste","50011","Centro","50011","CENTRO"
500270,"Campo Grande","Mato Grosso do Sul","Centro-Oeste","50011","Centro","50011","CENTRO"
500280,"Caracol","Mato Grosso do Sul","Centro-Oeste","50009","Baixo Pantanal","50009","CENTRO"
500290,"Cassilândia","Mato Grosso do Sul","Centro-Oeste","50014","Nordeste","50014","COSTA LESTE"
500295,"Chapadão do Sul","Mato Grosso do Sul","Centro-Oeste","50014","Nordeste","50014","COSTA LESTE"
500310,"Corguinho","Mato Grosso do Sul","Centro-Oeste","50011","Centro","50011","CENTRO"
500315,"Coronel Sapucaia","Mato Grosso do Sul","Centro-Oeste","50017","Sul Fronteira","50017","CONE SUL"
500320,"Corumbá","Mato Grosso do Sul","Centro-Oeste","50010","Pantanal","50010","PANTANAL"
500325,"Costa Rica","Mato Grosso do Sul","Centro-Oeste","50014","Nordeste","50014","COSTA LESTE"
500330,"Coxim","Mato Grosso do Sul","Centro-Oeste","50015","Norte","50015","CENTRO"
500345,"Deodápolis","Mato Grosso do Sul","Centro-Oeste","50012","Centro Sul","50012","CONE SUL"
500348,"Dois Irmãos do Buriti","Mato Grosso do Sul","Centro-Oeste","50009","Baixo Pantanal","50009","CENTRO"
500350,"Douradina","Mato Grosso do Sul","Centro-Oeste","50012","Centro Sul","50012","CONE SUL"
500370,"Dourados","Mato Grosso do Sul","Centro-Oeste","50012","Centro Sul","50012","CONE SUL"
500375,"Eldorado","Mato Grosso do Sul","Centro-Oeste","50017","Sul Fronteira","50017","CONE SUL"
500380,"Fátima do Sul","Mato Grosso do Sul","Centro-Oeste","50012","Centro Sul","50012","CONE SUL"
500390,"Figueirão","Mato Grosso do Sul","Centro-Oeste","50015","Norte","50015","CENTRO"
500400,"Glória de Dourados","Mato Grosso do Sul","Centro-Oeste","50012","Centro Sul","50012","CONE SUL"
500410,"Guia Lopes da Laguna","Mato Grosso do Sul","Centro-Oeste","50009","Baixo Pantanal","50009","CENTRO"
500430,"Iguatemi","Mato Grosso do Sul","Centro-Oeste","50017","Sul Fronteira","50017","CONE SUL"
500440,"Inocência","Mato Grosso do Sul","Centro-Oeste","50014","Nordeste","50014","COSTA LESTE"
500450,"Itaporã","Mato Grosso do Sul","Centro-Oeste","50012","Centro Sul","50012","CONE SUL"
500460,"Itaquiraí","Mato Grosso do Sul","Centro-Oeste","50017","Sul Fronteira","50017","CONE SUL"
500470,"Ivinhema","Mato Grosso do Sul","Centro-Oeste","50016","Sudeste","50016","CONE SUL"
500480,"Japorã","Mato Grosso do Sul","Centro-Oeste","50017","Sul Fronteira","50017","CONE SUL"
500490,"Jaraguari","Mato Grosso do Sul","Centro-Oeste","50011","Centro","50011","CENTRO"
500500,"Jardim","Mato Grosso do Sul","Centro-Oeste","50009","Baixo Pantanal","50009","CENTRO"
500510,"Jateí","Mato Grosso do Sul","Centro-Oeste","50012","Centro Sul","50012","CONE SUL"
500515,"Juti","Mato Grosso do Sul","Centro-Oeste","50017","Sul Fronteira","50017","CONE SUL"
500520,"Ladário","Mato Grosso do Sul","Centro-Oeste","50010","Pantanal","50010","PANTANAL"
500525,"Laguna Carapã","Mato Grosso do Sul","Centro-Oeste","50012","Centro Sul","50012","CONE SUL"
500540,"Maracaju","Mato Grosso do Sul","Centro-Oeste","50009","Baixo Pantanal","50009","CENTRO"
500560,"Miranda","Mato Grosso do Sul","Centro-Oeste","50010","Pantanal","50010","PANTANAL"
500568,"Mundo Novo","Mato Grosso do Sul","Centro-Oeste","50017","Sul Fronteira","50017","CONE SUL"
500570,"Naviraí","Mato Grosso do Sul","Centro-Oeste","50017","Sul Fronteira","50017","CONE SUL"
500580,"Nioaque","Mato Grosso do Sul","Centro-Oeste","50009","Baixo Pantanal","50009","CENTRO"
500600,"Nova Alvorada do Sul","Mato Grosso do Sul","Centro-Oeste","50012","Centro Sul","50012","CONE SUL"
500620,"Nova Andradina","Mato Grosso do Sul","Centro-Oeste","50016","Sudeste","50016","CONE SUL"
500625,"Novo Horizonte do Sul","Mato Grosso do Sul","Centro-Oeste","50016","Sudeste","50016","CONE SUL"
500630,"Paranaíba","Mato Grosso do Sul","Centro-Oeste","50014","Nordeste","50014","COSTA LESTE"
500635,"Paranhos","Mato Grosso do Sul","Centro-Oeste","50017","Sul Fronteira","50017","CONE SUL"
500640,"Pedro Gomes","Mato Grosso do Sul","Centro-Oeste","50015","Norte","50015","CENTRO"
500660,"Ponta Porã","Mato Grosso do Sul","Centro-Oeste","50017","Sul Fronteira","50017","CONE SUL"
500690,"Porto Murtinho","Mato Grosso do Sul","Centro-Oeste","50009","Baixo Pantanal","50009","CENTRO"
500710,"Ribas do Rio Pardo","Mato Grosso do Sul","Centro-Oeste","50011","Centro","50011","CENTRO"
500720,"Rio Brilhante","Mato Grosso do Sul","Centro-Oeste","50012","Centro Sul","50012","CONE SUL"
500730,"Rio Negro","Mato Grosso do Sul","Centro-Oeste","50015","Norte","50015","CENTRO"
500740,"Rio Verde de Mato Grosso","Mato Grosso do Sul","Centro-Oeste","50015","Norte","50015","CENTRO"
500750,"Rochedo","Mato Grosso do Sul","Centro-Oeste","50011","Centro","50011","CENTRO"
500755,"Santa Rita do Pardo","Mato Grosso do Sul","Centro-Oeste","50013","Leste","50013","COSTA LESTE"
500769,"São Gabriel do Oeste","Mato Grosso do Sul","Centro-Oeste","50015","Norte","50015","CENTRO"
500780,"Selvíria","Mato Grosso do Sul","Centro-Oeste","50013","Leste","50013","COSTA LESTE"
500770,"Sete Quedas","Mato Grosso do Sul","Centro-Oeste","50017","Sul Fronteira","50017","CONE SUL"
500790,"Sidrolândia","Mato Grosso do Sul","Centro-Oeste","50011","Centro","50011","CENTRO"
500793,"Sonora","Mato Grosso do Sul","Centro-Oeste","50015","Norte","50015","CENTRO"
500795,"Tacuru","Mato Grosso do Sul","Centro-Oeste","50017","Sul Fronteira","50017","CONE SUL"
500797,"Taquarussu","Mato Grosso do Sul","Centro-Oeste","50016","Sudeste","50016","CONE SUL"
500800,"Terenos","Mato Grosso do Sul","Centro-Oeste","50011","Centro","50011","CENTRO"
500830,"Três Lagoas","Mato Grosso do Sul","Centro-Oeste","50013","Leste","50013","COSTA LESTE"
500840,"Vicentina","Mato Grosso do Sul","Centro-Oeste","50012","Centro Sul","50012","CONE SUL"
510010,"Acorizal","Mato Grosso","Centro-Oeste","51002","Baixada Cuiabana","51002","MACRORREGIAO CENTRO-NORTE"
510020,"Água Boa","Mato Grosso","Centro-Oeste","51006","Medio Araguaia","51006","MACRORREGIAO LESTE"
510025,"Alta Floresta","Mato Grosso","Centro-Oeste","51001","Alto Tapajos","51001","MACRORREGIAO NORTE"
510030,"Alto Araguaia","Mato Grosso","Centro-Oeste","51013","Sul Matogrossense","51013","MACRORREGIAO SUL"
510035,"Alto Boa Vista","Mato Grosso","Centro-Oeste","51009","Norte Araguaia Karaja","51009","MACRORREGIAO LESTE"
510040,"Alto Garças","Mato Grosso","Centro-Oeste","51013","Sul Matogrossense","51013","MACRORREGIAO SUL"
510050,"Alto Paraguai","Mato Grosso","Centro-Oeste","51004","Centro Norte","51004","MACRORREGIAO CENTRO-NOROESTE"
510060,"Alto Taquari","Mato Grosso","Centro-Oeste","51013","Sul Matogrossense","51013","MACRORREGIAO SUL"
510080,"Apiacás","Mato Grosso","Centro-Oeste","51001","Alto Tapajos","51001","MACRORREGIAO NORTE"
510100,"Araguaiana","Mato Grosso","Centro-Oeste","51005","Garcas Araguaia","51005","MACRORREGIAO LESTE"
510120,"Araguainha","Mato Grosso","Centro-Oeste","51013","Sul Matogrossense","51013","MACRORREGIAO SUL"
510125,"Araputanga","Mato Grosso","Centro-Oeste","51011","Oeste Matogrossense","51011","MACRORREGIAO OESTE"
510130,"Arenápolis","Mato Grosso","Centro-Oeste","51007","Medio Norte Matogrossense","51007","MACRORREGIAO CENTRO-NOROESTE"
510140,"Aripuanã","Mato Grosso","Centro-Oeste","51008","Noroeste Matogrossense","51008","MACRORREGIAO CENTRO-NOROESTE"
510160,"Barão de Melgaço","Mato Grosso","Centro-Oeste","51002","Baixada Cuiabana","51002","MACRORREGIAO CENTRO-NORTE"
510170,"Barra do Bugres","Mato Grosso","Centro-Oeste","51007","Medio Norte Matogrossense","51007","MACRORREGIAO CENTRO-NOROESTE"
510180,"Barra do Garças","Mato Grosso","Centro-Oeste","51005","Garcas Araguaia","51005","MACRORREGIAO LESTE"
510185,"Bom Jesus do Araguaia","Mato Grosso","Centro-Oeste","51006","Medio Araguaia","51006","MACRORREGIAO LESTE"
510190,"Brasnorte","Mato Grosso","Centro-Oeste","51008","Noroeste Matogrossense","51008","MACRORREGIAO CENTRO-NOROESTE"
510250,"Cáceres","Mato Grosso","Centro-Oeste","51011","Oeste Matogrossense","51011","MACRORREGIAO OESTE"
510260,"Campinápolis","Mato Grosso","Centro-Oeste","51005","Garcas Araguaia","51005","MACRORREGIAO LESTE"
510263,"Campo Novo do Parecis","Mato Grosso","Centro-Oeste","51007","Medio Norte Matogrossense","51007","MACRORREGIAO CENTRO-NOROESTE"
510267,"Campo Verde","Mato Grosso","Centro-Oeste","51013","Sul Matogrossense","51013","MACRORREGIAO SUL"
510268,"Campos de Júlio","Mato Grosso","Centro-Oeste","51012","Sudoeste Matogrossense","51012","MACRORREGIAO OESTE"
510269,"Canabrava do Norte","Mato Grosso","Centro-Oeste","51003","Araguaia Xingu","51003","MACRORREGIAO LESTE"
510270,"Canarana","Mato Grosso","Centro-Oeste","51006","Medio Araguaia","51006","MACRORREGIAO LESTE"
510279,"Carlinda","Mato Grosso","Centro-Oeste","51001","Alto Tapajos","51001","MACRORREGIAO NORTE"
510285,"Castanheira","Mato Grosso","Centro-Oeste","51008","Noroeste Matogrossense","51008","MACRORREGIAO CENTRO-NOROESTE"
510300,"Chapada dos Guimarães","Mato Grosso","Centro-Oeste","51002","Baixada Cuiabana","51002","MACRORREGIAO CENTRO-NORTE"
510305,"Cláudia","Mato Grosso","Centro-Oeste","51014","Teles Pires","51014","MACRORREGIAO NORTE"
510310,"Cocalinho","Mato Grosso","Centro-Oeste","51006","Medio Araguaia","51006","MACRORREGIAO LESTE"
510320,"Colíder","Mato Grosso","Centro-Oeste","51010","Norte Matogrossense","51010","MACRORREGIAO NORTE"
510325,"Colniza","Mato Grosso","Centro-Oeste","51008","Noroeste Matogrossense","51008","MACRORREGIAO CENTRO-NOROESTE"
510330,"Comodoro","Mato Grosso","Centro-Oeste","51012","Sudoeste Matogrossense","51012","MACRORREGIAO OESTE"
510335,"Confresa","Mato Grosso","Centro-Oeste","51003","Araguaia Xingu","51003","MACRORREGIAO LESTE"
510336,"Conquista D'Oeste","Mato Grosso","Centro-Oeste","51012","Sudoeste Matogrossense","51012","MACRORREGIAO OESTE"
510337,"Cotriguaçu","Mato Grosso","Centro-Oeste","51008","Noroeste Matogrossense","51008","MACRORREGIAO CENTRO-NOROESTE"
510340,"Cuiabá","Mato Grosso","Centro-Oeste","51002","Baixada Cuiabana","51002","MACRORREGIAO CENTRO-NORTE"
510343,"Curvelândia","Mato Grosso","Centro-Oeste","51011","Oeste Matogrossense","51011","MACRORREGIAO OESTE"
510345,"Denise","Mato Grosso","Centro-Oeste","51007","Medio Norte Matogrossense","51007","MACRORREGIAO CENTRO-NOROESTE"
510350,"Diamantino","Mato Grosso","Centro-Oeste","51004","Centro Norte","51004","MACRORREGIAO CENTRO-NOROESTE"
510360,"Dom Aquino","Mato Grosso","Centro-Oeste","51013","Sul Matogrossense","51013","MACRORREGIAO SUL"
510370,"Feliz Natal","Mato Grosso","Centro-Oeste","51014","Teles Pires","51014","MACRORREGIAO NORTE"
510380,"Figueirópolis D'Oeste","Mato Grosso","Centro-Oeste","51012","Sudoeste Matogrossense","51012","MACRORREGIAO OESTE"
510385,"Gaúcha do Norte","Mato Grosso","Centro-Oeste","51006","Medio Araguaia","51006","MACRORREGIAO LESTE"
510390,"General Carneiro","Mato Grosso","Centro-Oeste","51005","Garcas Araguaia","51005","MACRORREGIAO LESTE"
510395,"Glória D'Oeste","Mato Grosso","Centro-Oeste","51011","Oeste Matogrossense","51011","MACRORREGIAO OESTE"
510410,"Guarantã do Norte","Mato Grosso","Centro-Oeste","51015","Vale Do Peixoto","51015","MACRORREGIAO NORTE"
510420,"Guiratinga","Mato Grosso","Centro-Oeste","51013","Sul Matogrossense","51013","MACRORREGIAO SUL"
510450,"Indiavaí","Mato Grosso","Centro-Oeste","51011","Oeste Matogrossense","51011","MACRORREGIAO OESTE"
510452,"Ipiranga do Norte","Mato Grosso","Centro-Oeste","51014","Teles Pires","51014","MACRORREGIAO NORTE"
510454,"Itanhangá","Mato Grosso","Centro-Oeste","51014","Teles Pires","51014","MACRORREGIAO NORTE"
510455,"Itaúba","Mato Grosso","Centro-Oeste","51010","Norte Matogrossense","51010","MACRORREGIAO NORTE"
510460,"Itiquira","Mato Grosso","Centro-Oeste","51013","Sul Matogrossense","51013","MACRORREGIAO SUL"
510480,"Jaciara","Mato Grosso","Centro-Oeste","51013","Sul Matogrossense","51013","MACRORREGIAO SUL"
510490,"Jangada","Mato Grosso","Centro-Oeste","51002","Baixada Cuiabana","51002","MACRORREGIAO CENTRO-NORTE"
510500,"Jauru","Mato Grosso","Centro-Oeste","51012","Sudoeste Matogrossense","51012","MACRORREGIAO OESTE"
510510,"Juara","Mato Grosso","Centro-Oeste","51016","Vale Dos Arinos","51016","MACRORREGIAO NORTE"
510515,"Juína","Mato Grosso","Centro-Oeste","51008","Noroeste Matogrossense","51008","MACRORREGIAO CENTRO-NOROESTE"
510517,"Juruena","Mato Grosso","Centro-Oeste","51008","Noroeste Matogrossense","51008","MACRORREGIAO CENTRO-NOROESTE"
510520,"Juscimeira","Mato Grosso","Centro-Oeste","51013","Sul Matogrossense","51013","MACRORREGIAO SUL"
510523,"Lambari D'Oeste","Mato Grosso","Centro-Oeste","51011","Oeste Matogrossense","51011","MACRORREGIAO OESTE"
510525,"Lucas do Rio Verde","Mato Grosso","Centro-Oeste","51014","Teles Pires","51014","MACRORREGIAO NORTE"
510530,"Luciara","Mato Grosso","Centro-Oeste","51009","Norte Araguaia Karaja","51009","MACRORREGIAO LESTE"
510558,"Marcelândia","Mato Grosso","Centro-Oeste","51010","Norte Matogrossense","51010","MACRORREGIAO NORTE"
510560,"Matupá","Mato Grosso","Centro-Oeste","51015","Vale Do Peixoto","51015","MACRORREGIAO NORTE"
510562,"Mirassol d'Oeste","Mato Grosso","Centro-Oeste","51011","Oeste Matogrossense","51011","MACRORREGIAO OESTE"
510590,"Nobres","Mato Grosso","Centro-Oeste","51004","Centro Norte","51004","MACRORREGIAO CENTRO-NOROESTE"
510600,"Nortelândia","Mato Grosso","Centro-Oeste","51004","Centro Norte","51004","MACRORREGIAO CENTRO-NOROESTE"
510610,"Nossa Senhora do Livramento","Mato Grosso","Centro-Oeste","51002","Baixada Cuiabana","51002","MACRORREGIAO CENTRO-NORTE"
510615,"Nova Bandeirantes","Mato Grosso","Centro-Oeste","51001","Alto Tapajos","51001","MACRORREGIAO NORTE"
510620,"Nova Brasilândia","Mato Grosso","Centro-Oeste","51002","Baixada Cuiabana","51002","MACRORREGIAO CENTRO-NORTE"
510621,"Nova Canaã do Norte","Mato Grosso","Centro-Oeste","51010","Norte Matogrossense","51010","MACRORREGIAO NORTE"
510880,"Nova Guarita","Mato Grosso","Centro-Oeste","51010","Norte Matogrossense","51010","MACRORREGIAO NORTE"
510618,"Nova Lacerda","Mato Grosso","Centro-Oeste","51012","Sudoeste Matogrossense","51012","MACRORREGIAO OESTE"
510885,"Nova Marilândia","Mato Grosso","Centro-Oeste","51007","Medio Norte Matogrossense","51007","MACRORREGIAO CENTRO-NOROESTE"
510890,"Nova Maringá","Mato Grosso","Centro-Oeste","51004","Centro Norte","51004","MACRORREGIAO CENTRO-NOROESTE"
510895,"Nova Monte Verde","Mato Grosso","Centro-Oeste","51001","Alto Tapajos","51001","MACRORREGIAO NORTE"
510622,"Nova Mutum","Mato Grosso","Centro-Oeste","51014","Teles Pires","51014","MACRORREGIAO NORTE"
510617,"Nova Nazaré","Mato Grosso","Centro-Oeste","51006","Medio Araguaia","51006","MACRORREGIAO LESTE"
510623,"Nova Olímpia","Mato Grosso","Centro-Oeste","51007","Medio Norte Matogrossense","51007","MACRORREGIAO CENTRO-NOROESTE"
510619,"Nova Santa Helena","Mato Grosso","Centro-Oeste","51010","Norte Matogrossense","51010","MACRORREGIAO NORTE"
510624,"Nova Ubiratã","Mato Grosso","Centro-Oeste","51014","Teles Pires","51014","MACRORREGIAO NORTE"
510625,"Nova Xavantina","Mato Grosso","Centro-Oeste","51005","Garcas Araguaia","51005","MACRORREGIAO LESTE"
510627,"Novo Horizonte do Norte","Mato Grosso","Centro-Oeste","51016","Vale Dos Arinos","51016","MACRORREGIAO NORTE"
510626,"Novo Mundo","Mato Grosso","Centro-Oeste","51015","Vale Do Peixoto","51015","MACRORREGIAO NORTE"
510631,"Novo Santo Antônio","Mato Grosso","Centro-Oeste","51009","Norte Araguaia Karaja","51009","MACRORREGIAO LESTE"
510628,"Novo São Joaquim","Mato Grosso","Centro-Oeste","51005","Garcas Araguaia","51005","MACRORREGIAO LESTE"
510629,"Paranaíta","Mato Grosso","Centro-Oeste","51001","Alto Tapajos","51001","MACRORREGIAO NORTE"
510630,"Paranatinga","Mato Grosso","Centro-Oeste","51013","Sul Matogrossense","51013","MACRORREGIAO SUL"
510637,"Pedra Preta","Mato Grosso","Centro-Oeste","51013","Sul Matogrossense","51013","MACRORREGIAO SUL"
510642,"Peixoto de Azevedo","Mato Grosso","Centro-Oeste","51015","Vale Do Peixoto","51015","MACRORREGIAO NORTE"
510645,"Planalto da Serra","Mato Grosso","Centro-Oeste","51002","Baixada Cuiabana","51002","MACRORREGIAO CENTRO-NORTE"
510650,"Poconé","Mato Grosso","Centro-Oeste","51002","Baixada Cuiabana","51002","MACRORREGIAO CENTRO-NORTE"
510665,"Pontal do Araguaia","Mato Grosso","Centro-Oeste","51005","Garcas Araguaia","51005","MACRORREGIAO LESTE"
510670,"Ponte Branca","Mato Grosso","Centro-Oeste","51005","Garcas Araguaia","51005","MACRORREGIAO LESTE"
510675,"Pontes e Lacerda","Mato Grosso","Centro-Oeste","51012","Sudoeste Matogrossense","51012","MACRORREGIAO OESTE"
510677,"Porto Alegre do Norte","Mato Grosso","Centro-Oeste","51003","Araguaia Xingu","51003","MACRORREGIAO LESTE"
510680,"Porto dos Gaúchos","Mato Grosso","Centro-Oeste","51016","Vale Dos Arinos","51016","MACRORREGIAO NORTE"
510682,"Porto Esperidião","Mato Grosso","Centro-Oeste","51011","Oeste Matogrossense","51011","MACRORREGIAO OESTE"
510685,"Porto Estrela","Mato Grosso","Centro-Oeste","51007","Medio Norte Matogrossense","51007","MACRORREGIAO CENTRO-NOROESTE"
510700,"Poxoréu","Mato Grosso","Centro-Oeste","51013","Sul Matogrossense","51013","MACRORREGIAO SUL"
510704,"Primavera do Leste","Mato Grosso","Centro-Oeste","51013","Sul Matogrossense","51013","MACRORREGIAO SUL"
510706,"Querência","Mato Grosso","Centro-Oeste","51006","Medio Araguaia","51006","MACRORREGIAO LESTE"
510715,"Reserva do Cabaçal","Mato Grosso","Centro-Oeste","51011","Oeste Matogrossense","51011","MACRORREGIAO OESTE"
510718,"Ribeirão Cascalheira","Mato Grosso","Centro-Oeste","51006","Medio Araguaia","51006","MACRORREGIAO LESTE"
510719,"Ribeirãozinho","Mato Grosso","Centro-Oeste","51005","Garcas Araguaia","51005","MACRORREGIAO LESTE"
510720,"Rio Branco","Mato Grosso","Centro-Oeste","51011","Oeste Matogrossense","51011","MACRORREGIAO OESTE"
510757,"Rondolândia","Mato Grosso","Centro-Oeste","51012","Sudoeste Matogrossense","51012","MACRORREGIAO OESTE"
510760,"Rondonópolis","Mato Grosso","Centro-Oeste","51013","Sul Matogrossense","51013","MACRORREGIAO SUL"
510770,"Rosário Oeste","Mato Grosso","Centro-Oeste","51004","Centro Norte","51004","MACRORREGIAO CENTRO-NOROESTE"
510775,"Salto do Céu","Mato Grosso","Centro-Oeste","51011","Oeste Matogrossense","51011","MACRORREGIAO OESTE"
510724,"Santa Carmem","Mato Grosso","Centro-Oeste","51014","Teles Pires","51014","MACRORREGIAO NORTE"
510774,"Santa Cruz do Xingu","Mato Grosso","Centro-Oeste","51003","Araguaia Xingu","51003","MACRORREGIAO LESTE"
510776,"Santa Rita do Trivelato","Mato Grosso","Centro-Oeste","51014","Teles Pires","51014","MACRORREGIAO NORTE"
510777,"Santa Terezinha","Mato Grosso","Centro-Oeste","51003","Araguaia Xingu","51003","MACRORREGIAO LESTE"
510726,"Santo Afonso","Mato Grosso","Centro-Oeste","51007","Medio Norte Matogrossense","51007","MACRORREGIAO CENTRO-NOROESTE"
510779,"Santo Antônio do Leste","Mato Grosso","Centro-Oeste","51013","Sul Matogrossense","51013","MACRORREGIAO SUL"
510780,"Santo Antônio do Leverger","Mato Grosso","Centro-Oeste","51002","Baixada Cuiabana","51002","MACRORREGIAO CENTRO-NORTE"
510785,"São Félix do Araguaia","Mato Grosso","Centro-Oeste","51009","Norte Araguaia Karaja","51009","MACRORREGIAO LESTE"
510729,"São José do Povo","Mato Grosso","Centro-Oeste","51013","Sul Matogrossense","51013","MACRORREGIAO SUL"
510730,"São José do Rio Claro","Mato Grosso","Centro-Oeste","51004","Centro Norte","51004","MACRORREGIAO CENTRO-NOROESTE"
510735,"São José do Xingu","Mato Grosso","Centro-Oeste","51003","Araguaia Xingu","51003","MACRORREGIAO LESTE"
510710,"São José dos Quatro Marcos","Mato Grosso","Centro-Oeste","51011","Oeste Matogrossense","51011","MACRORREGIAO OESTE"
510740,"São Pedro da Cipa","Mato Grosso","Centro-Oeste","51013","Sul Matogrossense","51013","MACRORREGIAO SUL"
510787,"Sapezal","Mato Grosso","Centro-Oeste","51007","Medio Norte Matogrossense","51007","MACRORREGIAO CENTRO-NOROESTE"
510788,"Serra Nova Dourada","Mato Grosso","Centro-Oeste","51009","Norte Araguaia Karaja","51009","MACRORREGIAO LESTE"
510790,"Sinop","Mato Grosso","Centro-Oeste","51014","Teles Pires","51014","MACRORREGIAO NORTE"
510792,"Sorriso","Mato Grosso","Centro-Oeste","51014","Teles Pires","51014","MACRORREGIAO NORTE"
510794,"Tabaporã","Mato Grosso","Centro-Oeste","51016","Vale Dos Arinos","51016","MACRORREGIAO NORTE"
510795,"Tangará da Serra","Mato Grosso","Centro-Oeste","51007","Medio Norte Matogrossense","51007","MACRORREGIAO CENTRO-NOROESTE"
510800,"Tapurah","Mato Grosso","Centro-Oeste","51014","Teles Pires","51014","MACRORREGIAO NORTE"
510805,"Terra Nova do Norte","Mato Grosso","Centro-Oeste","51015","Vale Do Peixoto","51015","MACRORREGIAO NORTE"
510810,"Tesouro","Mato Grosso","Centro-Oeste","51013","Sul Matogrossense","51013","MACRORREGIAO SUL"
510820,"Torixoréu","Mato Grosso","Centro-Oeste","51005","Garcas Araguaia","51005","MACRORREGIAO LESTE"
510830,"União do Sul","Mato Grosso","Centro-Oeste","51014","Teles Pires","51014","MACRORREGIAO NORTE"
510835,"Vale de São Domingos","Mato Grosso","Centro-Oeste","51012","Sudoeste Matogrossense","51012","MACRORREGIAO OESTE"
510840,"Várzea Grande","Mato Grosso","Centro-Oeste","51002","Baixada Cuiabana","51002","MACRORREGIAO CENTRO-NORTE"
510850,"Vera","Mato Grosso","Centro-Oeste","51014","Teles Pires","51014","MACRORREGIAO NORTE"
510550,"Vila Bela da Santíssima Trindade","Mato Grosso","Centro-Oeste","51012","Sudoeste Matogrossense","51012","MACRORREGIAO OESTE"
510860,"Vila Rica","Mato Grosso","Centro-Oeste","51003","Araguaia Xingu","51003","MACRORREGIAO LESTE"
520005,"Abadia de Goiás","Goiás","Centro-Oeste","52001","Central","52001","MACRORREGIAO CENTRO-OESTE"
520010,"Abadiânia","Goiás","Centro-Oeste","52011","Pirineus","52011","MACRORREGIAO CENTRO-NORTE"
520013,"Acreúna","Goiás","Centro-Oeste","52015","Sudoeste I","52015","MACRORREGIAO SUDOESTE"
520015,"Adelândia","Goiás","Centro-Oeste","52010","Oeste II","52010","MACRORREGIAO CENTRO-OESTE"
520017,"Água Fria de Goiás","Goiás","Centro-Oeste","52003","Entorno Norte","52003","MACRORREGIAO NORDESTE"
520020,"Água Limpa","Goiás","Centro-Oeste","52017","Sul","52017","MACRORREGIAO CENTRO SUDESTE"
520025,"Águas Lindas de Goiás","Goiás","Centro-Oeste","52004","Entorno Sul","52004","MACRORREGIAO NORDESTE"
520030,"Alexânia","Goiás","Centro-Oeste","52011","Pirineus","52011","MACRORREGIAO CENTRO-NORTE"
520050,"Aloândia","Goiás","Centro-Oeste","52017","Sul","52017","MACRORREGIAO CENTRO SUDESTE"
520055,"Alto Horizonte","Goiás","Centro-Oeste","52014","Serra Da Mesa","52014","MACRORREGIAO CENTRO-NORTE"
520060,"Alto Paraíso de Goiás","Goiás","Centro-Oeste","52003","Entorno Norte","52003","MACRORREGIAO NORDESTE"
520080,"Alvorada do Norte","Goiás","Centro-Oeste","52007","Nordeste II","52007","MACRORREGIAO NORDESTE"
520082,"Amaralina","Goiás","Centro-Oeste","52014","Serra Da Mesa","52014","MACRORREGIAO CENTRO-NORTE"
520085,"Americano do Brasil","Goiás","Centro-Oeste","52012","Rio Vermelho","52012","MACRORREGIAO CENTRO-OESTE"
520090,"Amorinópolis","Goiás","Centro-Oeste","52009","Oeste I","52009","MACRORREGIAO CENTRO-OESTE"
520110,"Anápolis","Goiás","Centro-Oeste","52011","Pirineus","52011","MACRORREGIAO CENTRO-NORTE"
520120,"Anhanguera","Goiás","Centro-Oeste","52005","Estrada De Ferro","52005","MACRORREGIAO CENTRO SUDESTE"
520130,"Anicuns","Goiás","Centro-Oeste","52001","Central","52001","MACRORREGIAO CENTRO-OESTE"
520140,"Aparecida de Goiânia","Goiás","Centro-Oeste","52002","Centro Sul","52002","MACRORREGIAO CENTRO SUDESTE"
520145,"Aparecida do Rio Doce","Goiás","Centro-Oeste","52015","Sudoeste I","52015","MACRORREGIAO SUDOESTE"
520150,"Aporé","Goiás","Centro-Oeste","52016","Sudoeste II","52016","MACRORREGIAO SUDOESTE"
520160,"Araçu","Goiás","Centro-Oeste","52001","Central","52001","MACRORREGIAO CENTRO-OESTE"
520170,"Aragarças","Goiás","Centro-Oeste","52009","Oeste I","52009","MACRORREGIAO CENTRO-OESTE"
520180,"Aragoiânia","Goiás","Centro-Oeste","52002","Centro Sul","52002","MACRORREGIAO CENTRO SUDESTE"
520215,"Araguapaz","Goiás","Centro-Oeste","52012","Rio Vermelho","52012","MACRORREGIAO CENTRO-OESTE"
520235,"Arenópolis","Goiás","Centro-Oeste","52009","Oeste I","52009","MACRORREGIAO CENTRO-OESTE"
520250,"Aruanã","Goiás","Centro-Oeste","52012","Rio Vermelho","52012","MACRORREGIAO CENTRO-OESTE"
520260,"Aurilândia","Goiás","Centro-Oeste","52010","Oeste II","52010","MACRORREGIAO CENTRO-OESTE"
520280,"Avelinópolis","Goiás","Centro-Oeste","52001","Central","52001","MACRORREGIAO CENTRO-OESTE"
520310,"Baliza","Goiás","Centro-Oeste","52009","Oeste I","52009","MACRORREGIAO CENTRO-OESTE"
520320,"Barro Alto","Goiás","Centro-Oeste","52018","Sao Patricio II","52018","MACRORREGIAO CENTRO-NORTE"
520330,"Bela Vista de Goiás","Goiás","Centro-Oeste","52002","Centro Sul","52002","MACRORREGIAO CENTRO SUDESTE"
520340,"Bom Jardim de Goiás","Goiás","Centro-Oeste","52009","Oeste I","52009","MACRORREGIAO CENTRO-OESTE"
520350,"Bom Jesus de Goiás","Goiás","Centro-Oeste","52017","Sul","52017","MACRORREGIAO CENTRO SUDESTE"
520355,"Bonfinópolis","Goiás","Centro-Oeste","52002","Centro Sul","52002","MACRORREGIAO CENTRO SUDESTE"
520357,"Bonópolis","Goiás","Centro-Oeste","52008","Norte","52008","MACRORREGIAO CENTRO-NORTE"
520360,"Brazabrantes","Goiás","Centro-Oeste","52001","Central","52001","MACRORREGIAO CENTRO-OESTE"
520380,"Britânia","Goiás","Centro-Oeste","52012","Rio Vermelho","52012","MACRORREGIAO CENTRO-OESTE"
520390,"Buriti Alegre","Goiás","Centro-Oeste","52017","Sul","52017","MACRORREGIAO CENTRO SUDESTE"
520393,"Buriti de Goiás","Goiás","Centro-Oeste","52010","Oeste II","52010","MACRORREGIAO CENTRO-OESTE"
520396,"Buritinópolis","Goiás","Centro-Oeste","52007","Nordeste II","52007","MACRORREGIAO NORDESTE"
520400,"Cabeceiras","Goiás","Centro-Oeste","52003","Entorno Norte","52003","MACRORREGIAO NORDESTE"
520410,"Cachoeira Alta","Goiás","Centro-Oeste","52015","Sudoeste I","52015","MACRORREGIAO SUDOESTE"
520420,"Cachoeira de Goiás","Goiás","Centro-Oeste","52010","Oeste II","52010","MACRORREGIAO CENTRO-OESTE"
520425,"Cachoeira Dourada","Goiás","Centro-Oeste","52017","Sul","52017","MACRORREGIAO CENTRO SUDESTE"
520430,"Caçu","Goiás","Centro-Oeste","52015","Sudoeste I","52015","MACRORREGIAO SUDOESTE"
520440,"Caiapônia","Goiás","Centro-Oeste","52016","Sudoeste II","52016","MACRORREGIAO SUDOESTE"
520450,"Caldas Novas","Goiás","Centro-Oeste","52005","Estrada De Ferro","52005","MACRORREGIAO CENTRO SUDESTE"
520455,"Caldazinha","Goiás","Centro-Oeste","52002","Centro Sul","52002","MACRORREGIAO CENTRO SUDESTE"
520460,"Campestre de Goiás","Goiás","Centro-Oeste","52001","Central","52001","MACRORREGIAO CENTRO-OESTE"
520465,"Campinaçu","Goiás","Centro-Oeste","52008","Norte","52008","MACRORREGIAO CENTRO-NORTE"
520470,"Campinorte","Goiás","Centro-Oeste","52014","Serra Da Mesa","52014","MACRORREGIAO CENTRO-NORTE"
520480,"Campo Alegre de Goiás","Goiás","Centro-Oeste","52005","Estrada De Ferro","52005","MACRORREGIAO CENTRO SUDESTE"
520485,"Campo Limpo de Goiás","Goiás","Centro-Oeste","52011","Pirineus","52011","MACRORREGIAO CENTRO-NORTE"
520490,"Campos Belos","Goiás","Centro-Oeste","52006","Nordeste I","52006","MACRORREGIAO NORDESTE"
520495,"Campos Verdes","Goiás","Centro-Oeste","52013","Sao Patricio I","52013","MACRORREGIAO CENTRO-NORTE"
520500,"Carmo do Rio Verde","Goiás","Centro-Oeste","52013","Sao Patricio I","52013","MACRORREGIAO CENTRO-NORTE"
520505,"Castelândia","Goiás","Centro-Oeste","52015","Sudoeste I","52015","MACRORREGIAO SUDOESTE"
520510,"Catalão","Goiás","Centro-Oeste","52005","Estrada De Ferro","52005","MACRORREGIAO CENTRO SUDESTE"
520520,"Caturaí","Goiás","Centro-Oeste","52001","Central","52001","MACRORREGIAO CENTRO-OESTE"
520530,"Cavalcante","Goiás","Centro-Oeste","52006","Nordeste I","52006","MACRORREGIAO NORDESTE"
520540,"Ceres","Goiás","Centro-Oeste","52013","Sao Patricio I","52013","MACRORREGIAO CENTRO-NORTE"
520545,"Cezarina","Goiás","Centro-Oeste","52002","Centro Sul","52002","MACRORREGIAO CENTRO SUDESTE"
520547,"Chapadão do Céu","Goiás","Centro-Oeste","52016","Sudoeste II","52016","MACRORREGIAO SUDOESTE"
520549,"Cidade Ocidental","Goiás","Centro-Oeste","52004","Entorno Sul","52004","MACRORREGIAO NORDESTE"
520551,"Cocalzinho de Goiás","Goiás","Centro-Oeste","52011","Pirineus","52011","MACRORREGIAO CENTRO-NORTE"
520552,"Colinas do Sul","Goiás","Centro-Oeste","52014","Serra Da Mesa","52014","MACRORREGIAO CENTRO-NORTE"
520570,"Córrego do Ouro","Goiás","Centro-Oeste","52010","Oeste II","52010","MACRORREGIAO CENTRO-OESTE"
520580,"Corumbá de Goiás","Goiás","Centro-Oeste","52011","Pirineus","52011","MACRORREGIAO CENTRO-NORTE"
520590,"Corumbaíba","Goiás","Centro-Oeste","52005","Estrada De Ferro","52005","MACRORREGIAO CENTRO SUDESTE"
520620,"Cristalina","Goiás","Centro-Oeste","52004","Entorno Sul","52004","MACRORREGIAO NORDESTE"
520630,"Cristianópolis","Goiás","Centro-Oeste","52002","Centro Sul","52002","MACRORREGIAO CENTRO SUDESTE"
520640,"Crixás","Goiás","Centro-Oeste","52013","Sao Patricio I","52013","MACRORREGIAO CENTRO-NORTE"
520650,"Cromínia","Goiás","Centro-Oeste","52002","Centro Sul","52002","MACRORREGIAO CENTRO SUDESTE"
520660,"Cumari","Goiás","Centro-Oeste","52005","Estrada De Ferro","52005","MACRORREGIAO CENTRO SUDESTE"
520670,"Damianópolis","Goiás","Centro-Oeste","52007","Nordeste II","52007","MACRORREGIAO NORDESTE"
520680,"Damolândia","Goiás","Centro-Oeste","52001","Central","52001","MACRORREGIAO CENTRO-OESTE"
520690,"Davinópolis","Goiás","Centro-Oeste","52005","Estrada De Ferro","52005","MACRORREGIAO CENTRO SUDESTE"
520710,"Diorama","Goiás","Centro-Oeste","52009","Oeste I","52009","MACRORREGIAO CENTRO-OESTE"
520830,"Divinópolis de Goiás","Goiás","Centro-Oeste","52006","Nordeste I","52006","MACRORREGIAO NORDESTE"
520725,"Doverlândia","Goiás","Centro-Oeste","52016","Sudoeste II","52016","MACRORREGIAO SUDOESTE"
520735,"Edealina","Goiás","Centro-Oeste","52002","Centro Sul","52002","MACRORREGIAO CENTRO SUDESTE"
520740,"Edéia","Goiás","Centro-Oeste","52002","Centro Sul","52002","MACRORREGIAO CENTRO SUDESTE"
520750,"Estrela do Norte","Goiás","Centro-Oeste","52008","Norte","52008","MACRORREGIAO CENTRO-NORTE"
520753,"Faina","Goiás","Centro-Oeste","52012","Rio Vermelho","52012","MACRORREGIAO CENTRO-OESTE"
520760,"Fazenda Nova","Goiás","Centro-Oeste","52009","Oeste I","52009","MACRORREGIAO CENTRO-OESTE"
520780,"Firminópolis","Goiás","Centro-Oeste","52010","Oeste II","52010","MACRORREGIAO CENTRO-OESTE"
520790,"Flores de Goiás","Goiás","Centro-Oeste","52003","Entorno Norte","52003","MACRORREGIAO NORDESTE"
520800,"Formosa","Goiás","Centro-Oeste","52003","Entorno Norte","52003","MACRORREGIAO NORDESTE"
520810,"Formoso","Goiás","Centro-Oeste","52008","Norte","52008","MACRORREGIAO CENTRO-NORTE"
520815,"Gameleira de Goiás","Goiás","Centro-Oeste","52011","Pirineus","52011","MACRORREGIAO CENTRO-NORTE"
520840,"Goianápolis","Goiás","Centro-Oeste","52011","Pirineus","52011","MACRORREGIAO CENTRO-NORTE"
520850,"Goiandira","Goiás","Centro-Oeste","52005","Estrada De Ferro","52005","MACRORREGIAO CENTRO SUDESTE"
520860,"Goianésia","Goiás","Centro-Oeste","52018","Sao Patricio II","52018","MACRORREGIAO CENTRO-NORTE"
520870,"Goiânia","Goiás","Centro-Oeste","52001","Central","52001","MACRORREGIAO CENTRO-OESTE"
520880,"Goianira","Goiás","Centro-Oeste","52001","Central","52001","MACRORREGIAO CENTRO-OESTE"
520890,"Goiás","Goiás","Centro-Oeste","52012","Rio Vermelho","52012","MACRORREGIAO CENTRO-OESTE"
520910,"Goiatuba","Goiás","Centro-Oeste","52017","Sul","52017","MACRORREGIAO CENTRO SUDESTE"
520915,"Gouvelândia","Goiás","Centro-Oeste","52017","Sul","52017","MACRORREGIAO CENTRO SUDESTE"
520920,"Guapó","Goiás","Centro-Oeste","52001","Central","52001","MACRORREGIAO CENTRO-OESTE"
520929,"Guaraíta","Goiás","Centro-Oeste","52012","Rio Vermelho","52012","MACRORREGIAO CENTRO-OESTE"
520940,"Guarani de Goiás","Goiás","Centro-Oeste","52007","Nordeste II","52007","MACRORREGIAO NORDESTE"
520945,"Guarinos","Goiás","Centro-Oeste","52013","Sao Patricio I","52013","MACRORREGIAO CENTRO-NORTE"
520960,"Heitoraí","Goiás","Centro-Oeste","52012","Rio Vermelho","52012","MACRORREGIAO CENTRO-OESTE"
520970,"Hidrolândia","Goiás","Centro-Oeste","52002","Centro Sul","52002","MACRORREGIAO CENTRO SUDESTE"
520980,"Hidrolina","Goiás","Centro-Oeste","52014","Serra Da Mesa","52014","MACRORREGIAO CENTRO-NORTE"
520990,"Iaciara","Goiás","Centro-Oeste","52007","Nordeste II","52007","MACRORREGIAO NORDESTE"
520993,"Inaciolândia","Goiás","Centro-Oeste","52017","Sul","52017","MACRORREGIAO CENTRO SUDESTE"
520995,"Indiara","Goiás","Centro-Oeste","52002","Centro Sul","52002","MACRORREGIAO CENTRO SUDESTE"
521000,"Inhumas","Goiás","Centro-Oeste","52001","Central","52001","MACRORREGIAO CENTRO-OESTE"
521010,"Ipameri","Goiás","Centro-Oeste","52005","Estrada De Ferro","52005","MACRORREGIAO CENTRO SUDESTE"
521015,"Ipiranga de Goiás","Goiás","Centro-Oeste","52013","Sao Patricio I","52013","MACRORREGIAO CENTRO-NORTE"
521020,"Iporá","Goiás","Centro-Oeste","52009","Oeste I","52009","MACRORREGIAO CENTRO-OESTE"
521030,"Israelândia","Goiás","Centro-Oeste","52009","Oeste I","52009","MACRORREGIAO CENTRO-OESTE"
521040,"Itaberaí","Goiás","Centro-Oeste","52012","Rio Vermelho","52012","MACRORREGIAO CENTRO-OESTE"
521056,"Itaguari","Goiás","Centro-Oeste","52001","Central","52001","MACRORREGIAO CENTRO-OESTE"
521060,"Itaguaru","Goiás","Centro-Oeste","52018","Sao Patricio II","52018","MACRORREGIAO CENTRO-NORTE"
521080,"Itajá","Goiás","Centro-Oeste","52015","Sudoeste I","52015","MACRORREGIAO SUDOESTE"
521090,"Itapaci","Goiás","Centro-Oeste","52013","Sao Patricio I","52013","MACRORREGIAO CENTRO-NORTE"
521100,"Itapirapuã","Goiás","Centro-Oeste","52012","Rio Vermelho","52012","MACRORREGIAO CENTRO-OESTE"
521120,"Itapuranga","Goiás","Centro-Oeste","52012","Rio Vermelho","52012","MACRORREGIAO CENTRO-OESTE"
521130,"Itarumã","Goiás","Centro-Oeste","52015","Sudoeste I","52015","MACRORREGIAO SUDOESTE"
521140,"Itauçu","Goiás","Centro-Oeste","52001","Central","52001","MACRORREGIAO CENTRO-OESTE"
521150,"Itumbiara","Goiás","Centro-Oeste","52017","Sul","52017","MACRORREGIAO CENTRO SUDESTE"
521160,"Ivolândia","Goiás","Centro-Oeste","52009","Oeste I","52009","MACRORREGIAO CENTRO-OESTE"
521170,"Jandaia","Goiás","Centro-Oeste","52002","Centro Sul","52002","MACRORREGIAO CENTRO SUDESTE"
521180,"Jaraguá","Goiás","Centro-Oeste","52018","Sao Patricio II","52018","MACRORREGIAO CENTRO-NORTE"
521190,"Jataí","Goiás","Centro-Oeste","52016","Sudoeste II","52016","MACRORREGIAO SUDOESTE"
521200,"Jaupaci","Goiás","Centro-Oeste","52009","Oeste I","52009","MACRORREGIAO CENTRO-OESTE"
521205,"Jesúpolis","Goiás","Centro-Oeste","52001","Central","52001","MACRORREGIAO CENTRO-OESTE"
521210,"Joviânia","Goiás","Centro-Oeste","52017","Sul","52017","MACRORREGIAO CENTRO SUDESTE"
521220,"Jussara","Goiás","Centro-Oeste","52012","Rio Vermelho","52012","MACRORREGIAO CENTRO-OESTE"
521225,"Lagoa Santa","Goiás","Centro-Oeste","52015","Sudoeste I","52015","MACRORREGIAO SUDOESTE"
521230,"Leopoldo de Bulhões","Goiás","Centro-Oeste","52002","Centro Sul","52002","MACRORREGIAO CENTRO SUDESTE"
521250,"Luziânia","Goiás","Centro-Oeste","52004","Entorno Sul","52004","MACRORREGIAO NORDESTE"
521260,"Mairipotaba","Goiás","Centro-Oeste","52002","Centro Sul","52002","MACRORREGIAO CENTRO SUDESTE"
521270,"Mambaí","Goiás","Centro-Oeste","52007","Nordeste II","52007","MACRORREGIAO NORDESTE"
521280,"Mara Rosa","Goiás","Centro-Oeste","52014","Serra Da Mesa","52014","MACRORREGIAO CENTRO-NORTE"
521290,"Marzagão","Goiás","Centro-Oeste","52005","Estrada De Ferro","52005","MACRORREGIAO CENTRO SUDESTE"
521295,"Matrinchã","Goiás","Centro-Oeste","52012","Rio Vermelho","52012","MACRORREGIAO CENTRO-OESTE"
521300,"Maurilândia","Goiás","Centro-Oeste","52015","Sudoeste I","52015","MACRORREGIAO SUDOESTE"
521305,"Mimoso de Goiás","Goiás","Centro-Oeste","52018","Sao Patricio II","52018","MACRORREGIAO CENTRO-NORTE"
521308,"Minaçu","Goiás","Centro-Oeste","52008","Norte","52008","MACRORREGIAO CENTRO-NORTE"
521310,"Mineiros","Goiás","Centro-Oeste","52016","Sudoeste II","52016","MACRORREGIAO SUDOESTE"
521340,"Moiporá","Goiás","Centro-Oeste","52009","Oeste I","52009","MACRORREGIAO CENTRO-OESTE"
521350,"Monte Alegre de Goiás","Goiás","Centro-Oeste","52006","Nordeste I","52006","MACRORREGIAO NORDESTE"
521370,"Montes Claros de Goiás","Goiás","Centro-Oeste","52009","Oeste I","52009","MACRORREGIAO CENTRO-OESTE"
521375,"Montividiu","Goiás","Centro-Oeste","52015","Sudoeste I","52015","MACRORREGIAO SUDOESTE"
521377,"Montividiu do Norte","Goiás","Centro-Oeste","52008","Norte","52008","MACRORREGIAO CENTRO-NORTE"
521380,"Morrinhos","Goiás","Centro-Oeste","52017","Sul","52017","MACRORREGIAO CENTRO SUDESTE"
521385,"Morro Agudo de Goiás","Goiás","Centro-Oeste","52013","Sao Patricio I","52013","MACRORREGIAO CENTRO-NORTE"
521390,"Mossâmedes","Goiás","Centro-Oeste","52012","Rio Vermelho","52012","MACRORREGIAO CENTRO-OESTE"
521400,"Mozarlândia","Goiás","Centro-Oeste","52012","Rio Vermelho","52012","MACRORREGIAO CENTRO-OESTE"
521405,"Mundo Novo","Goiás","Centro-Oeste","52008","Norte","52008","MACRORREGIAO CENTRO-NORTE"
521410,"Mutunópolis","Goiás","Centro-Oeste","52008","Norte","52008","MACRORREGIAO CENTRO-NORTE"
521440,"Nazário","Goiás","Centro-Oeste","52001","Central","52001","MACRORREGIAO CENTRO-OESTE"
521450,"Nerópolis","Goiás","Centro-Oeste","52001","Central","52001","MACRORREGIAO CENTRO-OESTE"
521460,"Niquelândia","Goiás","Centro-Oeste","52014","Serra Da Mesa","52014","MACRORREGIAO CENTRO-NORTE"
521470,"Nova América","Goiás","Centro-Oeste","52013","Sao Patricio I","52013","MACRORREGIAO CENTRO-NORTE"
521480,"Nova Aurora","Goiás","Centro-Oeste","52005","Estrada De Ferro","52005","MACRORREGIAO CENTRO SUDESTE"
521483,"Nova Crixás","Goiás","Centro-Oeste","52012","Rio Vermelho","52012","MACRORREGIAO CENTRO-OESTE"
521486,"Nova Glória","Goiás","Centro-Oeste","52013","Sao Patricio I","52013","MACRORREGIAO CENTRO-NORTE"
521487,"Nova Iguaçu de Goiás","Goiás","Centro-Oeste","52014","Serra Da Mesa","52014","MACRORREGIAO CENTRO-NORTE"
521490,"Nova Roma","Goiás","Centro-Oeste","52007","Nordeste II","52007","MACRORREGIAO NORDESTE"
521500,"Nova Veneza","Goiás","Centro-Oeste","52001","Central","52001","MACRORREGIAO CENTRO-OESTE"
521520,"Novo Brasil","Goiás","Centro-Oeste","52009","Oeste I","52009","MACRORREGIAO CENTRO-OESTE"
521523,"Novo Gama","Goiás","Centro-Oeste","52004","Entorno Sul","52004","MACRORREGIAO NORDESTE"
521525,"Novo Planalto","Goiás","Centro-Oeste","52008","Norte","52008","MACRORREGIAO CENTRO-NORTE"
521530,"Orizona","Goiás","Centro-Oeste","52002","Centro Sul","52002","MACRORREGIAO CENTRO SUDESTE"
521540,"Ouro Verde de Goiás","Goiás","Centro-Oeste","52001","Central","52001","MACRORREGIAO CENTRO-OESTE"
521550,"Ouvidor","Goiás","Centro-Oeste","52005","Estrada De Ferro","52005","MACRORREGIAO CENTRO SUDESTE"
521560,"Padre Bernardo","Goiás","Centro-Oeste","52018","Sao Patricio II","52018","MACRORREGIAO CENTRO-NORTE"
521565,"Palestina de Goiás","Goiás","Centro-Oeste","52009","Oeste I","52009","MACRORREGIAO CENTRO-OESTE"
521570,"Palmeiras de Goiás","Goiás","Centro-Oeste","52010","Oeste II","52010","MACRORREGIAO CENTRO-OESTE"
521580,"Palmelo","Goiás","Centro-Oeste","52005","Estrada De Ferro","52005","MACRORREGIAO CENTRO SUDESTE"
521590,"Palminópolis","Goiás","Centro-Oeste","52010","Oeste II","52010","MACRORREGIAO CENTRO-OESTE"
521600,"Panamá","Goiás","Centro-Oeste","52017","Sul","52017","MACRORREGIAO CENTRO SUDESTE"
521630,"Paranaiguara","Goiás","Centro-Oeste","52015","Sudoeste I","52015","MACRORREGIAO SUDOESTE"
521640,"Paraúna","Goiás","Centro-Oeste","52010","Oeste II","52010","MACRORREGIAO CENTRO-OESTE"
521645,"Perolândia","Goiás","Centro-Oeste","52016","Sudoeste II","52016","MACRORREGIAO SUDOESTE"
521680,"Petrolina de Goiás","Goiás","Centro-Oeste","52001","Central","52001","MACRORREGIAO CENTRO-OESTE"
521690,"Pilar de Goiás","Goiás","Centro-Oeste","52013","Sao Patricio I","52013","MACRORREGIAO CENTRO-NORTE"
521710,"Piracanjuba","Goiás","Centro-Oeste","52002","Centro Sul","52002","MACRORREGIAO CENTRO SUDESTE"
521720,"Piranhas","Goiás","Centro-Oeste","52009","Oeste I","52009","MACRORREGIAO CENTRO-OESTE"
521730,"Pirenópolis","Goiás","Centro-Oeste","52011","Pirineus","52011","MACRORREGIAO CENTRO-NORTE"
521740,"Pires do Rio","Goiás","Centro-Oeste","52005","Estrada De Ferro","52005","MACRORREGIAO CENTRO SUDESTE"
521760,"Planaltina","Goiás","Centro-Oeste","52003","Entorno Norte","52003","MACRORREGIAO NORDESTE"
521770,"Pontalina","Goiás","Centro-Oeste","52002","Centro Sul","52002","MACRORREGIAO CENTRO SUDESTE"
521800,"Porangatu","Goiás","Centro-Oeste","52008","Norte","52008","MACRORREGIAO CENTRO-NORTE"
521805,"Porteirão","Goiás","Centro-Oeste","52015","Sudoeste I","52015","MACRORREGIAO SUDOESTE"
521810,"Portelândia","Goiás","Centro-Oeste","52016","Sudoeste II","52016","MACRORREGIAO SUDOESTE"
521830,"Posse","Goiás","Centro-Oeste","52007","Nordeste II","52007","MACRORREGIAO NORDESTE"
521839,"Professor Jamil","Goiás","Centro-Oeste","52002","Centro Sul","52002","MACRORREGIAO CENTRO SUDESTE"
521850,"Quirinópolis","Goiás","Centro-Oeste","52015","Sudoeste I","52015","MACRORREGIAO SUDOESTE"
521860,"Rialma","Goiás","Centro-Oeste","52013","Sao Patricio I","52013","MACRORREGIAO CENTRO-NORTE"
521870,"Rianápolis","Goiás","Centro-Oeste","52013","Sao Patricio I","52013","MACRORREGIAO CENTRO-NORTE"
521878,"Rio Quente","Goiás","Centro-Oeste","52005","Estrada De Ferro","52005","MACRORREGIAO CENTRO SUDESTE"
521880,"Rio Verde","Goiás","Centro-Oeste","52015","Sudoeste I","52015","MACRORREGIAO SUDOESTE"
521890,"Rubiataba","Goiás","Centro-Oeste","52013","Sao Patricio I","52013","MACRORREGIAO CENTRO-NORTE"
521900,"Sanclerlândia","Goiás","Centro-Oeste","52010","Oeste II","52010","MACRORREGIAO CENTRO-OESTE"
521910,"Santa Bárbara de Goiás","Goiás","Centro-Oeste","52001","Central","52001","MACRORREGIAO CENTRO-OESTE"
521920,"Santa Cruz de Goiás","Goiás","Centro-Oeste","52005","Estrada De Ferro","52005","MACRORREGIAO CENTRO SUDESTE"
521925,"Santa Fé de Goiás","Goiás","Centro-Oeste","52012","Rio Vermelho","52012","MACRORREGIAO CENTRO-OESTE"
521930,"Santa Helena de Goiás","Goiás","Centro-Oeste","52015","Sudoeste I","52015","MACRORREGIAO SUDOESTE"
521935,"Santa Isabel","Goiás","Centro-Oeste","52013","Sao Patricio I","52013","MACRORREGIAO CENTRO-NORTE"
521940,"Santa Rita do Araguaia","Goiás","Centro-Oeste","52016","Sudoeste II","52016","MACRORREGIAO SUDOESTE"
521945,"Santa Rita do Novo Destino","Goiás","Centro-Oeste","52018","Sao Patricio II","52018","MACRORREGIAO CENTRO-NORTE"
521950,"Santa Rosa de Goiás","Goiás","Centro-Oeste","52001","Central","52001","MACRORREGIAO CENTRO-OESTE"
521960,"Santa Tereza de Goiás","Goiás","Centro-Oeste","52008","Norte","52008","MACRORREGIAO CENTRO-NORTE"
521970,"Santa Terezinha de Goiás","Goiás","Centro-Oeste","52013","Sao Patricio I","52013","MACRORREGIAO CENTRO-NORTE"
521971,"Santo Antônio da Barra","Goiás","Centro-Oeste","52015","Sudoeste I","52015","MACRORREGIAO SUDOESTE"
521973,"Santo Antônio de Goiás","Goiás","Centro-Oeste","52001","Central","52001","MACRORREGIAO CENTRO-OESTE"
521975,"Santo Antônio do Descoberto","Goiás","Centro-Oeste","52004","Entorno Sul","52004","MACRORREGIAO NORDESTE"
521980,"São Domingos","Goiás","Centro-Oeste","52007","Nordeste II","52007","MACRORREGIAO NORDESTE"
521990,"São Francisco de Goiás","Goiás","Centro-Oeste","52001","Central","52001","MACRORREGIAO CENTRO-OESTE"
522000,"São João d'Aliança","Goiás","Centro-Oeste","52003","Entorno Norte","52003","MACRORREGIAO NORDESTE"
522005,"São João da Paraúna","Goiás","Centro-Oeste","52010","Oeste II","52010","MACRORREGIAO CENTRO-OESTE"
522010,"São Luís de Montes Belos","Goiás","Centro-Oeste","52010","Oeste II","52010","MACRORREGIAO CENTRO-OESTE"
522015,"São Luiz do Norte","Goiás","Centro-Oeste","52013","Sao Patricio I","52013","MACRORREGIAO CENTRO-NORTE"
522020,"São Miguel do Araguaia","Goiás","Centro-Oeste","52008","Norte","52008","MACRORREGIAO CENTRO-NORTE"
522026,"São Miguel do Passa Quatro","Goiás","Centro-Oeste","52002","Centro Sul","52002","MACRORREGIAO CENTRO SUDESTE"
522028,"São Patrício","Goiás","Centro-Oeste","52013","Sao Patricio I","52013","MACRORREGIAO CENTRO-NORTE"
522040,"São Simão","Goiás","Centro-Oeste","52015","Sudoeste I","52015","MACRORREGIAO SUDOESTE"
522045,"Senador Canedo","Goiás","Centro-Oeste","52002","Centro Sul","52002","MACRORREGIAO CENTRO SUDESTE"
522050,"Serranópolis","Goiás","Centro-Oeste","52016","Sudoeste II","52016","MACRORREGIAO SUDOESTE"
522060,"Silvânia","Goiás","Centro-Oeste","52002","Centro Sul","52002","MACRORREGIAO CENTRO SUDESTE"
522068,"Simolândia","Goiás","Centro-Oeste","52007","Nordeste II","52007","MACRORREGIAO NORDESTE"
522070,"Sítio d'Abadia","Goiás","Centro-Oeste","52007","Nordeste II","52007","MACRORREGIAO NORDESTE"
522100,"Taquaral de Goiás","Goiás","Centro-Oeste","52001","Central","52001","MACRORREGIAO CENTRO-OESTE"
522108,"Teresina de Goiás","Goiás","Centro-Oeste","52006","Nordeste I","52006","MACRORREGIAO NORDESTE"
522119,"Terezópolis de Goiás","Goiás","Centro-Oeste","52011","Pirineus","52011","MACRORREGIAO CENTRO-NORTE"
522130,"Três Ranchos","Goiás","Centro-Oeste","52005","Estrada De Ferro","52005","MACRORREGIAO CENTRO SUDESTE"
522140,"Trindade","Goiás","Centro-Oeste","52001","Central","52001","MACRORREGIAO CENTRO-OESTE"
522145,"Trombas","Goiás","Centro-Oeste","52008","Norte","52008","MACRORREGIAO CENTRO-NORTE"
522150,"Turvânia","Goiás","Centro-Oeste","52010","Oeste II","52010","MACRORREGIAO CENTRO-OESTE"
522155,"Turvelândia","Goiás","Centro-Oeste","52015","Sudoeste I","52015","MACRORREGIAO SUDOESTE"
522157,"Uirapuru","Goiás","Centro-Oeste","52013","Sao Patricio I","52013","MACRORREGIAO CENTRO-NORTE"
522160,"Uruaçu","Goiás","Centro-Oeste","52014","Serra Da Mesa","52014","MACRORREGIAO CENTRO-NORTE"
522170,"Uruana","Goiás","Centro-Oeste","52013","Sao Patricio I","52013","MACRORREGIAO CENTRO-NORTE"
522180,"Urutaí","Goiás","Centro-Oeste","52005","Estrada De Ferro","52005","MACRORREGIAO CENTRO SUDESTE"
522185,"Valparaíso de Goiás","Goiás","Centro-Oeste","52004","Entorno Sul","52004","MACRORREGIAO NORDESTE"
522190,"Varjão","Goiás","Centro-Oeste","52002","Centro Sul","52002","MACRORREGIAO CENTRO SUDESTE"
522200,"Vianópolis","Goiás","Centro-Oeste","52002","Centro Sul","52002","MACRORREGIAO CENTRO SUDESTE"
522205,"Vicentinópolis","Goiás","Centro-Oeste","52002","Centro Sul","52002","MACRORREGIAO CENTRO SUDESTE"
522220,"Vila Boa","Goiás","Centro-Oeste","52003","Entorno Norte","52003","MACRORREGIAO NORDESTE"
522230,"Vila Propício","Goiás","Centro-Oeste","52018","Sao Patricio II","52018","MACRORREGIAO CENTRO-NORTE"
530010,"Brasília","Distrito Federal","Centro-Oeste","53001","Distrito Federal","53001","DISTRITO FEDERAL"
150475,"Mojuí dos Campos","Pará","Norte","15002","Baixo Amazonas","15002","MACRORREGIONAL III"
422000,"Balneário Rincão","Santa Catarina","Sul","42015","Carbonifera","42015","SUL"
421265,"Pescaria Brava","Santa Catarina","Sul","42016","Laguna","42016","SUL"
431454,"Pinto Bandeira","Rio Grande do Sul","Sul","43025","Regiao 25","43025","SERRA"
500627,"Paraíso das Águas","Mato Grosso do Sul","Centro-Oeste","50014","Nordeste","50014","COSTA LESTE"
